source_label_cn,display_zh,role_zh,purpose_zh,use_case_zh,example_value,example_status,example_url,example_retrieved_at,record_type_en,record_type_zh,english_path,api_id,label_source,kind,source_id,spider_id,entity_id,source_revision
币安 USDT-M 永续合约,全市场账户多空比,记录类型,这类记录包含下列可展开的字段定义。,先选择记录类型，再查看字段用途与返回样本。,,unavailable,,,global_long_short_account_ratio,全市场账户多空比,global_long_short_account_ratio,binance-futures.global_long_short_account_ratio,app,record_type,binance-futures,binance-futures,binance-futures.global_long_short_account_ratio,sha256:f1620ffa32315698b375587fe1c122404db9b82a56c98e66940100518206b35c
币安 USDT-M 永续合约,基础资产,对象识别,指出交易对中的基础资产，用来把不同合约归到同一资产。,例如把同一对象在不同时间的记录对齐，再比较指标变化。,BTC,transformed_test_fixture,https://github.com/cyberight-cap/fewunderstand/blob/23a854c2a02e6b52e424844648d4026737361caa/spider/binance-futures/tests/fixtures/raw_records.json,,global_long_short_account_ratio,全市场账户多空比,base_asset,binance-futures.global_long_short_account_ratio.base_asset,app,field,binance-futures,binance-futures,binance-futures.global_long_short_account_ratio,sha256:f1620ffa32315698b375587fe1c122404db9b82a56c98e66940100518206b35c
币安 USDT-M 永续合约,数据对象,原始或结构数据,装载这一类记录的主要业务数据；应继续展开具体子字段。,点开返回样本核对内部键，再决定是否需要提取为独立字段。,"{""long_short_ratio"": ""0.1960"", ""long_proportion"": ""0.9613"", ""short_proportion"": ""0.0387""}",transformed_test_fixture,https://github.com/cyberight-cap/fewunderstand/blob/23a854c2a02e6b52e424844648d4026737361caa/spider/binance-futures/tests/fixtures/raw_records.json,,global_long_short_account_ratio,全市场账户多空比,data,binance-futures.global_long_short_account_ratio.data,app,field,binance-futures,binance-futures,binance-futures.global_long_short_account_ratio,sha256:f1620ffa32315698b375587fe1c122404db9b82a56c98e66940100518206b35c
币安 USDT-M 永续合约,多头占比,衡量指标,记录统计对象中多头一侧的占比；比较前需确认统计人群。,例如在“全市场账户多空比”中按对象和时间窗比较这个值；计算前先核对单位与口径。,0.9613,transformed_test_fixture,https://github.com/cyberight-cap/fewunderstand/blob/23a854c2a02e6b52e424844648d4026737361caa/spider/binance-futures/tests/fixtures/raw_records.json,,global_long_short_account_ratio,全市场账户多空比,data.long_proportion,binance-futures.global_long_short_account_ratio.data.long_proportion,app,field,binance-futures,binance-futures,binance-futures.global_long_short_account_ratio,sha256:f1620ffa32315698b375587fe1c122404db9b82a56c98e66940100518206b35c
币安 USDT-M 永续合约,多空比,衡量指标,记录多头与空头的比值；比较前需确认账户或持仓口径。,例如在相同统计人群与周期下跟踪多空比趋势，避免直接与另一口径的比值比较。,0.1960,transformed_test_fixture,https://github.com/cyberight-cap/fewunderstand/blob/23a854c2a02e6b52e424844648d4026737361caa/spider/binance-futures/tests/fixtures/raw_records.json,,global_long_short_account_ratio,全市场账户多空比,data.long_short_ratio,binance-futures.global_long_short_account_ratio.data.long_short_ratio,app,field,binance-futures,binance-futures,binance-futures.global_long_short_account_ratio,sha256:f1620ffa32315698b375587fe1c122404db9b82a56c98e66940100518206b35c
币安 USDT-M 永续合约,空头占比,衡量指标,记录统计对象中空头一侧的占比；比较前需确认统计人群。,例如在“全市场账户多空比”中按对象和时间窗比较这个值；计算前先核对单位与口径。,0.0387,transformed_test_fixture,https://github.com/cyberight-cap/fewunderstand/blob/23a854c2a02e6b52e424844648d4026737361caa/spider/binance-futures/tests/fixtures/raw_records.json,,global_long_short_account_ratio,全市场账户多空比,data.short_proportion,binance-futures.global_long_short_account_ratio.data.short_proportion,app,field,binance-futures,binance-futures,binance-futures.global_long_short_account_ratio,sha256:f1620ffa32315698b375587fe1c122404db9b82a56c98e66940100518206b35c
币安 USDT-M 永续合约,去重键,来源与溯源,保存同一市场记录的去重键，用于避免重复计算。,例如排查一条指标的来源或重复记录时，用它回到原始查询和处理链。,binance_futures:global_long_short_account_ratio:BTCUSDT:5m:1583139600000,transformed_test_fixture,https://github.com/cyberight-cap/fewunderstand/blob/23a854c2a02e6b52e424844648d4026737361caa/spider/binance-futures/tests/fixtures/raw_records.json,,global_long_short_account_ratio,全市场账户多空比,dedupe_key,binance-futures.global_long_short_account_ratio.dedupe_key,app,field,binance-futures,binance-futures,binance-futures.global_long_short_account_ratio,sha256:f1620ffa32315698b375587fe1c122404db9b82a56c98e66940100518206b35c
币安 USDT-M 永续合约,事件时间（毫秒）,时间定位,记录交易所事件时间（毫秒），用于对齐行情窗口。,例如按同一时间窗分组，并检查记录是否过时。,1583139600000,transformed_test_fixture,https://github.com/cyberight-cap/fewunderstand/blob/23a854c2a02e6b52e424844648d4026737361caa/spider/binance-futures/tests/fixtures/raw_records.json,,global_long_short_account_ratio,全市场账户多空比,event_time_ms,binance-futures.global_long_short_account_ratio.event_time_ms,app,field,binance-futures,binance-futures,binance-futures.global_long_short_account_ratio,sha256:f1620ffa32315698b375587fe1c122404db9b82a56c98e66940100518206b35c
币安 USDT-M 永续合约,交易所,对象识别,标记数据所属交易所，用于区分市场来源。,例如把同一对象在不同时间的记录对齐，再比较指标变化。,binance,transformed_test_fixture,https://github.com/cyberight-cap/fewunderstand/blob/23a854c2a02e6b52e424844648d4026737361caa/spider/binance-futures/tests/fixtures/raw_records.json,,global_long_short_account_ratio,全市场账户多空比,exchange,binance-futures.global_long_short_account_ratio.exchange,app,field,binance-futures,binance-futures,binance-futures.global_long_short_account_ratio,sha256:f1620ffa32315698b375587fe1c122404db9b82a56c98e66940100518206b35c
币安 USDT-M 永续合约,入库时间,时间定位,记录转换器处理数据的时间，用于排查处理延迟。,例如按同一时间窗分组，并检查记录是否过时。,2024-01-01T00:00:00Z,transformed_test_fixture,https://github.com/cyberight-cap/fewunderstand/blob/23a854c2a02e6b52e424844648d4026737361caa/spider/binance-futures/tests/fixtures/raw_records.json,,global_long_short_account_ratio,全市场账户多空比,ingested_at,binance-futures.global_long_short_account_ratio.ingested_at,app,field,binance-futures,binance-futures,binance-futures.global_long_short_account_ratio,sha256:f1620ffa32315698b375587fe1c122404db9b82a56c98e66940100518206b35c
币安 USDT-M 永续合约,市场类型,记录属性,区分现货、合约等市场类别，避免混用指标。,例如先用这个属性筛选可比较的记录，再查看对应的数值或内容。,usdt_m_futures,transformed_test_fixture,https://github.com/cyberight-cap/fewunderstand/blob/23a854c2a02e6b52e424844648d4026737361caa/spider/binance-futures/tests/fixtures/raw_records.json,,global_long_short_account_ratio,全市场账户多空比,market_type,binance-futures.global_long_short_account_ratio.market_type,app,field,binance-futures,binance-futures,binance-futures.global_long_short_account_ratio,sha256:f1620ffa32315698b375587fe1c122404db9b82a56c98e66940100518206b35c
币安 USDT-M 永续合约,指标类型,来源与溯源,指出 Binance 记录属于哪种指标，用于选择正确计算口径。,例如排查一条指标的来源或重复记录时，用它回到原始查询和处理链。,global_long_short_account_ratio,transformed_test_fixture,https://github.com/cyberight-cap/fewunderstand/blob/23a854c2a02e6b52e424844648d4026737361caa/spider/binance-futures/tests/fixtures/raw_records.json,,global_long_short_account_ratio,全市场账户多空比,metric_type,binance-futures.global_long_short_account_ratio.metric_type,v2,field,binance-futures,binance-futures,binance-futures.global_long_short_account_ratio,sha256:f1620ffa32315698b375587fe1c122404db9b82a56c98e66940100518206b35c
币安 USDT-M 永续合约,周期,时间定位,记录市场指标的采样周期，用于对齐不同时间序列。,例如按同一时间窗分组，并检查记录是否过时。,5m,transformed_test_fixture,https://github.com/cyberight-cap/fewunderstand/blob/23a854c2a02e6b52e424844648d4026737361caa/spider/binance-futures/tests/fixtures/raw_records.json,,global_long_short_account_ratio,全市场账户多空比,period,binance-futures.global_long_short_account_ratio.period,app,field,binance-futures,binance-futures,binance-futures.global_long_short_account_ratio,sha256:f1620ffa32315698b375587fe1c122404db9b82a56c98e66940100518206b35c
币安 USDT-M 永续合约,计价资产,对象识别,指出交易对中的计价资产，用于区分不同报价市场。,例如把同一对象在不同时间的记录对齐，再比较指标变化。,USDT,transformed_test_fixture,https://github.com/cyberight-cap/fewunderstand/blob/23a854c2a02e6b52e424844648d4026737361caa/spider/binance-futures/tests/fixtures/raw_records.json,,global_long_short_account_ratio,全市场账户多空比,quote_asset,binance-futures.global_long_short_account_ratio.quote_asset,app,field,binance-futures,binance-futures,binance-futures.global_long_short_account_ratio,sha256:f1620ffa32315698b375587fe1c122404db9b82a56c98e66940100518206b35c
币安 USDT-M 永续合约,原始数据,原始或结构数据,保留上游原始返回，用于核对转换后的字段；不宜直接当作统一指标。,点开返回样本核对内部键，再决定是否需要提取为独立字段。,"{""symbol"": ""BTCUSDT"", ""longShortRatio"": ""0.1960"", ""longAccount"": ""0.9613"", ""shortAccount"": ""0.0387"", ""timestamp"": 1583139600000}",transformed_test_fixture,https://github.com/cyberight-cap/fewunderstand/blob/23a854c2a02e6b52e424844648d4026737361caa/spider/binance-futures/tests/fixtures/raw_records.json,,global_long_short_account_ratio,全市场账户多空比,raw,binance-futures.global_long_short_account_ratio.raw,app,field,binance-futures,binance-futures,binance-futures.global_long_short_account_ratio,sha256:f1620ffa32315698b375587fe1c122404db9b82a56c98e66940100518206b35c
币安 USDT-M 永续合约,来源,来源与溯源,标记这条记录的来源，用于筛选和核对数据出处。,例如排查一条指标的来源或重复记录时，用它回到原始查询和处理链。,binance_futures,transformed_test_fixture,https://github.com/cyberight-cap/fewunderstand/blob/23a854c2a02e6b52e424844648d4026737361caa/spider/binance-futures/tests/fixtures/raw_records.json,,global_long_short_account_ratio,全市场账户多空比,source,binance-futures.global_long_short_account_ratio.source,app,field,binance-futures,binance-futures,binance-futures.global_long_short_account_ratio,sha256:f1620ffa32315698b375587fe1c122404db9b82a56c98e66940100518206b35c
币安 USDT-M 永续合约,交易对,对象识别,标记交易对或资产代码，用于与其他市场记录关联；须核对市场。,例如把同一对象在不同时间的记录对齐，再比较指标变化。,BTCUSDT,transformed_test_fixture,https://github.com/cyberight-cap/fewunderstand/blob/23a854c2a02e6b52e424844648d4026737361caa/spider/binance-futures/tests/fixtures/raw_records.json,,global_long_short_account_ratio,全市场账户多空比,symbol,binance-futures.global_long_short_account_ratio.symbol,v2,field,binance-futures,binance-futures,binance-futures.global_long_short_account_ratio,sha256:f1620ffa32315698b375587fe1c122404db9b82a56c98e66940100518206b35c
币安 USDT-M 永续合约,记录时间,时间定位,记录该数据对应的时间点，用于排序或时间窗聚合。,例如按同一时间窗分组，并检查记录是否过时。,2020-03-02T09:00:00Z,transformed_test_fixture,https://github.com/cyberight-cap/fewunderstand/blob/23a854c2a02e6b52e424844648d4026737361caa/spider/binance-futures/tests/fixtures/raw_records.json,,global_long_short_account_ratio,全市场账户多空比,timestamp,binance-futures.global_long_short_account_ratio.timestamp,v2,field,binance-futures,binance-futures,binance-futures.global_long_short_account_ratio,sha256:f1620ffa32315698b375587fe1c122404db9b82a56c98e66940100518206b35c
币安 USDT-M 永续合约,K 线行情,记录类型,这类记录包含下列可展开的字段定义。,先选择记录类型，再查看字段用途与返回样本。,,unavailable,,,kline,K 线行情,kline,binance-futures.kline,app,record_type,binance-futures,binance-futures,binance-futures.kline,sha256:f1620ffa32315698b375587fe1c122404db9b82a56c98e66940100518206b35c
币安 USDT-M 永续合约,基础资产,对象识别,指出交易对中的基础资产，用来把不同合约归到同一资产。,例如把同一对象在不同时间的记录对齐，再比较指标变化。,BTC,transformed_test_fixture,https://github.com/cyberight-cap/fewunderstand/blob/23a854c2a02e6b52e424844648d4026737361caa/spider/binance-futures/tests/fixtures/raw_records.json,,kline,K 线行情,base_asset,binance-futures.kline.base_asset,app,field,binance-futures,binance-futures,binance-futures.kline,sha256:f1620ffa32315698b375587fe1c122404db9b82a56c98e66940100518206b35c
币安 USDT-M 永续合约,数据对象,原始或结构数据,装载这一类记录的主要业务数据；应继续展开具体子字段。,点开返回样本核对内部键，再决定是否需要提取为独立字段。,"{""open_time"": 1607444700000, ""close_time"": 1607444999999, ""open"": ""18879.99"", ""high"": ""18900.00"", ""low"": ""18878.98"", ""close"": ""18896.13"", ""volume"": ""492.363"", ""quote_volume"": ""9302145.66080000"", ""trade_count"": 1607, ""taker_buy_base_volume"": ""264.114"", ""taker_buy_quote_volume"": ""4990775.28790000""}",transformed_test_fixture,https://github.com/cyberight-cap/fewunderstand/blob/23a854c2a02e6b52e424844648d4026737361caa/spider/binance-futures/tests/fixtures/raw_records.json,,kline,K 线行情,data,binance-futures.kline.data,app,field,binance-futures,binance-futures,binance-futures.kline,sha256:f1620ffa32315698b375587fe1c122404db9b82a56c98e66940100518206b35c
币安 USDT-M 永续合约,收盘价,衡量指标,记录该 K 线周期的收盘价格，用于计算区间涨跌。,例如把本期收盘价与上期收盘价比较，计算同一交易对的周期涨跌。,18896.13,transformed_test_fixture,https://github.com/cyberight-cap/fewunderstand/blob/23a854c2a02e6b52e424844648d4026737361caa/spider/binance-futures/tests/fixtures/raw_records.json,,kline,K 线行情,data.close,binance-futures.kline.data.close,app,field,binance-futures,binance-futures,binance-futures.kline,sha256:f1620ffa32315698b375587fe1c122404db9b82a56c98e66940100518206b35c
币安 USDT-M 永续合约,收盘时间,时间定位,标记 K 线周期结束的时间，用于对齐时间窗。,例如按同一时间窗分组，并检查记录是否过时。,1607444999999,transformed_test_fixture,https://github.com/cyberight-cap/fewunderstand/blob/23a854c2a02e6b52e424844648d4026737361caa/spider/binance-futures/tests/fixtures/raw_records.json,,kline,K 线行情,data.close_time,binance-futures.kline.data.close_time,app,field,binance-futures,binance-futures,binance-futures.kline,sha256:f1620ffa32315698b375587fe1c122404db9b82a56c98e66940100518206b35c
币安 USDT-M 永续合约,最高价,衡量指标,记录该 K 线周期内的最高价格，用于衡量价格区间。,例如与最低价一起计算单根 K 线的价格波动区间。,18900.00,transformed_test_fixture,https://github.com/cyberight-cap/fewunderstand/blob/23a854c2a02e6b52e424844648d4026737361caa/spider/binance-futures/tests/fixtures/raw_records.json,,kline,K 线行情,data.high,binance-futures.kline.data.high,app,field,binance-futures,binance-futures,binance-futures.kline,sha256:f1620ffa32315698b375587fe1c122404db9b82a56c98e66940100518206b35c
币安 USDT-M 永续合约,最低价,衡量指标,记录该 K 线周期内的最低价格，用于衡量价格区间。,例如与最高价一起计算单根 K 线的价格波动区间。,18878.98,transformed_test_fixture,https://github.com/cyberight-cap/fewunderstand/blob/23a854c2a02e6b52e424844648d4026737361caa/spider/binance-futures/tests/fixtures/raw_records.json,,kline,K 线行情,data.low,binance-futures.kline.data.low,app,field,binance-futures,binance-futures,binance-futures.kline,sha256:f1620ffa32315698b375587fe1c122404db9b82a56c98e66940100518206b35c
币安 USDT-M 永续合约,开盘价,衡量指标,记录该 K 线周期的开盘价格，用于计算区间涨跌。,例如在“K 线行情”中按对象和时间窗比较这个值；计算前先核对单位与口径。,18879.99,transformed_test_fixture,https://github.com/cyberight-cap/fewunderstand/blob/23a854c2a02e6b52e424844648d4026737361caa/spider/binance-futures/tests/fixtures/raw_records.json,,kline,K 线行情,data.open,binance-futures.kline.data.open,app,field,binance-futures,binance-futures,binance-futures.kline,sha256:f1620ffa32315698b375587fe1c122404db9b82a56c98e66940100518206b35c
币安 USDT-M 永续合约,开盘时间,时间定位,标记 K 线周期开始的时间，用于对齐时间窗。,例如按同一时间窗分组，并检查记录是否过时。,1607444700000,transformed_test_fixture,https://github.com/cyberight-cap/fewunderstand/blob/23a854c2a02e6b52e424844648d4026737361caa/spider/binance-futures/tests/fixtures/raw_records.json,,kline,K 线行情,data.open_time,binance-futures.kline.data.open_time,app,field,binance-futures,binance-futures,binance-futures.kline,sha256:f1620ffa32315698b375587fe1c122404db9b82a56c98e66940100518206b35c
币安 USDT-M 永续合约,计价资产成交量,衡量指标,记录按计价资产折算的成交量，用于比较成交额。,例如在“K 线行情”中按对象和时间窗比较这个值；计算前先核对单位与口径。,9302145.66080000,transformed_test_fixture,https://github.com/cyberight-cap/fewunderstand/blob/23a854c2a02e6b52e424844648d4026737361caa/spider/binance-futures/tests/fixtures/raw_records.json,,kline,K 线行情,data.quote_volume,binance-futures.kline.data.quote_volume,app,field,binance-futures,binance-futures,binance-futures.kline,sha256:f1620ffa32315698b375587fe1c122404db9b82a56c98e66940100518206b35c
币安 USDT-M 永续合约,主动买入基础资产量,衡量指标,记录主动买入的基础资产成交量。,例如在“K 线行情”中按对象和时间窗比较这个值；计算前先核对单位与口径。,264.114,transformed_test_fixture,https://github.com/cyberight-cap/fewunderstand/blob/23a854c2a02e6b52e424844648d4026737361caa/spider/binance-futures/tests/fixtures/raw_records.json,,kline,K 线行情,data.taker_buy_base_volume,binance-futures.kline.data.taker_buy_base_volume,app,field,binance-futures,binance-futures,binance-futures.kline,sha256:f1620ffa32315698b375587fe1c122404db9b82a56c98e66940100518206b35c
币安 USDT-M 永续合约,主动买入计价资产量,衡量指标,记录主动买入的计价资产成交量。,例如在“K 线行情”中按对象和时间窗比较这个值；计算前先核对单位与口径。,4990775.28790000,transformed_test_fixture,https://github.com/cyberight-cap/fewunderstand/blob/23a854c2a02e6b52e424844648d4026737361caa/spider/binance-futures/tests/fixtures/raw_records.json,,kline,K 线行情,data.taker_buy_quote_volume,binance-futures.kline.data.taker_buy_quote_volume,app,field,binance-futures,binance-futures,binance-futures.kline,sha256:f1620ffa32315698b375587fe1c122404db9b82a56c98e66940100518206b35c
币安 USDT-M 永续合约,成交笔数,衡量指标,记录该 K 线周期的成交笔数，用于衡量交易活跃度。,例如对照成交量，区分交易笔数增加和单笔规模增加。,1607,transformed_test_fixture,https://github.com/cyberight-cap/fewunderstand/blob/23a854c2a02e6b52e424844648d4026737361caa/spider/binance-futures/tests/fixtures/raw_records.json,,kline,K 线行情,data.trade_count,binance-futures.kline.data.trade_count,app,field,binance-futures,binance-futures,binance-futures.kline,sha256:f1620ffa32315698b375587fe1c122404db9b82a56c98e66940100518206b35c
币安 USDT-M 永续合约,成交量,衡量指标,记录该 K 线周期的基础资产成交量。,例如与价格波动一起看，确认涨跌是否伴随成交量放大。,492.363,transformed_test_fixture,https://github.com/cyberight-cap/fewunderstand/blob/23a854c2a02e6b52e424844648d4026737361caa/spider/binance-futures/tests/fixtures/raw_records.json,,kline,K 线行情,data.volume,binance-futures.kline.data.volume,app,field,binance-futures,binance-futures,binance-futures.kline,sha256:f1620ffa32315698b375587fe1c122404db9b82a56c98e66940100518206b35c
币安 USDT-M 永续合约,去重键,来源与溯源,保存同一市场记录的去重键，用于避免重复计算。,例如排查一条指标的来源或重复记录时，用它回到原始查询和处理链。,binance_futures:kline:BTCUSDT:5m:1607444700000,transformed_test_fixture,https://github.com/cyberight-cap/fewunderstand/blob/23a854c2a02e6b52e424844648d4026737361caa/spider/binance-futures/tests/fixtures/raw_records.json,,kline,K 线行情,dedupe_key,binance-futures.kline.dedupe_key,app,field,binance-futures,binance-futures,binance-futures.kline,sha256:f1620ffa32315698b375587fe1c122404db9b82a56c98e66940100518206b35c
币安 USDT-M 永续合约,事件时间（毫秒）,时间定位,记录交易所事件时间（毫秒），用于对齐行情窗口。,例如按同一时间窗分组，并检查记录是否过时。,1607444700000,transformed_test_fixture,https://github.com/cyberight-cap/fewunderstand/blob/23a854c2a02e6b52e424844648d4026737361caa/spider/binance-futures/tests/fixtures/raw_records.json,,kline,K 线行情,event_time_ms,binance-futures.kline.event_time_ms,app,field,binance-futures,binance-futures,binance-futures.kline,sha256:f1620ffa32315698b375587fe1c122404db9b82a56c98e66940100518206b35c
币安 USDT-M 永续合约,交易所,对象识别,标记数据所属交易所，用于区分市场来源。,例如把同一对象在不同时间的记录对齐，再比较指标变化。,binance,transformed_test_fixture,https://github.com/cyberight-cap/fewunderstand/blob/23a854c2a02e6b52e424844648d4026737361caa/spider/binance-futures/tests/fixtures/raw_records.json,,kline,K 线行情,exchange,binance-futures.kline.exchange,app,field,binance-futures,binance-futures,binance-futures.kline,sha256:f1620ffa32315698b375587fe1c122404db9b82a56c98e66940100518206b35c
币安 USDT-M 永续合约,入库时间,时间定位,记录转换器处理数据的时间，用于排查处理延迟。,例如按同一时间窗分组，并检查记录是否过时。,2024-01-01T00:00:00Z,transformed_test_fixture,https://github.com/cyberight-cap/fewunderstand/blob/23a854c2a02e6b52e424844648d4026737361caa/spider/binance-futures/tests/fixtures/raw_records.json,,kline,K 线行情,ingested_at,binance-futures.kline.ingested_at,app,field,binance-futures,binance-futures,binance-futures.kline,sha256:f1620ffa32315698b375587fe1c122404db9b82a56c98e66940100518206b35c
币安 USDT-M 永续合约,市场类型,记录属性,区分现货、合约等市场类别，避免混用指标。,例如先用这个属性筛选可比较的记录，再查看对应的数值或内容。,usdt_m_futures,transformed_test_fixture,https://github.com/cyberight-cap/fewunderstand/blob/23a854c2a02e6b52e424844648d4026737361caa/spider/binance-futures/tests/fixtures/raw_records.json,,kline,K 线行情,market_type,binance-futures.kline.market_type,app,field,binance-futures,binance-futures,binance-futures.kline,sha256:f1620ffa32315698b375587fe1c122404db9b82a56c98e66940100518206b35c
币安 USDT-M 永续合约,指标类型,来源与溯源,指出 Binance 记录属于哪种指标，用于选择正确计算口径。,例如排查一条指标的来源或重复记录时，用它回到原始查询和处理链。,kline,transformed_test_fixture,https://github.com/cyberight-cap/fewunderstand/blob/23a854c2a02e6b52e424844648d4026737361caa/spider/binance-futures/tests/fixtures/raw_records.json,,kline,K 线行情,metric_type,binance-futures.kline.metric_type,v2,field,binance-futures,binance-futures,binance-futures.kline,sha256:f1620ffa32315698b375587fe1c122404db9b82a56c98e66940100518206b35c
币安 USDT-M 永续合约,周期,时间定位,记录市场指标的采样周期，用于对齐不同时间序列。,例如按同一时间窗分组，并检查记录是否过时。,5m,transformed_test_fixture,https://github.com/cyberight-cap/fewunderstand/blob/23a854c2a02e6b52e424844648d4026737361caa/spider/binance-futures/tests/fixtures/raw_records.json,,kline,K 线行情,period,binance-futures.kline.period,app,field,binance-futures,binance-futures,binance-futures.kline,sha256:f1620ffa32315698b375587fe1c122404db9b82a56c98e66940100518206b35c
币安 USDT-M 永续合约,计价资产,对象识别,指出交易对中的计价资产，用于区分不同报价市场。,例如把同一对象在不同时间的记录对齐，再比较指标变化。,USDT,transformed_test_fixture,https://github.com/cyberight-cap/fewunderstand/blob/23a854c2a02e6b52e424844648d4026737361caa/spider/binance-futures/tests/fixtures/raw_records.json,,kline,K 线行情,quote_asset,binance-futures.kline.quote_asset,app,field,binance-futures,binance-futures,binance-futures.kline,sha256:f1620ffa32315698b375587fe1c122404db9b82a56c98e66940100518206b35c
币安 USDT-M 永续合约,原始数据,原始或结构数据,保留上游原始返回，用于核对转换后的字段；不宜直接当作统一指标。,点开返回样本核对内部键，再决定是否需要提取为独立字段。,"[1607444700000, ""18879.99"", ""18900.00"", ""18878.98"", ""18896.13"", ""492.363"", 1607444999999, ""9302145.66080000"", 1607, ""264.114"", ""4990775.28790000"", ""0""]",transformed_test_fixture,https://github.com/cyberight-cap/fewunderstand/blob/23a854c2a02e6b52e424844648d4026737361caa/spider/binance-futures/tests/fixtures/raw_records.json,,kline,K 线行情,raw,binance-futures.kline.raw,app,field,binance-futures,binance-futures,binance-futures.kline,sha256:f1620ffa32315698b375587fe1c122404db9b82a56c98e66940100518206b35c
币安 USDT-M 永续合约,来源,来源与溯源,标记这条记录的来源，用于筛选和核对数据出处。,例如排查一条指标的来源或重复记录时，用它回到原始查询和处理链。,binance_futures,transformed_test_fixture,https://github.com/cyberight-cap/fewunderstand/blob/23a854c2a02e6b52e424844648d4026737361caa/spider/binance-futures/tests/fixtures/raw_records.json,,kline,K 线行情,source,binance-futures.kline.source,app,field,binance-futures,binance-futures,binance-futures.kline,sha256:f1620ffa32315698b375587fe1c122404db9b82a56c98e66940100518206b35c
币安 USDT-M 永续合约,交易对,对象识别,标记交易对或资产代码，用于与其他市场记录关联；须核对市场。,例如把同一对象在不同时间的记录对齐，再比较指标变化。,BTCUSDT,transformed_test_fixture,https://github.com/cyberight-cap/fewunderstand/blob/23a854c2a02e6b52e424844648d4026737361caa/spider/binance-futures/tests/fixtures/raw_records.json,,kline,K 线行情,symbol,binance-futures.kline.symbol,v2,field,binance-futures,binance-futures,binance-futures.kline,sha256:f1620ffa32315698b375587fe1c122404db9b82a56c98e66940100518206b35c
币安 USDT-M 永续合约,记录时间,时间定位,记录该数据对应的时间点，用于排序或时间窗聚合。,例如按同一时间窗分组，并检查记录是否过时。,2020-12-08T16:25:00Z,transformed_test_fixture,https://github.com/cyberight-cap/fewunderstand/blob/23a854c2a02e6b52e424844648d4026737361caa/spider/binance-futures/tests/fixtures/raw_records.json,,kline,K 线行情,timestamp,binance-futures.kline.timestamp,v2,field,binance-futures,binance-futures,binance-futures.kline,sha256:f1620ffa32315698b375587fe1c122404db9b82a56c98e66940100518206b35c
币安 USDT-M 永续合约,未平仓合约量,记录类型,这类记录包含下列可展开的字段定义。,先选择记录类型，再查看字段用途与返回样本。,,unavailable,,,open_interest,未平仓合约量,open_interest,binance-futures.open_interest,app,record_type,binance-futures,binance-futures,binance-futures.open_interest,sha256:f1620ffa32315698b375587fe1c122404db9b82a56c98e66940100518206b35c
币安 USDT-M 永续合约,基础资产,对象识别,指出交易对中的基础资产，用来把不同合约归到同一资产。,例如把同一对象在不同时间的记录对齐，再比较指标变化。,BTC,transformed_test_fixture,https://github.com/cyberight-cap/fewunderstand/blob/23a854c2a02e6b52e424844648d4026737361caa/spider/binance-futures/tests/fixtures/raw_records.json,,open_interest,未平仓合约量,base_asset,binance-futures.open_interest.base_asset,app,field,binance-futures,binance-futures,binance-futures.open_interest,sha256:f1620ffa32315698b375587fe1c122404db9b82a56c98e66940100518206b35c
币安 USDT-M 永续合约,数据对象,原始或结构数据,装载这一类记录的主要业务数据；应继续展开具体子字段。,点开返回样本核对内部键，再决定是否需要提取为独立字段。,"{""open_interest"": ""10659.509""}",transformed_test_fixture,https://github.com/cyberight-cap/fewunderstand/blob/23a854c2a02e6b52e424844648d4026737361caa/spider/binance-futures/tests/fixtures/raw_records.json,,open_interest,未平仓合约量,data,binance-futures.open_interest.data,app,field,binance-futures,binance-futures,binance-futures.open_interest,sha256:f1620ffa32315698b375587fe1c122404db9b82a56c98e66940100518206b35c
币安 USDT-M 永续合约,未平仓合约量,衡量指标,记录当前未平仓合约量，用于观察持仓规模变化。,例如看同一合约未平仓量连续上升时，价格与成交量是否也发生变化。,94796.925,upstream_api,https://fapi.binance.com/fapi/v1/openInterest?symbol=BTCUSDT,2026-09-27T08:05:45Z,open_interest,未平仓合约量,data.open_interest,binance-futures.open_interest.data.open_interest,app,field,binance-futures,binance-futures,binance-futures.open_interest,sha256:f1620ffa32315698b375587fe1c122404db9b82a56c98e66940100518206b35c
币安 USDT-M 永续合约,去重键,来源与溯源,保存同一市场记录的去重键，用于避免重复计算。,例如排查一条指标的来源或重复记录时，用它回到原始查询和处理链。,binance_futures:open_interest:BTCUSDT:snapshot:1589437530011,transformed_test_fixture,https://github.com/cyberight-cap/fewunderstand/blob/23a854c2a02e6b52e424844648d4026737361caa/spider/binance-futures/tests/fixtures/raw_records.json,,open_interest,未平仓合约量,dedupe_key,binance-futures.open_interest.dedupe_key,app,field,binance-futures,binance-futures,binance-futures.open_interest,sha256:f1620ffa32315698b375587fe1c122404db9b82a56c98e66940100518206b35c
币安 USDT-M 永续合约,事件时间（毫秒）,时间定位,记录交易所事件时间（毫秒），用于对齐行情窗口。,例如按同一时间窗分组，并检查记录是否过时。,1589437530011,transformed_test_fixture,https://github.com/cyberight-cap/fewunderstand/blob/23a854c2a02e6b52e424844648d4026737361caa/spider/binance-futures/tests/fixtures/raw_records.json,,open_interest,未平仓合约量,event_time_ms,binance-futures.open_interest.event_time_ms,app,field,binance-futures,binance-futures,binance-futures.open_interest,sha256:f1620ffa32315698b375587fe1c122404db9b82a56c98e66940100518206b35c
币安 USDT-M 永续合约,交易所,对象识别,标记数据所属交易所，用于区分市场来源。,例如把同一对象在不同时间的记录对齐，再比较指标变化。,binance,transformed_test_fixture,https://github.com/cyberight-cap/fewunderstand/blob/23a854c2a02e6b52e424844648d4026737361caa/spider/binance-futures/tests/fixtures/raw_records.json,,open_interest,未平仓合约量,exchange,binance-futures.open_interest.exchange,app,field,binance-futures,binance-futures,binance-futures.open_interest,sha256:f1620ffa32315698b375587fe1c122404db9b82a56c98e66940100518206b35c
币安 USDT-M 永续合约,入库时间,时间定位,记录转换器处理数据的时间，用于排查处理延迟。,例如按同一时间窗分组，并检查记录是否过时。,2024-01-01T00:00:00Z,transformed_test_fixture,https://github.com/cyberight-cap/fewunderstand/blob/23a854c2a02e6b52e424844648d4026737361caa/spider/binance-futures/tests/fixtures/raw_records.json,,open_interest,未平仓合约量,ingested_at,binance-futures.open_interest.ingested_at,app,field,binance-futures,binance-futures,binance-futures.open_interest,sha256:f1620ffa32315698b375587fe1c122404db9b82a56c98e66940100518206b35c
币安 USDT-M 永续合约,市场类型,记录属性,区分现货、合约等市场类别，避免混用指标。,例如先用这个属性筛选可比较的记录，再查看对应的数值或内容。,usdt_m_futures,transformed_test_fixture,https://github.com/cyberight-cap/fewunderstand/blob/23a854c2a02e6b52e424844648d4026737361caa/spider/binance-futures/tests/fixtures/raw_records.json,,open_interest,未平仓合约量,market_type,binance-futures.open_interest.market_type,app,field,binance-futures,binance-futures,binance-futures.open_interest,sha256:f1620ffa32315698b375587fe1c122404db9b82a56c98e66940100518206b35c
币安 USDT-M 永续合约,指标类型,来源与溯源,指出 Binance 记录属于哪种指标，用于选择正确计算口径。,例如排查一条指标的来源或重复记录时，用它回到原始查询和处理链。,open_interest,transformed_test_fixture,https://github.com/cyberight-cap/fewunderstand/blob/23a854c2a02e6b52e424844648d4026737361caa/spider/binance-futures/tests/fixtures/raw_records.json,,open_interest,未平仓合约量,metric_type,binance-futures.open_interest.metric_type,v2,field,binance-futures,binance-futures,binance-futures.open_interest,sha256:f1620ffa32315698b375587fe1c122404db9b82a56c98e66940100518206b35c
币安 USDT-M 永续合约,周期,时间定位,记录市场指标的采样周期，用于对齐不同时间序列。,例如按同一时间窗分组，并检查记录是否过时。,,transformed_test_fixture,https://github.com/cyberight-cap/fewunderstand/blob/23a854c2a02e6b52e424844648d4026737361caa/spider/binance-futures/tests/fixtures/raw_records.json,,open_interest,未平仓合约量,period,binance-futures.open_interest.period,app,field,binance-futures,binance-futures,binance-futures.open_interest,sha256:f1620ffa32315698b375587fe1c122404db9b82a56c98e66940100518206b35c
币安 USDT-M 永续合约,计价资产,对象识别,指出交易对中的计价资产，用于区分不同报价市场。,例如把同一对象在不同时间的记录对齐，再比较指标变化。,USDT,transformed_test_fixture,https://github.com/cyberight-cap/fewunderstand/blob/23a854c2a02e6b52e424844648d4026737361caa/spider/binance-futures/tests/fixtures/raw_records.json,,open_interest,未平仓合约量,quote_asset,binance-futures.open_interest.quote_asset,app,field,binance-futures,binance-futures,binance-futures.open_interest,sha256:f1620ffa32315698b375587fe1c122404db9b82a56c98e66940100518206b35c
币安 USDT-M 永续合约,原始数据,原始或结构数据,保留上游原始返回，用于核对转换后的字段；不宜直接当作统一指标。,点开返回样本核对内部键，再决定是否需要提取为独立字段。,"{""openInterest"": ""10659.509"", ""symbol"": ""BTCUSDT"", ""time"": 1589437530011}",transformed_test_fixture,https://github.com/cyberight-cap/fewunderstand/blob/23a854c2a02e6b52e424844648d4026737361caa/spider/binance-futures/tests/fixtures/raw_records.json,,open_interest,未平仓合约量,raw,binance-futures.open_interest.raw,app,field,binance-futures,binance-futures,binance-futures.open_interest,sha256:f1620ffa32315698b375587fe1c122404db9b82a56c98e66940100518206b35c
币安 USDT-M 永续合约,来源,来源与溯源,标记这条记录的来源，用于筛选和核对数据出处。,例如排查一条指标的来源或重复记录时，用它回到原始查询和处理链。,binance_futures,transformed_test_fixture,https://github.com/cyberight-cap/fewunderstand/blob/23a854c2a02e6b52e424844648d4026737361caa/spider/binance-futures/tests/fixtures/raw_records.json,,open_interest,未平仓合约量,source,binance-futures.open_interest.source,app,field,binance-futures,binance-futures,binance-futures.open_interest,sha256:f1620ffa32315698b375587fe1c122404db9b82a56c98e66940100518206b35c
币安 USDT-M 永续合约,交易对,对象识别,标记交易对或资产代码，用于与其他市场记录关联；须核对市场。,例如把同一对象在不同时间的记录对齐，再比较指标变化。,BTCUSDT,upstream_api,https://fapi.binance.com/fapi/v1/openInterest?symbol=BTCUSDT,2026-09-27T08:05:45Z,open_interest,未平仓合约量,symbol,binance-futures.open_interest.symbol,v2,field,binance-futures,binance-futures,binance-futures.open_interest,sha256:f1620ffa32315698b375587fe1c122404db9b82a56c98e66940100518206b35c
币安 USDT-M 永续合约,记录时间,时间定位,记录该数据对应的时间点，用于排序或时间窗聚合。,例如按同一时间窗分组，并检查记录是否过时。,2020-05-14T06:25:30.011000Z,transformed_test_fixture,https://github.com/cyberight-cap/fewunderstand/blob/23a854c2a02e6b52e424844648d4026737361caa/spider/binance-futures/tests/fixtures/raw_records.json,,open_interest,未平仓合约量,timestamp,binance-futures.open_interest.timestamp,v2,field,binance-futures,binance-futures,binance-futures.open_interest,sha256:f1620ffa32315698b375587fe1c122404db9b82a56c98e66940100518206b35c
币安 USDT-M 永续合约,未平仓合约量历史,记录类型,这类记录包含下列可展开的字段定义。,先选择记录类型，再查看字段用途与返回样本。,,unavailable,,,open_interest_hist,未平仓合约量历史,open_interest_hist,binance-futures.open_interest_hist,app,record_type,binance-futures,binance-futures,binance-futures.open_interest_hist,sha256:f1620ffa32315698b375587fe1c122404db9b82a56c98e66940100518206b35c
币安 USDT-M 永续合约,基础资产,对象识别,指出交易对中的基础资产，用来把不同合约归到同一资产。,例如把同一对象在不同时间的记录对齐，再比较指标变化。,BTC,transformed_test_fixture,https://github.com/cyberight-cap/fewunderstand/blob/23a854c2a02e6b52e424844648d4026737361caa/spider/binance-futures/tests/fixtures/raw_records.json,,open_interest_hist,未平仓合约量历史,base_asset,binance-futures.open_interest_hist.base_asset,app,field,binance-futures,binance-futures,binance-futures.open_interest_hist,sha256:f1620ffa32315698b375587fe1c122404db9b82a56c98e66940100518206b35c
币安 USDT-M 永续合约,数据对象,原始或结构数据,装载这一类记录的主要业务数据；应继续展开具体子字段。,点开返回样本核对内部键，再决定是否需要提取为独立字段。,"{""sum_open_interest"": ""20403.63700000"", ""sum_open_interest_value"": ""150570784.07809979""}",transformed_test_fixture,https://github.com/cyberight-cap/fewunderstand/blob/23a854c2a02e6b52e424844648d4026737361caa/spider/binance-futures/tests/fixtures/raw_records.json,,open_interest_hist,未平仓合约量历史,data,binance-futures.open_interest_hist.data,app,field,binance-futures,binance-futures,binance-futures.open_interest_hist,sha256:f1620ffa32315698b375587fe1c122404db9b82a56c98e66940100518206b35c
币安 USDT-M 永续合约,未平仓合约总量,衡量指标,记录某时点未平仓合约总量，用于看持仓趋势。,例如按相同采样周期比较未平仓合约量，寻找持仓扩张或收缩。,20403.63700000,transformed_test_fixture,https://github.com/cyberight-cap/fewunderstand/blob/23a854c2a02e6b52e424844648d4026737361caa/spider/binance-futures/tests/fixtures/raw_records.json,,open_interest_hist,未平仓合约量历史,data.sum_open_interest,binance-futures.open_interest_hist.data.sum_open_interest,app,field,binance-futures,binance-futures,binance-futures.open_interest_hist,sha256:f1620ffa32315698b375587fe1c122404db9b82a56c98e66940100518206b35c
币安 USDT-M 永续合约,未平仓合约总价值,衡量指标,记录未平仓合约总价值，用于比较不同时间的资金规模。,例如比较不同日期的未平仓价值，观察持仓资金规模的变化。,150570784.07809979,transformed_test_fixture,https://github.com/cyberight-cap/fewunderstand/blob/23a854c2a02e6b52e424844648d4026737361caa/spider/binance-futures/tests/fixtures/raw_records.json,,open_interest_hist,未平仓合约量历史,data.sum_open_interest_value,binance-futures.open_interest_hist.data.sum_open_interest_value,app,field,binance-futures,binance-futures,binance-futures.open_interest_hist,sha256:f1620ffa32315698b375587fe1c122404db9b82a56c98e66940100518206b35c
币安 USDT-M 永续合约,去重键,来源与溯源,保存同一市场记录的去重键，用于避免重复计算。,例如排查一条指标的来源或重复记录时，用它回到原始查询和处理链。,binance_futures:open_interest_hist:BTCUSDT:5m:1583127900000,transformed_test_fixture,https://github.com/cyberight-cap/fewunderstand/blob/23a854c2a02e6b52e424844648d4026737361caa/spider/binance-futures/tests/fixtures/raw_records.json,,open_interest_hist,未平仓合约量历史,dedupe_key,binance-futures.open_interest_hist.dedupe_key,app,field,binance-futures,binance-futures,binance-futures.open_interest_hist,sha256:f1620ffa32315698b375587fe1c122404db9b82a56c98e66940100518206b35c
币安 USDT-M 永续合约,事件时间（毫秒）,时间定位,记录交易所事件时间（毫秒），用于对齐行情窗口。,例如按同一时间窗分组，并检查记录是否过时。,1583127900000,transformed_test_fixture,https://github.com/cyberight-cap/fewunderstand/blob/23a854c2a02e6b52e424844648d4026737361caa/spider/binance-futures/tests/fixtures/raw_records.json,,open_interest_hist,未平仓合约量历史,event_time_ms,binance-futures.open_interest_hist.event_time_ms,app,field,binance-futures,binance-futures,binance-futures.open_interest_hist,sha256:f1620ffa32315698b375587fe1c122404db9b82a56c98e66940100518206b35c
币安 USDT-M 永续合约,交易所,对象识别,标记数据所属交易所，用于区分市场来源。,例如把同一对象在不同时间的记录对齐，再比较指标变化。,binance,transformed_test_fixture,https://github.com/cyberight-cap/fewunderstand/blob/23a854c2a02e6b52e424844648d4026737361caa/spider/binance-futures/tests/fixtures/raw_records.json,,open_interest_hist,未平仓合约量历史,exchange,binance-futures.open_interest_hist.exchange,app,field,binance-futures,binance-futures,binance-futures.open_interest_hist,sha256:f1620ffa32315698b375587fe1c122404db9b82a56c98e66940100518206b35c
币安 USDT-M 永续合约,入库时间,时间定位,记录转换器处理数据的时间，用于排查处理延迟。,例如按同一时间窗分组，并检查记录是否过时。,2024-01-01T00:00:00Z,transformed_test_fixture,https://github.com/cyberight-cap/fewunderstand/blob/23a854c2a02e6b52e424844648d4026737361caa/spider/binance-futures/tests/fixtures/raw_records.json,,open_interest_hist,未平仓合约量历史,ingested_at,binance-futures.open_interest_hist.ingested_at,app,field,binance-futures,binance-futures,binance-futures.open_interest_hist,sha256:f1620ffa32315698b375587fe1c122404db9b82a56c98e66940100518206b35c
币安 USDT-M 永续合约,市场类型,记录属性,区分现货、合约等市场类别，避免混用指标。,例如先用这个属性筛选可比较的记录，再查看对应的数值或内容。,usdt_m_futures,transformed_test_fixture,https://github.com/cyberight-cap/fewunderstand/blob/23a854c2a02e6b52e424844648d4026737361caa/spider/binance-futures/tests/fixtures/raw_records.json,,open_interest_hist,未平仓合约量历史,market_type,binance-futures.open_interest_hist.market_type,app,field,binance-futures,binance-futures,binance-futures.open_interest_hist,sha256:f1620ffa32315698b375587fe1c122404db9b82a56c98e66940100518206b35c
币安 USDT-M 永续合约,指标类型,来源与溯源,指出 Binance 记录属于哪种指标，用于选择正确计算口径。,例如排查一条指标的来源或重复记录时，用它回到原始查询和处理链。,open_interest_hist,transformed_test_fixture,https://github.com/cyberight-cap/fewunderstand/blob/23a854c2a02e6b52e424844648d4026737361caa/spider/binance-futures/tests/fixtures/raw_records.json,,open_interest_hist,未平仓合约量历史,metric_type,binance-futures.open_interest_hist.metric_type,v2,field,binance-futures,binance-futures,binance-futures.open_interest_hist,sha256:f1620ffa32315698b375587fe1c122404db9b82a56c98e66940100518206b35c
币安 USDT-M 永续合约,周期,时间定位,记录市场指标的采样周期，用于对齐不同时间序列。,例如按同一时间窗分组，并检查记录是否过时。,5m,transformed_test_fixture,https://github.com/cyberight-cap/fewunderstand/blob/23a854c2a02e6b52e424844648d4026737361caa/spider/binance-futures/tests/fixtures/raw_records.json,,open_interest_hist,未平仓合约量历史,period,binance-futures.open_interest_hist.period,app,field,binance-futures,binance-futures,binance-futures.open_interest_hist,sha256:f1620ffa32315698b375587fe1c122404db9b82a56c98e66940100518206b35c
币安 USDT-M 永续合约,计价资产,对象识别,指出交易对中的计价资产，用于区分不同报价市场。,例如把同一对象在不同时间的记录对齐，再比较指标变化。,USDT,transformed_test_fixture,https://github.com/cyberight-cap/fewunderstand/blob/23a854c2a02e6b52e424844648d4026737361caa/spider/binance-futures/tests/fixtures/raw_records.json,,open_interest_hist,未平仓合约量历史,quote_asset,binance-futures.open_interest_hist.quote_asset,app,field,binance-futures,binance-futures,binance-futures.open_interest_hist,sha256:f1620ffa32315698b375587fe1c122404db9b82a56c98e66940100518206b35c
币安 USDT-M 永续合约,原始数据,原始或结构数据,保留上游原始返回，用于核对转换后的字段；不宜直接当作统一指标。,点开返回样本核对内部键，再决定是否需要提取为独立字段。,"{""symbol"": ""BTCUSDT"", ""sumOpenInterest"": ""20403.63700000"", ""sumOpenInterestValue"": ""150570784.07809979"", ""timestamp"": 1583127900000}",transformed_test_fixture,https://github.com/cyberight-cap/fewunderstand/blob/23a854c2a02e6b52e424844648d4026737361caa/spider/binance-futures/tests/fixtures/raw_records.json,,open_interest_hist,未平仓合约量历史,raw,binance-futures.open_interest_hist.raw,app,field,binance-futures,binance-futures,binance-futures.open_interest_hist,sha256:f1620ffa32315698b375587fe1c122404db9b82a56c98e66940100518206b35c
币安 USDT-M 永续合约,来源,来源与溯源,标记这条记录的来源，用于筛选和核对数据出处。,例如排查一条指标的来源或重复记录时，用它回到原始查询和处理链。,binance_futures,transformed_test_fixture,https://github.com/cyberight-cap/fewunderstand/blob/23a854c2a02e6b52e424844648d4026737361caa/spider/binance-futures/tests/fixtures/raw_records.json,,open_interest_hist,未平仓合约量历史,source,binance-futures.open_interest_hist.source,app,field,binance-futures,binance-futures,binance-futures.open_interest_hist,sha256:f1620ffa32315698b375587fe1c122404db9b82a56c98e66940100518206b35c
币安 USDT-M 永续合约,交易对,对象识别,标记交易对或资产代码，用于与其他市场记录关联；须核对市场。,例如把同一对象在不同时间的记录对齐，再比较指标变化。,BTCUSDT,transformed_test_fixture,https://github.com/cyberight-cap/fewunderstand/blob/23a854c2a02e6b52e424844648d4026737361caa/spider/binance-futures/tests/fixtures/raw_records.json,,open_interest_hist,未平仓合约量历史,symbol,binance-futures.open_interest_hist.symbol,v2,field,binance-futures,binance-futures,binance-futures.open_interest_hist,sha256:f1620ffa32315698b375587fe1c122404db9b82a56c98e66940100518206b35c
币安 USDT-M 永续合约,记录时间,时间定位,记录该数据对应的时间点，用于排序或时间窗聚合。,例如按同一时间窗分组，并检查记录是否过时。,2020-03-02T05:45:00Z,transformed_test_fixture,https://github.com/cyberight-cap/fewunderstand/blob/23a854c2a02e6b52e424844648d4026737361caa/spider/binance-futures/tests/fixtures/raw_records.json,,open_interest_hist,未平仓合约量历史,timestamp,binance-futures.open_interest_hist.timestamp,v2,field,binance-futures,binance-futures,binance-futures.open_interest_hist,sha256:f1620ffa32315698b375587fe1c122404db9b82a56c98e66940100518206b35c
币安 USDT-M 永续合约,溢价指数,记录类型,这类记录包含下列可展开的字段定义。,先选择记录类型，再查看字段用途与返回样本。,,unavailable,,,premium_index,溢价指数,premium_index,binance-futures.premium_index,app,record_type,binance-futures,binance-futures,binance-futures.premium_index,sha256:f1620ffa32315698b375587fe1c122404db9b82a56c98e66940100518206b35c
币安 USDT-M 永续合约,基础资产,对象识别,指出交易对中的基础资产，用来把不同合约归到同一资产。,例如把同一对象在不同时间的记录对齐，再比较指标变化。,BTC,transformed_test_fixture,https://github.com/cyberight-cap/fewunderstand/blob/23a854c2a02e6b52e424844648d4026737361caa/spider/binance-futures/tests/fixtures/raw_records.json,,premium_index,溢价指数,base_asset,binance-futures.premium_index.base_asset,app,field,binance-futures,binance-futures,binance-futures.premium_index,sha256:f1620ffa32315698b375587fe1c122404db9b82a56c98e66940100518206b35c
币安 USDT-M 永续合约,数据对象,原始或结构数据,装载这一类记录的主要业务数据；应继续展开具体子字段。,点开返回样本核对内部键，再决定是否需要提取为独立字段。,"{""mark_price"": ""11793.63104562"", ""index_price"": ""11781.80495970"", ""estimated_settle_price"": ""11781.16138815"", ""last_funding_rate"": ""0.00038246"", ""interest_rate"": ""0.00010000"", ""next_funding_time"": 1597392000000, ""next_funding_time_iso"": ""2020-08-14T08:00:00Z""}",transformed_test_fixture,https://github.com/cyberight-cap/fewunderstand/blob/23a854c2a02e6b52e424844648d4026737361caa/spider/binance-futures/tests/fixtures/raw_records.json,,premium_index,溢价指数,data,binance-futures.premium_index.data,app,field,binance-futures,binance-futures,binance-futures.premium_index,sha256:f1620ffa32315698b375587fe1c122404db9b82a56c98e66940100518206b35c
币安 USDT-M 永续合约,预计结算价,衡量指标,记录预计结算价格，用于与当前标记价格比较。,例如在“溢价指数”中按对象和时间窗比较这个值；计算前先核对单位与口径。,11781.16138815,transformed_test_fixture,https://github.com/cyberight-cap/fewunderstand/blob/23a854c2a02e6b52e424844648d4026737361caa/spider/binance-futures/tests/fixtures/raw_records.json,,premium_index,溢价指数,data.estimated_settle_price,binance-futures.premium_index.data.estimated_settle_price,app,field,binance-futures,binance-futures,binance-futures.premium_index,sha256:f1620ffa32315698b375587fe1c122404db9b82a56c98e66940100518206b35c
币安 USDT-M 永续合约,指数价格,衡量指标,记录指数价格，用于与标记价格比较。,例如在“溢价指数”中按对象和时间窗比较这个值；计算前先核对单位与口径。,11781.80495970,transformed_test_fixture,https://github.com/cyberight-cap/fewunderstand/blob/23a854c2a02e6b52e424844648d4026737361caa/spider/binance-futures/tests/fixtures/raw_records.json,,premium_index,溢价指数,data.index_price,binance-futures.premium_index.data.index_price,app,field,binance-futures,binance-futures,binance-futures.premium_index,sha256:f1620ffa32315698b375587fe1c122404db9b82a56c98e66940100518206b35c
币安 USDT-M 永续合约,利率,衡量指标,记录资金费率计算涉及的利率分量。,例如在“溢价指数”中按对象和时间窗比较这个值；计算前先核对单位与口径。,0.00010000,transformed_test_fixture,https://github.com/cyberight-cap/fewunderstand/blob/23a854c2a02e6b52e424844648d4026737361caa/spider/binance-futures/tests/fixtures/raw_records.json,,premium_index,溢价指数,data.interest_rate,binance-futures.premium_index.data.interest_rate,app,field,binance-futures,binance-futures,binance-futures.premium_index,sha256:f1620ffa32315698b375587fe1c122404db9b82a56c98e66940100518206b35c
币安 USDT-M 永续合约,最近资金费率,衡量指标,记录最近一期资金费率，用于观察持仓成本。,例如观察同一合约资金费率是否连续升高，再对照价格与持仓变化。,0.00038246,transformed_test_fixture,https://github.com/cyberight-cap/fewunderstand/blob/23a854c2a02e6b52e424844648d4026737361caa/spider/binance-futures/tests/fixtures/raw_records.json,,premium_index,溢价指数,data.last_funding_rate,binance-futures.premium_index.data.last_funding_rate,app,field,binance-futures,binance-futures,binance-futures.premium_index,sha256:f1620ffa32315698b375587fe1c122404db9b82a56c98e66940100518206b35c
币安 USDT-M 永续合约,标记价格,衡量指标,记录交易所标记价格，用于与指数价格或费率一起观察。,例如比较标记价格和指数价格的偏离，作为检查合约市场状态的线索。,11793.63104562,transformed_test_fixture,https://github.com/cyberight-cap/fewunderstand/blob/23a854c2a02e6b52e424844648d4026737361caa/spider/binance-futures/tests/fixtures/raw_records.json,,premium_index,溢价指数,data.mark_price,binance-futures.premium_index.data.mark_price,app,field,binance-futures,binance-futures,binance-futures.premium_index,sha256:f1620ffa32315698b375587fe1c122404db9b82a56c98e66940100518206b35c
币安 USDT-M 永续合约,下次资金费率时间,时间定位,记录下一次资金费率结算时间，用于对齐费率窗口。,例如按同一时间窗分组，并检查记录是否过时。,1597392000000,transformed_test_fixture,https://github.com/cyberight-cap/fewunderstand/blob/23a854c2a02e6b52e424844648d4026737361caa/spider/binance-futures/tests/fixtures/raw_records.json,,premium_index,溢价指数,data.next_funding_time,binance-futures.premium_index.data.next_funding_time,app,field,binance-futures,binance-futures,binance-futures.premium_index,sha256:f1620ffa32315698b375587fe1c122404db9b82a56c98e66940100518206b35c
币安 USDT-M 永续合约,下次资金费率时间（ISO）,时间定位,以 ISO 时间格式记录下一次资金费率结算时间。,例如按同一时间窗分组，并检查记录是否过时。,2020-08-14T08:00:00Z,transformed_test_fixture,https://github.com/cyberight-cap/fewunderstand/blob/23a854c2a02e6b52e424844648d4026737361caa/spider/binance-futures/tests/fixtures/raw_records.json,,premium_index,溢价指数,data.next_funding_time_iso,binance-futures.premium_index.data.next_funding_time_iso,app,field,binance-futures,binance-futures,binance-futures.premium_index,sha256:f1620ffa32315698b375587fe1c122404db9b82a56c98e66940100518206b35c
币安 USDT-M 永续合约,去重键,来源与溯源,保存同一市场记录的去重键，用于避免重复计算。,例如排查一条指标的来源或重复记录时，用它回到原始查询和处理链。,binance_futures:premium_index:BTCUSDT:snapshot:1597370495002,transformed_test_fixture,https://github.com/cyberight-cap/fewunderstand/blob/23a854c2a02e6b52e424844648d4026737361caa/spider/binance-futures/tests/fixtures/raw_records.json,,premium_index,溢价指数,dedupe_key,binance-futures.premium_index.dedupe_key,app,field,binance-futures,binance-futures,binance-futures.premium_index,sha256:f1620ffa32315698b375587fe1c122404db9b82a56c98e66940100518206b35c
币安 USDT-M 永续合约,事件时间（毫秒）,时间定位,记录交易所事件时间（毫秒），用于对齐行情窗口。,例如按同一时间窗分组，并检查记录是否过时。,1597370495002,transformed_test_fixture,https://github.com/cyberight-cap/fewunderstand/blob/23a854c2a02e6b52e424844648d4026737361caa/spider/binance-futures/tests/fixtures/raw_records.json,,premium_index,溢价指数,event_time_ms,binance-futures.premium_index.event_time_ms,app,field,binance-futures,binance-futures,binance-futures.premium_index,sha256:f1620ffa32315698b375587fe1c122404db9b82a56c98e66940100518206b35c
币安 USDT-M 永续合约,交易所,对象识别,标记数据所属交易所，用于区分市场来源。,例如把同一对象在不同时间的记录对齐，再比较指标变化。,binance,transformed_test_fixture,https://github.com/cyberight-cap/fewunderstand/blob/23a854c2a02e6b52e424844648d4026737361caa/spider/binance-futures/tests/fixtures/raw_records.json,,premium_index,溢价指数,exchange,binance-futures.premium_index.exchange,app,field,binance-futures,binance-futures,binance-futures.premium_index,sha256:f1620ffa32315698b375587fe1c122404db9b82a56c98e66940100518206b35c
币安 USDT-M 永续合约,入库时间,时间定位,记录转换器处理数据的时间，用于排查处理延迟。,例如按同一时间窗分组，并检查记录是否过时。,2024-01-01T00:00:00Z,transformed_test_fixture,https://github.com/cyberight-cap/fewunderstand/blob/23a854c2a02e6b52e424844648d4026737361caa/spider/binance-futures/tests/fixtures/raw_records.json,,premium_index,溢价指数,ingested_at,binance-futures.premium_index.ingested_at,app,field,binance-futures,binance-futures,binance-futures.premium_index,sha256:f1620ffa32315698b375587fe1c122404db9b82a56c98e66940100518206b35c
币安 USDT-M 永续合约,市场类型,记录属性,区分现货、合约等市场类别，避免混用指标。,例如先用这个属性筛选可比较的记录，再查看对应的数值或内容。,usdt_m_futures,transformed_test_fixture,https://github.com/cyberight-cap/fewunderstand/blob/23a854c2a02e6b52e424844648d4026737361caa/spider/binance-futures/tests/fixtures/raw_records.json,,premium_index,溢价指数,market_type,binance-futures.premium_index.market_type,app,field,binance-futures,binance-futures,binance-futures.premium_index,sha256:f1620ffa32315698b375587fe1c122404db9b82a56c98e66940100518206b35c
币安 USDT-M 永续合约,指标类型,来源与溯源,指出 Binance 记录属于哪种指标，用于选择正确计算口径。,例如排查一条指标的来源或重复记录时，用它回到原始查询和处理链。,premium_index,transformed_test_fixture,https://github.com/cyberight-cap/fewunderstand/blob/23a854c2a02e6b52e424844648d4026737361caa/spider/binance-futures/tests/fixtures/raw_records.json,,premium_index,溢价指数,metric_type,binance-futures.premium_index.metric_type,v2,field,binance-futures,binance-futures,binance-futures.premium_index,sha256:f1620ffa32315698b375587fe1c122404db9b82a56c98e66940100518206b35c
币安 USDT-M 永续合约,周期,时间定位,记录市场指标的采样周期，用于对齐不同时间序列。,例如按同一时间窗分组，并检查记录是否过时。,,transformed_test_fixture,https://github.com/cyberight-cap/fewunderstand/blob/23a854c2a02e6b52e424844648d4026737361caa/spider/binance-futures/tests/fixtures/raw_records.json,,premium_index,溢价指数,period,binance-futures.premium_index.period,app,field,binance-futures,binance-futures,binance-futures.premium_index,sha256:f1620ffa32315698b375587fe1c122404db9b82a56c98e66940100518206b35c
币安 USDT-M 永续合约,计价资产,对象识别,指出交易对中的计价资产，用于区分不同报价市场。,例如把同一对象在不同时间的记录对齐，再比较指标变化。,USDT,transformed_test_fixture,https://github.com/cyberight-cap/fewunderstand/blob/23a854c2a02e6b52e424844648d4026737361caa/spider/binance-futures/tests/fixtures/raw_records.json,,premium_index,溢价指数,quote_asset,binance-futures.premium_index.quote_asset,app,field,binance-futures,binance-futures,binance-futures.premium_index,sha256:f1620ffa32315698b375587fe1c122404db9b82a56c98e66940100518206b35c
币安 USDT-M 永续合约,原始数据,原始或结构数据,保留上游原始返回，用于核对转换后的字段；不宜直接当作统一指标。,点开返回样本核对内部键，再决定是否需要提取为独立字段。,"{""symbol"": ""BTCUSDT"", ""markPrice"": ""11793.63104562"", ""indexPrice"": ""11781.80495970"", ""estimatedSettlePrice"": ""11781.16138815"", ""lastFundingRate"": ""0.00038246"", ""interestRate"": ""0.00010000"", ""nextFundingTime"": 1597392000000, ""time"": 1597370495002}",transformed_test_fixture,https://github.com/cyberight-cap/fewunderstand/blob/23a854c2a02e6b52e424844648d4026737361caa/spider/binance-futures/tests/fixtures/raw_records.json,,premium_index,溢价指数,raw,binance-futures.premium_index.raw,app,field,binance-futures,binance-futures,binance-futures.premium_index,sha256:f1620ffa32315698b375587fe1c122404db9b82a56c98e66940100518206b35c
币安 USDT-M 永续合约,来源,来源与溯源,标记这条记录的来源，用于筛选和核对数据出处。,例如排查一条指标的来源或重复记录时，用它回到原始查询和处理链。,binance_futures,transformed_test_fixture,https://github.com/cyberight-cap/fewunderstand/blob/23a854c2a02e6b52e424844648d4026737361caa/spider/binance-futures/tests/fixtures/raw_records.json,,premium_index,溢价指数,source,binance-futures.premium_index.source,app,field,binance-futures,binance-futures,binance-futures.premium_index,sha256:f1620ffa32315698b375587fe1c122404db9b82a56c98e66940100518206b35c
币安 USDT-M 永续合约,交易对,对象识别,标记交易对或资产代码，用于与其他市场记录关联；须核对市场。,例如把同一对象在不同时间的记录对齐，再比较指标变化。,BTCUSDT,transformed_test_fixture,https://github.com/cyberight-cap/fewunderstand/blob/23a854c2a02e6b52e424844648d4026737361caa/spider/binance-futures/tests/fixtures/raw_records.json,,premium_index,溢价指数,symbol,binance-futures.premium_index.symbol,v2,field,binance-futures,binance-futures,binance-futures.premium_index,sha256:f1620ffa32315698b375587fe1c122404db9b82a56c98e66940100518206b35c
币安 USDT-M 永续合约,记录时间,时间定位,记录该数据对应的时间点，用于排序或时间窗聚合。,例如按同一时间窗分组，并检查记录是否过时。,2020-08-14T02:01:35.002000Z,transformed_test_fixture,https://github.com/cyberight-cap/fewunderstand/blob/23a854c2a02e6b52e424844648d4026737361caa/spider/binance-futures/tests/fixtures/raw_records.json,,premium_index,溢价指数,timestamp,binance-futures.premium_index.timestamp,v2,field,binance-futures,binance-futures,binance-futures.premium_index,sha256:f1620ffa32315698b375587fe1c122404db9b82a56c98e66940100518206b35c
币安 USDT-M 永续合约,主动买卖多空比,记录类型,这类记录包含下列可展开的字段定义。,先选择记录类型，再查看字段用途与返回样本。,,unavailable,,,taker_long_short_ratio,主动买卖多空比,taker_long_short_ratio,binance-futures.taker_long_short_ratio,app,record_type,binance-futures,binance-futures,binance-futures.taker_long_short_ratio,sha256:f1620ffa32315698b375587fe1c122404db9b82a56c98e66940100518206b35c
币安 USDT-M 永续合约,基础资产,对象识别,指出交易对中的基础资产，用来把不同合约归到同一资产。,例如把同一对象在不同时间的记录对齐，再比较指标变化。,BTC,transformed_test_fixture,https://github.com/cyberight-cap/fewunderstand/blob/23a854c2a02e6b52e424844648d4026737361caa/spider/binance-futures/tests/fixtures/raw_records.json,,taker_long_short_ratio,主动买卖多空比,base_asset,binance-futures.taker_long_short_ratio.base_asset,app,field,binance-futures,binance-futures,binance-futures.taker_long_short_ratio,sha256:f1620ffa32315698b375587fe1c122404db9b82a56c98e66940100518206b35c
币安 USDT-M 永续合约,数据对象,原始或结构数据,装载这一类记录的主要业务数据；应继续展开具体子字段。,点开返回样本核对内部键，再决定是否需要提取为独立字段。,"{""buy_sell_ratio"": ""1.5586"", ""buy_volume"": ""387.3300"", ""sell_volume"": ""248.5030""}",transformed_test_fixture,https://github.com/cyberight-cap/fewunderstand/blob/23a854c2a02e6b52e424844648d4026737361caa/spider/binance-futures/tests/fixtures/raw_records.json,,taker_long_short_ratio,主动买卖多空比,data,binance-futures.taker_long_short_ratio.data,app,field,binance-futures,binance-futures,binance-futures.taker_long_short_ratio,sha256:f1620ffa32315698b375587fe1c122404db9b82a56c98e66940100518206b35c
币安 USDT-M 永续合约,买卖量比,衡量指标,比较主动买入量与主动卖出量，用于观察成交方向。,例如比较同一交易对连续几个周期的主动买卖比，寻找成交方向是否持续偏向一侧。,1.5586,transformed_test_fixture,https://github.com/cyberight-cap/fewunderstand/blob/23a854c2a02e6b52e424844648d4026737361caa/spider/binance-futures/tests/fixtures/raw_records.json,,taker_long_short_ratio,主动买卖多空比,data.buy_sell_ratio,binance-futures.taker_long_short_ratio.data.buy_sell_ratio,app,field,binance-futures,binance-futures,binance-futures.taker_long_short_ratio,sha256:f1620ffa32315698b375587fe1c122404db9b82a56c98e66940100518206b35c
币安 USDT-M 永续合约,买入量,衡量指标,记录主动买入的成交量，用于和卖出量比较。,例如在“主动买卖多空比”中按对象和时间窗比较这个值；计算前先核对单位与口径。,387.3300,transformed_test_fixture,https://github.com/cyberight-cap/fewunderstand/blob/23a854c2a02e6b52e424844648d4026737361caa/spider/binance-futures/tests/fixtures/raw_records.json,,taker_long_short_ratio,主动买卖多空比,data.buy_volume,binance-futures.taker_long_short_ratio.data.buy_volume,app,field,binance-futures,binance-futures,binance-futures.taker_long_short_ratio,sha256:f1620ffa32315698b375587fe1c122404db9b82a56c98e66940100518206b35c
币安 USDT-M 永续合约,卖出量,衡量指标,记录主动卖出的成交量，用于和买入量比较。,例如在“主动买卖多空比”中按对象和时间窗比较这个值；计算前先核对单位与口径。,248.5030,transformed_test_fixture,https://github.com/cyberight-cap/fewunderstand/blob/23a854c2a02e6b52e424844648d4026737361caa/spider/binance-futures/tests/fixtures/raw_records.json,,taker_long_short_ratio,主动买卖多空比,data.sell_volume,binance-futures.taker_long_short_ratio.data.sell_volume,app,field,binance-futures,binance-futures,binance-futures.taker_long_short_ratio,sha256:f1620ffa32315698b375587fe1c122404db9b82a56c98e66940100518206b35c
币安 USDT-M 永续合约,去重键,来源与溯源,保存同一市场记录的去重键，用于避免重复计算。,例如排查一条指标的来源或重复记录时，用它回到原始查询和处理链。,binance_futures:taker_long_short_ratio:BTCUSDT:5m:1585614900000,transformed_test_fixture,https://github.com/cyberight-cap/fewunderstand/blob/23a854c2a02e6b52e424844648d4026737361caa/spider/binance-futures/tests/fixtures/raw_records.json,,taker_long_short_ratio,主动买卖多空比,dedupe_key,binance-futures.taker_long_short_ratio.dedupe_key,app,field,binance-futures,binance-futures,binance-futures.taker_long_short_ratio,sha256:f1620ffa32315698b375587fe1c122404db9b82a56c98e66940100518206b35c
币安 USDT-M 永续合约,事件时间（毫秒）,时间定位,记录交易所事件时间（毫秒），用于对齐行情窗口。,例如按同一时间窗分组，并检查记录是否过时。,1585614900000,transformed_test_fixture,https://github.com/cyberight-cap/fewunderstand/blob/23a854c2a02e6b52e424844648d4026737361caa/spider/binance-futures/tests/fixtures/raw_records.json,,taker_long_short_ratio,主动买卖多空比,event_time_ms,binance-futures.taker_long_short_ratio.event_time_ms,app,field,binance-futures,binance-futures,binance-futures.taker_long_short_ratio,sha256:f1620ffa32315698b375587fe1c122404db9b82a56c98e66940100518206b35c
币安 USDT-M 永续合约,交易所,对象识别,标记数据所属交易所，用于区分市场来源。,例如把同一对象在不同时间的记录对齐，再比较指标变化。,binance,transformed_test_fixture,https://github.com/cyberight-cap/fewunderstand/blob/23a854c2a02e6b52e424844648d4026737361caa/spider/binance-futures/tests/fixtures/raw_records.json,,taker_long_short_ratio,主动买卖多空比,exchange,binance-futures.taker_long_short_ratio.exchange,app,field,binance-futures,binance-futures,binance-futures.taker_long_short_ratio,sha256:f1620ffa32315698b375587fe1c122404db9b82a56c98e66940100518206b35c
币安 USDT-M 永续合约,入库时间,时间定位,记录转换器处理数据的时间，用于排查处理延迟。,例如按同一时间窗分组，并检查记录是否过时。,2024-01-01T00:00:00Z,transformed_test_fixture,https://github.com/cyberight-cap/fewunderstand/blob/23a854c2a02e6b52e424844648d4026737361caa/spider/binance-futures/tests/fixtures/raw_records.json,,taker_long_short_ratio,主动买卖多空比,ingested_at,binance-futures.taker_long_short_ratio.ingested_at,app,field,binance-futures,binance-futures,binance-futures.taker_long_short_ratio,sha256:f1620ffa32315698b375587fe1c122404db9b82a56c98e66940100518206b35c
币安 USDT-M 永续合约,市场类型,记录属性,区分现货、合约等市场类别，避免混用指标。,例如先用这个属性筛选可比较的记录，再查看对应的数值或内容。,usdt_m_futures,transformed_test_fixture,https://github.com/cyberight-cap/fewunderstand/blob/23a854c2a02e6b52e424844648d4026737361caa/spider/binance-futures/tests/fixtures/raw_records.json,,taker_long_short_ratio,主动买卖多空比,market_type,binance-futures.taker_long_short_ratio.market_type,app,field,binance-futures,binance-futures,binance-futures.taker_long_short_ratio,sha256:f1620ffa32315698b375587fe1c122404db9b82a56c98e66940100518206b35c
币安 USDT-M 永续合约,指标类型,来源与溯源,指出 Binance 记录属于哪种指标，用于选择正确计算口径。,例如排查一条指标的来源或重复记录时，用它回到原始查询和处理链。,taker_long_short_ratio,transformed_test_fixture,https://github.com/cyberight-cap/fewunderstand/blob/23a854c2a02e6b52e424844648d4026737361caa/spider/binance-futures/tests/fixtures/raw_records.json,,taker_long_short_ratio,主动买卖多空比,metric_type,binance-futures.taker_long_short_ratio.metric_type,v2,field,binance-futures,binance-futures,binance-futures.taker_long_short_ratio,sha256:f1620ffa32315698b375587fe1c122404db9b82a56c98e66940100518206b35c
币安 USDT-M 永续合约,周期,时间定位,记录市场指标的采样周期，用于对齐不同时间序列。,例如按同一时间窗分组，并检查记录是否过时。,5m,transformed_test_fixture,https://github.com/cyberight-cap/fewunderstand/blob/23a854c2a02e6b52e424844648d4026737361caa/spider/binance-futures/tests/fixtures/raw_records.json,,taker_long_short_ratio,主动买卖多空比,period,binance-futures.taker_long_short_ratio.period,app,field,binance-futures,binance-futures,binance-futures.taker_long_short_ratio,sha256:f1620ffa32315698b375587fe1c122404db9b82a56c98e66940100518206b35c
币安 USDT-M 永续合约,计价资产,对象识别,指出交易对中的计价资产，用于区分不同报价市场。,例如把同一对象在不同时间的记录对齐，再比较指标变化。,USDT,transformed_test_fixture,https://github.com/cyberight-cap/fewunderstand/blob/23a854c2a02e6b52e424844648d4026737361caa/spider/binance-futures/tests/fixtures/raw_records.json,,taker_long_short_ratio,主动买卖多空比,quote_asset,binance-futures.taker_long_short_ratio.quote_asset,app,field,binance-futures,binance-futures,binance-futures.taker_long_short_ratio,sha256:f1620ffa32315698b375587fe1c122404db9b82a56c98e66940100518206b35c
币安 USDT-M 永续合约,原始数据,原始或结构数据,保留上游原始返回，用于核对转换后的字段；不宜直接当作统一指标。,点开返回样本核对内部键，再决定是否需要提取为独立字段。,"{""buySellRatio"": ""1.5586"", ""buyVol"": ""387.3300"", ""sellVol"": ""248.5030"", ""timestamp"": 1585614900000}",transformed_test_fixture,https://github.com/cyberight-cap/fewunderstand/blob/23a854c2a02e6b52e424844648d4026737361caa/spider/binance-futures/tests/fixtures/raw_records.json,,taker_long_short_ratio,主动买卖多空比,raw,binance-futures.taker_long_short_ratio.raw,app,field,binance-futures,binance-futures,binance-futures.taker_long_short_ratio,sha256:f1620ffa32315698b375587fe1c122404db9b82a56c98e66940100518206b35c
币安 USDT-M 永续合约,来源,来源与溯源,标记这条记录的来源，用于筛选和核对数据出处。,例如排查一条指标的来源或重复记录时，用它回到原始查询和处理链。,binance_futures,transformed_test_fixture,https://github.com/cyberight-cap/fewunderstand/blob/23a854c2a02e6b52e424844648d4026737361caa/spider/binance-futures/tests/fixtures/raw_records.json,,taker_long_short_ratio,主动买卖多空比,source,binance-futures.taker_long_short_ratio.source,app,field,binance-futures,binance-futures,binance-futures.taker_long_short_ratio,sha256:f1620ffa32315698b375587fe1c122404db9b82a56c98e66940100518206b35c
币安 USDT-M 永续合约,交易对,对象识别,标记交易对或资产代码，用于与其他市场记录关联；须核对市场。,例如把同一对象在不同时间的记录对齐，再比较指标变化。,BTCUSDT,transformed_test_fixture,https://github.com/cyberight-cap/fewunderstand/blob/23a854c2a02e6b52e424844648d4026737361caa/spider/binance-futures/tests/fixtures/raw_records.json,,taker_long_short_ratio,主动买卖多空比,symbol,binance-futures.taker_long_short_ratio.symbol,v2,field,binance-futures,binance-futures,binance-futures.taker_long_short_ratio,sha256:f1620ffa32315698b375587fe1c122404db9b82a56c98e66940100518206b35c
币安 USDT-M 永续合约,记录时间,时间定位,记录该数据对应的时间点，用于排序或时间窗聚合。,例如按同一时间窗分组，并检查记录是否过时。,2020-03-31T00:35:00Z,transformed_test_fixture,https://github.com/cyberight-cap/fewunderstand/blob/23a854c2a02e6b52e424844648d4026737361caa/spider/binance-futures/tests/fixtures/raw_records.json,,taker_long_short_ratio,主动买卖多空比,timestamp,binance-futures.taker_long_short_ratio.timestamp,v2,field,binance-futures,binance-futures,binance-futures.taker_long_short_ratio,sha256:f1620ffa32315698b375587fe1c122404db9b82a56c98e66940100518206b35c
币安 USDT-M 永续合约,头部账户多空比,记录类型,这类记录包含下列可展开的字段定义。,先选择记录类型，再查看字段用途与返回样本。,,unavailable,,,top_long_short_account_ratio,头部账户多空比,top_long_short_account_ratio,binance-futures.top_long_short_account_ratio,app,record_type,binance-futures,binance-futures,binance-futures.top_long_short_account_ratio,sha256:f1620ffa32315698b375587fe1c122404db9b82a56c98e66940100518206b35c
币安 USDT-M 永续合约,基础资产,对象识别,指出交易对中的基础资产，用来把不同合约归到同一资产。,例如把同一对象在不同时间的记录对齐，再比较指标变化。,BTC,transformed_test_fixture,https://github.com/cyberight-cap/fewunderstand/blob/23a854c2a02e6b52e424844648d4026737361caa/spider/binance-futures/tests/fixtures/raw_records.json,,top_long_short_account_ratio,头部账户多空比,base_asset,binance-futures.top_long_short_account_ratio.base_asset,app,field,binance-futures,binance-futures,binance-futures.top_long_short_account_ratio,sha256:f1620ffa32315698b375587fe1c122404db9b82a56c98e66940100518206b35c
币安 USDT-M 永续合约,数据对象,原始或结构数据,装载这一类记录的主要业务数据；应继续展开具体子字段。,点开返回样本核对内部键，再决定是否需要提取为独立字段。,"{""long_short_ratio"": ""1.8105"", ""long_proportion"": ""0.6442"", ""short_proportion"": ""0.3558""}",transformed_test_fixture,https://github.com/cyberight-cap/fewunderstand/blob/23a854c2a02e6b52e424844648d4026737361caa/spider/binance-futures/tests/fixtures/raw_records.json,,top_long_short_account_ratio,头部账户多空比,data,binance-futures.top_long_short_account_ratio.data,app,field,binance-futures,binance-futures,binance-futures.top_long_short_account_ratio,sha256:f1620ffa32315698b375587fe1c122404db9b82a56c98e66940100518206b35c
币安 USDT-M 永续合约,多头占比,衡量指标,记录统计对象中多头一侧的占比；比较前需确认统计人群。,例如在“头部账户多空比”中按对象和时间窗比较这个值；计算前先核对单位与口径。,0.6442,transformed_test_fixture,https://github.com/cyberight-cap/fewunderstand/blob/23a854c2a02e6b52e424844648d4026737361caa/spider/binance-futures/tests/fixtures/raw_records.json,,top_long_short_account_ratio,头部账户多空比,data.long_proportion,binance-futures.top_long_short_account_ratio.data.long_proportion,app,field,binance-futures,binance-futures,binance-futures.top_long_short_account_ratio,sha256:f1620ffa32315698b375587fe1c122404db9b82a56c98e66940100518206b35c
币安 USDT-M 永续合约,多空比,衡量指标,记录多头与空头的比值；比较前需确认账户或持仓口径。,例如在相同统计人群与周期下跟踪多空比趋势，避免直接与另一口径的比值比较。,1.8105,transformed_test_fixture,https://github.com/cyberight-cap/fewunderstand/blob/23a854c2a02e6b52e424844648d4026737361caa/spider/binance-futures/tests/fixtures/raw_records.json,,top_long_short_account_ratio,头部账户多空比,data.long_short_ratio,binance-futures.top_long_short_account_ratio.data.long_short_ratio,app,field,binance-futures,binance-futures,binance-futures.top_long_short_account_ratio,sha256:f1620ffa32315698b375587fe1c122404db9b82a56c98e66940100518206b35c
币安 USDT-M 永续合约,空头占比,衡量指标,记录统计对象中空头一侧的占比；比较前需确认统计人群。,例如在“头部账户多空比”中按对象和时间窗比较这个值；计算前先核对单位与口径。,0.3558,transformed_test_fixture,https://github.com/cyberight-cap/fewunderstand/blob/23a854c2a02e6b52e424844648d4026737361caa/spider/binance-futures/tests/fixtures/raw_records.json,,top_long_short_account_ratio,头部账户多空比,data.short_proportion,binance-futures.top_long_short_account_ratio.data.short_proportion,app,field,binance-futures,binance-futures,binance-futures.top_long_short_account_ratio,sha256:f1620ffa32315698b375587fe1c122404db9b82a56c98e66940100518206b35c
币安 USDT-M 永续合约,去重键,来源与溯源,保存同一市场记录的去重键，用于避免重复计算。,例如排查一条指标的来源或重复记录时，用它回到原始查询和处理链。,binance_futures:top_long_short_account_ratio:BTCUSDT:5m:1583139600000,transformed_test_fixture,https://github.com/cyberight-cap/fewunderstand/blob/23a854c2a02e6b52e424844648d4026737361caa/spider/binance-futures/tests/fixtures/raw_records.json,,top_long_short_account_ratio,头部账户多空比,dedupe_key,binance-futures.top_long_short_account_ratio.dedupe_key,app,field,binance-futures,binance-futures,binance-futures.top_long_short_account_ratio,sha256:f1620ffa32315698b375587fe1c122404db9b82a56c98e66940100518206b35c
币安 USDT-M 永续合约,事件时间（毫秒）,时间定位,记录交易所事件时间（毫秒），用于对齐行情窗口。,例如按同一时间窗分组，并检查记录是否过时。,1583139600000,transformed_test_fixture,https://github.com/cyberight-cap/fewunderstand/blob/23a854c2a02e6b52e424844648d4026737361caa/spider/binance-futures/tests/fixtures/raw_records.json,,top_long_short_account_ratio,头部账户多空比,event_time_ms,binance-futures.top_long_short_account_ratio.event_time_ms,app,field,binance-futures,binance-futures,binance-futures.top_long_short_account_ratio,sha256:f1620ffa32315698b375587fe1c122404db9b82a56c98e66940100518206b35c
币安 USDT-M 永续合约,交易所,对象识别,标记数据所属交易所，用于区分市场来源。,例如把同一对象在不同时间的记录对齐，再比较指标变化。,binance,transformed_test_fixture,https://github.com/cyberight-cap/fewunderstand/blob/23a854c2a02e6b52e424844648d4026737361caa/spider/binance-futures/tests/fixtures/raw_records.json,,top_long_short_account_ratio,头部账户多空比,exchange,binance-futures.top_long_short_account_ratio.exchange,app,field,binance-futures,binance-futures,binance-futures.top_long_short_account_ratio,sha256:f1620ffa32315698b375587fe1c122404db9b82a56c98e66940100518206b35c
币安 USDT-M 永续合约,入库时间,时间定位,记录转换器处理数据的时间，用于排查处理延迟。,例如按同一时间窗分组，并检查记录是否过时。,2024-01-01T00:00:00Z,transformed_test_fixture,https://github.com/cyberight-cap/fewunderstand/blob/23a854c2a02e6b52e424844648d4026737361caa/spider/binance-futures/tests/fixtures/raw_records.json,,top_long_short_account_ratio,头部账户多空比,ingested_at,binance-futures.top_long_short_account_ratio.ingested_at,app,field,binance-futures,binance-futures,binance-futures.top_long_short_account_ratio,sha256:f1620ffa32315698b375587fe1c122404db9b82a56c98e66940100518206b35c
币安 USDT-M 永续合约,市场类型,记录属性,区分现货、合约等市场类别，避免混用指标。,例如先用这个属性筛选可比较的记录，再查看对应的数值或内容。,usdt_m_futures,transformed_test_fixture,https://github.com/cyberight-cap/fewunderstand/blob/23a854c2a02e6b52e424844648d4026737361caa/spider/binance-futures/tests/fixtures/raw_records.json,,top_long_short_account_ratio,头部账户多空比,market_type,binance-futures.top_long_short_account_ratio.market_type,app,field,binance-futures,binance-futures,binance-futures.top_long_short_account_ratio,sha256:f1620ffa32315698b375587fe1c122404db9b82a56c98e66940100518206b35c
币安 USDT-M 永续合约,指标类型,来源与溯源,指出 Binance 记录属于哪种指标，用于选择正确计算口径。,例如排查一条指标的来源或重复记录时，用它回到原始查询和处理链。,top_long_short_account_ratio,transformed_test_fixture,https://github.com/cyberight-cap/fewunderstand/blob/23a854c2a02e6b52e424844648d4026737361caa/spider/binance-futures/tests/fixtures/raw_records.json,,top_long_short_account_ratio,头部账户多空比,metric_type,binance-futures.top_long_short_account_ratio.metric_type,v2,field,binance-futures,binance-futures,binance-futures.top_long_short_account_ratio,sha256:f1620ffa32315698b375587fe1c122404db9b82a56c98e66940100518206b35c
币安 USDT-M 永续合约,周期,时间定位,记录市场指标的采样周期，用于对齐不同时间序列。,例如按同一时间窗分组，并检查记录是否过时。,5m,transformed_test_fixture,https://github.com/cyberight-cap/fewunderstand/blob/23a854c2a02e6b52e424844648d4026737361caa/spider/binance-futures/tests/fixtures/raw_records.json,,top_long_short_account_ratio,头部账户多空比,period,binance-futures.top_long_short_account_ratio.period,app,field,binance-futures,binance-futures,binance-futures.top_long_short_account_ratio,sha256:f1620ffa32315698b375587fe1c122404db9b82a56c98e66940100518206b35c
币安 USDT-M 永续合约,计价资产,对象识别,指出交易对中的计价资产，用于区分不同报价市场。,例如把同一对象在不同时间的记录对齐，再比较指标变化。,USDT,transformed_test_fixture,https://github.com/cyberight-cap/fewunderstand/blob/23a854c2a02e6b52e424844648d4026737361caa/spider/binance-futures/tests/fixtures/raw_records.json,,top_long_short_account_ratio,头部账户多空比,quote_asset,binance-futures.top_long_short_account_ratio.quote_asset,app,field,binance-futures,binance-futures,binance-futures.top_long_short_account_ratio,sha256:f1620ffa32315698b375587fe1c122404db9b82a56c98e66940100518206b35c
币安 USDT-M 永续合约,原始数据,原始或结构数据,保留上游原始返回，用于核对转换后的字段；不宜直接当作统一指标。,点开返回样本核对内部键，再决定是否需要提取为独立字段。,"{""symbol"": ""BTCUSDT"", ""longShortRatio"": ""1.8105"", ""longAccount"": ""0.6442"", ""shortAccount"": ""0.3558"", ""timestamp"": 1583139600000}",transformed_test_fixture,https://github.com/cyberight-cap/fewunderstand/blob/23a854c2a02e6b52e424844648d4026737361caa/spider/binance-futures/tests/fixtures/raw_records.json,,top_long_short_account_ratio,头部账户多空比,raw,binance-futures.top_long_short_account_ratio.raw,app,field,binance-futures,binance-futures,binance-futures.top_long_short_account_ratio,sha256:f1620ffa32315698b375587fe1c122404db9b82a56c98e66940100518206b35c
币安 USDT-M 永续合约,来源,来源与溯源,标记这条记录的来源，用于筛选和核对数据出处。,例如排查一条指标的来源或重复记录时，用它回到原始查询和处理链。,binance_futures,transformed_test_fixture,https://github.com/cyberight-cap/fewunderstand/blob/23a854c2a02e6b52e424844648d4026737361caa/spider/binance-futures/tests/fixtures/raw_records.json,,top_long_short_account_ratio,头部账户多空比,source,binance-futures.top_long_short_account_ratio.source,app,field,binance-futures,binance-futures,binance-futures.top_long_short_account_ratio,sha256:f1620ffa32315698b375587fe1c122404db9b82a56c98e66940100518206b35c
币安 USDT-M 永续合约,交易对,对象识别,标记交易对或资产代码，用于与其他市场记录关联；须核对市场。,例如把同一对象在不同时间的记录对齐，再比较指标变化。,BTCUSDT,transformed_test_fixture,https://github.com/cyberight-cap/fewunderstand/blob/23a854c2a02e6b52e424844648d4026737361caa/spider/binance-futures/tests/fixtures/raw_records.json,,top_long_short_account_ratio,头部账户多空比,symbol,binance-futures.top_long_short_account_ratio.symbol,v2,field,binance-futures,binance-futures,binance-futures.top_long_short_account_ratio,sha256:f1620ffa32315698b375587fe1c122404db9b82a56c98e66940100518206b35c
币安 USDT-M 永续合约,记录时间,时间定位,记录该数据对应的时间点，用于排序或时间窗聚合。,例如按同一时间窗分组，并检查记录是否过时。,2020-03-02T09:00:00Z,transformed_test_fixture,https://github.com/cyberight-cap/fewunderstand/blob/23a854c2a02e6b52e424844648d4026737361caa/spider/binance-futures/tests/fixtures/raw_records.json,,top_long_short_account_ratio,头部账户多空比,timestamp,binance-futures.top_long_short_account_ratio.timestamp,v2,field,binance-futures,binance-futures,binance-futures.top_long_short_account_ratio,sha256:f1620ffa32315698b375587fe1c122404db9b82a56c98e66940100518206b35c
币安 USDT-M 永续合约,头部持仓多空比,记录类型,这类记录包含下列可展开的字段定义。,先选择记录类型，再查看字段用途与返回样本。,,unavailable,,,top_long_short_position_ratio,头部持仓多空比,top_long_short_position_ratio,binance-futures.top_long_short_position_ratio,app,record_type,binance-futures,binance-futures,binance-futures.top_long_short_position_ratio,sha256:f1620ffa32315698b375587fe1c122404db9b82a56c98e66940100518206b35c
币安 USDT-M 永续合约,基础资产,对象识别,指出交易对中的基础资产，用来把不同合约归到同一资产。,例如把同一对象在不同时间的记录对齐，再比较指标变化。,BTC,transformed_test_fixture,https://github.com/cyberight-cap/fewunderstand/blob/23a854c2a02e6b52e424844648d4026737361caa/spider/binance-futures/tests/fixtures/raw_records.json,,top_long_short_position_ratio,头部持仓多空比,base_asset,binance-futures.top_long_short_position_ratio.base_asset,app,field,binance-futures,binance-futures,binance-futures.top_long_short_position_ratio,sha256:f1620ffa32315698b375587fe1c122404db9b82a56c98e66940100518206b35c
币安 USDT-M 永续合约,数据对象,原始或结构数据,装载这一类记录的主要业务数据；应继续展开具体子字段。,点开返回样本核对内部键，再决定是否需要提取为独立字段。,"{""long_short_ratio"": ""1.4342"", ""long_proportion"": ""0.5891"", ""short_proportion"": ""0.4109""}",transformed_test_fixture,https://github.com/cyberight-cap/fewunderstand/blob/23a854c2a02e6b52e424844648d4026737361caa/spider/binance-futures/tests/fixtures/raw_records.json,,top_long_short_position_ratio,头部持仓多空比,data,binance-futures.top_long_short_position_ratio.data,app,field,binance-futures,binance-futures,binance-futures.top_long_short_position_ratio,sha256:f1620ffa32315698b375587fe1c122404db9b82a56c98e66940100518206b35c
币安 USDT-M 永续合约,多头占比,衡量指标,记录统计对象中多头一侧的占比；比较前需确认统计人群。,例如在“头部持仓多空比”中按对象和时间窗比较这个值；计算前先核对单位与口径。,0.5891,transformed_test_fixture,https://github.com/cyberight-cap/fewunderstand/blob/23a854c2a02e6b52e424844648d4026737361caa/spider/binance-futures/tests/fixtures/raw_records.json,,top_long_short_position_ratio,头部持仓多空比,data.long_proportion,binance-futures.top_long_short_position_ratio.data.long_proportion,app,field,binance-futures,binance-futures,binance-futures.top_long_short_position_ratio,sha256:f1620ffa32315698b375587fe1c122404db9b82a56c98e66940100518206b35c
币安 USDT-M 永续合约,多空比,衡量指标,记录多头与空头的比值；比较前需确认账户或持仓口径。,例如在相同统计人群与周期下跟踪多空比趋势，避免直接与另一口径的比值比较。,1.4342,transformed_test_fixture,https://github.com/cyberight-cap/fewunderstand/blob/23a854c2a02e6b52e424844648d4026737361caa/spider/binance-futures/tests/fixtures/raw_records.json,,top_long_short_position_ratio,头部持仓多空比,data.long_short_ratio,binance-futures.top_long_short_position_ratio.data.long_short_ratio,app,field,binance-futures,binance-futures,binance-futures.top_long_short_position_ratio,sha256:f1620ffa32315698b375587fe1c122404db9b82a56c98e66940100518206b35c
币安 USDT-M 永续合约,空头占比,衡量指标,记录统计对象中空头一侧的占比；比较前需确认统计人群。,例如在“头部持仓多空比”中按对象和时间窗比较这个值；计算前先核对单位与口径。,0.4109,transformed_test_fixture,https://github.com/cyberight-cap/fewunderstand/blob/23a854c2a02e6b52e424844648d4026737361caa/spider/binance-futures/tests/fixtures/raw_records.json,,top_long_short_position_ratio,头部持仓多空比,data.short_proportion,binance-futures.top_long_short_position_ratio.data.short_proportion,app,field,binance-futures,binance-futures,binance-futures.top_long_short_position_ratio,sha256:f1620ffa32315698b375587fe1c122404db9b82a56c98e66940100518206b35c
币安 USDT-M 永续合约,去重键,来源与溯源,保存同一市场记录的去重键，用于避免重复计算。,例如排查一条指标的来源或重复记录时，用它回到原始查询和处理链。,binance_futures:top_long_short_position_ratio:BTCUSDT:5m:1583139600000,transformed_test_fixture,https://github.com/cyberight-cap/fewunderstand/blob/23a854c2a02e6b52e424844648d4026737361caa/spider/binance-futures/tests/fixtures/raw_records.json,,top_long_short_position_ratio,头部持仓多空比,dedupe_key,binance-futures.top_long_short_position_ratio.dedupe_key,app,field,binance-futures,binance-futures,binance-futures.top_long_short_position_ratio,sha256:f1620ffa32315698b375587fe1c122404db9b82a56c98e66940100518206b35c
币安 USDT-M 永续合约,事件时间（毫秒）,时间定位,记录交易所事件时间（毫秒），用于对齐行情窗口。,例如按同一时间窗分组，并检查记录是否过时。,1583139600000,transformed_test_fixture,https://github.com/cyberight-cap/fewunderstand/blob/23a854c2a02e6b52e424844648d4026737361caa/spider/binance-futures/tests/fixtures/raw_records.json,,top_long_short_position_ratio,头部持仓多空比,event_time_ms,binance-futures.top_long_short_position_ratio.event_time_ms,app,field,binance-futures,binance-futures,binance-futures.top_long_short_position_ratio,sha256:f1620ffa32315698b375587fe1c122404db9b82a56c98e66940100518206b35c
币安 USDT-M 永续合约,交易所,对象识别,标记数据所属交易所，用于区分市场来源。,例如把同一对象在不同时间的记录对齐，再比较指标变化。,binance,transformed_test_fixture,https://github.com/cyberight-cap/fewunderstand/blob/23a854c2a02e6b52e424844648d4026737361caa/spider/binance-futures/tests/fixtures/raw_records.json,,top_long_short_position_ratio,头部持仓多空比,exchange,binance-futures.top_long_short_position_ratio.exchange,app,field,binance-futures,binance-futures,binance-futures.top_long_short_position_ratio,sha256:f1620ffa32315698b375587fe1c122404db9b82a56c98e66940100518206b35c
币安 USDT-M 永续合约,入库时间,时间定位,记录转换器处理数据的时间，用于排查处理延迟。,例如按同一时间窗分组，并检查记录是否过时。,2024-01-01T00:00:00Z,transformed_test_fixture,https://github.com/cyberight-cap/fewunderstand/blob/23a854c2a02e6b52e424844648d4026737361caa/spider/binance-futures/tests/fixtures/raw_records.json,,top_long_short_position_ratio,头部持仓多空比,ingested_at,binance-futures.top_long_short_position_ratio.ingested_at,app,field,binance-futures,binance-futures,binance-futures.top_long_short_position_ratio,sha256:f1620ffa32315698b375587fe1c122404db9b82a56c98e66940100518206b35c
币安 USDT-M 永续合约,市场类型,记录属性,区分现货、合约等市场类别，避免混用指标。,例如先用这个属性筛选可比较的记录，再查看对应的数值或内容。,usdt_m_futures,transformed_test_fixture,https://github.com/cyberight-cap/fewunderstand/blob/23a854c2a02e6b52e424844648d4026737361caa/spider/binance-futures/tests/fixtures/raw_records.json,,top_long_short_position_ratio,头部持仓多空比,market_type,binance-futures.top_long_short_position_ratio.market_type,app,field,binance-futures,binance-futures,binance-futures.top_long_short_position_ratio,sha256:f1620ffa32315698b375587fe1c122404db9b82a56c98e66940100518206b35c
币安 USDT-M 永续合约,指标类型,来源与溯源,指出 Binance 记录属于哪种指标，用于选择正确计算口径。,例如排查一条指标的来源或重复记录时，用它回到原始查询和处理链。,top_long_short_position_ratio,transformed_test_fixture,https://github.com/cyberight-cap/fewunderstand/blob/23a854c2a02e6b52e424844648d4026737361caa/spider/binance-futures/tests/fixtures/raw_records.json,,top_long_short_position_ratio,头部持仓多空比,metric_type,binance-futures.top_long_short_position_ratio.metric_type,v2,field,binance-futures,binance-futures,binance-futures.top_long_short_position_ratio,sha256:f1620ffa32315698b375587fe1c122404db9b82a56c98e66940100518206b35c
币安 USDT-M 永续合约,周期,时间定位,记录市场指标的采样周期，用于对齐不同时间序列。,例如按同一时间窗分组，并检查记录是否过时。,5m,transformed_test_fixture,https://github.com/cyberight-cap/fewunderstand/blob/23a854c2a02e6b52e424844648d4026737361caa/spider/binance-futures/tests/fixtures/raw_records.json,,top_long_short_position_ratio,头部持仓多空比,period,binance-futures.top_long_short_position_ratio.period,app,field,binance-futures,binance-futures,binance-futures.top_long_short_position_ratio,sha256:f1620ffa32315698b375587fe1c122404db9b82a56c98e66940100518206b35c
币安 USDT-M 永续合约,计价资产,对象识别,指出交易对中的计价资产，用于区分不同报价市场。,例如把同一对象在不同时间的记录对齐，再比较指标变化。,USDT,transformed_test_fixture,https://github.com/cyberight-cap/fewunderstand/blob/23a854c2a02e6b52e424844648d4026737361caa/spider/binance-futures/tests/fixtures/raw_records.json,,top_long_short_position_ratio,头部持仓多空比,quote_asset,binance-futures.top_long_short_position_ratio.quote_asset,app,field,binance-futures,binance-futures,binance-futures.top_long_short_position_ratio,sha256:f1620ffa32315698b375587fe1c122404db9b82a56c98e66940100518206b35c
币安 USDT-M 永续合约,原始数据,原始或结构数据,保留上游原始返回，用于核对转换后的字段；不宜直接当作统一指标。,点开返回样本核对内部键，再决定是否需要提取为独立字段。,"{""symbol"": ""BTCUSDT"", ""longShortRatio"": ""1.4342"", ""longAccount"": ""0.5891"", ""shortAccount"": ""0.4109"", ""timestamp"": 1583139600000}",transformed_test_fixture,https://github.com/cyberight-cap/fewunderstand/blob/23a854c2a02e6b52e424844648d4026737361caa/spider/binance-futures/tests/fixtures/raw_records.json,,top_long_short_position_ratio,头部持仓多空比,raw,binance-futures.top_long_short_position_ratio.raw,app,field,binance-futures,binance-futures,binance-futures.top_long_short_position_ratio,sha256:f1620ffa32315698b375587fe1c122404db9b82a56c98e66940100518206b35c
币安 USDT-M 永续合约,来源,来源与溯源,标记这条记录的来源，用于筛选和核对数据出处。,例如排查一条指标的来源或重复记录时，用它回到原始查询和处理链。,binance_futures,transformed_test_fixture,https://github.com/cyberight-cap/fewunderstand/blob/23a854c2a02e6b52e424844648d4026737361caa/spider/binance-futures/tests/fixtures/raw_records.json,,top_long_short_position_ratio,头部持仓多空比,source,binance-futures.top_long_short_position_ratio.source,app,field,binance-futures,binance-futures,binance-futures.top_long_short_position_ratio,sha256:f1620ffa32315698b375587fe1c122404db9b82a56c98e66940100518206b35c
币安 USDT-M 永续合约,交易对,对象识别,标记交易对或资产代码，用于与其他市场记录关联；须核对市场。,例如把同一对象在不同时间的记录对齐，再比较指标变化。,BTCUSDT,transformed_test_fixture,https://github.com/cyberight-cap/fewunderstand/blob/23a854c2a02e6b52e424844648d4026737361caa/spider/binance-futures/tests/fixtures/raw_records.json,,top_long_short_position_ratio,头部持仓多空比,symbol,binance-futures.top_long_short_position_ratio.symbol,v2,field,binance-futures,binance-futures,binance-futures.top_long_short_position_ratio,sha256:f1620ffa32315698b375587fe1c122404db9b82a56c98e66940100518206b35c
币安 USDT-M 永续合约,记录时间,时间定位,记录该数据对应的时间点，用于排序或时间窗聚合。,例如按同一时间窗分组，并检查记录是否过时。,2020-03-02T09:00:00Z,transformed_test_fixture,https://github.com/cyberight-cap/fewunderstand/blob/23a854c2a02e6b52e424844648d4026737361caa/spider/binance-futures/tests/fixtures/raw_records.json,,top_long_short_position_ratio,头部持仓多空比,timestamp,binance-futures.top_long_short_position_ratio.timestamp,v2,field,binance-futures,binance-futures,binance-futures.top_long_short_position_ratio,sha256:f1620ffa32315698b375587fe1c122404db9b82a56c98e66940100518206b35c
CoinGecko 市场数据,市场快照,记录类型,这类记录包含下列可展开的字段定义。,先选择记录类型，再查看字段用途与返回样本。,,unavailable,,,market_snapshot,市场快照,market_snapshot,coingecko.market_snapshot,app,record_type,coingecko,coingecko,coingecko.market_snapshot,sha256:f1620ffa32315698b375587fe1c122404db9b82a56c98e66940100518206b35c
CoinGecko 市场数据,采集时间,时间定位,记录采集器取得数据的时间，用于判断数据是否过时。,例如按同一时间窗分组，并检查记录是否过时。,,unavailable,,,market_snapshot,市场快照,collected_at,coingecko.market_snapshot.collected_at,app,field,coingecko,coingecko,coingecko.market_snapshot,sha256:f1620ffa32315698b375587fe1c122404db9b82a56c98e66940100518206b35c
CoinGecko 市场数据,市值,衡量指标,记录资产市值，用于观察规模或筛选资产。,例如按市值筛选研究范围，再观察同一资产的市值变化。,1703952687832,upstream_api,https://api.coingecko.com/api/v3/coins/markets?vs_currency=usd&per_page=1&page=1,2026-09-27T08:20:22Z,market_snapshot,市场快照,market_cap,coingecko.market_snapshot.market_cap,app,field,coingecko,coingecko,coingecko.market_snapshot,sha256:f1620ffa32315698b375587fe1c122404db9b82a56c98e66940100518206b35c
CoinGecko 市场数据,根对象,原始或结构数据,保存供应商返回的开放对象；内部键随响应变化，需查看样本后再选字段。,点开返回样本核对内部键，再决定是否需要提取为独立字段。,,unavailable,,,market_snapshot,市场快照,root,coingecko.market_snapshot.root,app,field,coingecko,coingecko,coingecko.market_snapshot,sha256:f1620ffa32315698b375587fe1c122404db9b82a56c98e66940100518206b35c
RSS 新闻,新闻条目,记录类型,这类记录包含下列可展开的字段定义。,先选择记录类型，再查看字段用途与返回样本。,,unavailable,,,rss_news_item,新闻条目,rss_news_item,crypto-rss-collector.rss_news_item,app,record_type,rss,crypto-rss-collector,crypto-rss-collector.rss_news_item,sha256:f1620ffa32315698b375587fe1c122404db9b82a56c98e66940100518206b35c
RSS 新闻,类别,内容理解,标记新闻的分类，便于按主题筛选。,例如筛选与目标项目相关的内容，再点回原文人工核查。,,unavailable,,,rss_news_item,新闻条目,category,crypto-rss-collector.rss_news_item.category,app,field,rss,crypto-rss-collector,crypto-rss-collector.rss_news_item,sha256:f1620ffa32315698b375587fe1c122404db9b82a56c98e66940100518206b35c
RSS 新闻,链接,对象识别,保存新闻原文链接，用于回看来源和核查内容。,例如发现相关新闻后点回原文，核对标题是否准确反映正文。,,unavailable,,,rss_news_item,新闻条目,link,crypto-rss-collector.rss_news_item.link,app,field,rss,crypto-rss-collector,crypto-rss-collector.rss_news_item,sha256:f1620ffa32315698b375587fe1c122404db9b82a56c98e66940100518206b35c
RSS 新闻,发布时间,时间定位,记录新闻的发布时间，用于按事件时间排序。,例如按同一时间窗分组，并检查记录是否过时。,2000-01-01T00:00:00+00:00,documented_format,,,rss_news_item,新闻条目,published,crypto-rss-collector.rss_news_item.published,v2,field,rss,crypto-rss-collector,crypto-rss-collector.rss_news_item,sha256:f1620ffa32315698b375587fe1c122404db9b82a56c98e66940100518206b35c
RSS 新闻,来源,来源与溯源,标记这条记录的来源，用于筛选和核对数据出处。,例如排查一条指标的来源或重复记录时，用它回到原始查询和处理链。,example-feed,synthetic,,,rss_news_item,新闻条目,source,crypto-rss-collector.rss_news_item.source,v2,field,rss,crypto-rss-collector,crypto-rss-collector.rss_news_item,sha256:f1620ffa32315698b375587fe1c122404db9b82a56c98e66940100518206b35c
RSS 新闻,摘要,内容理解,保存新闻摘要，用于快速判断内容是否相关。,例如快速筛选新闻是否涉及目标项目，再点开原文确认。,,unavailable,,,rss_news_item,新闻条目,summary,crypto-rss-collector.rss_news_item.summary,app,field,rss,crypto-rss-collector,crypto-rss-collector.rss_news_item,sha256:f1620ffa32315698b375587fe1c122404db9b82a56c98e66940100518206b35c
RSS 新闻,标题,内容理解,保存内容标题，用于快速判断主题。,例如先用标题筛选相关内容，再用正文或原文链接验证。,,unavailable,,,rss_news_item,新闻条目,title,crypto-rss-collector.rss_news_item.title,app,field,rss,crypto-rss-collector,crypto-rss-collector.rss_news_item,sha256:f1620ffa32315698b375587fe1c122404db9b82a56c98e66940100518206b35c
DexScreener 交易对,市场快照,记录类型,这类记录包含下列可展开的字段定义。,先选择记录类型，再查看字段用途与返回样本。,,unavailable,,,market_snapshot,市场快照,market_snapshot,dexscreener.market_snapshot,app,record_type,dexscreener,dexscreener,dexscreener.market_snapshot,sha256:f1620ffa32315698b375587fe1c122404db9b82a56c98e66940100518206b35c
DexScreener 交易对,根对象,原始或结构数据,保存供应商返回的开放对象；内部键随响应变化，需查看样本后再选字段。,点开返回样本核对内部键，再决定是否需要提取为独立字段。,,unavailable,,,market_snapshot,市场快照,root,dexscreener.market_snapshot.root,app,field,dexscreener,dexscreener,dexscreener.market_snapshot,sha256:f1620ffa32315698b375587fe1c122404db9b82a56c98e66940100518206b35c
Kaito 社交数据,对象账户关注份额,记录类型,这类记录包含下列可展开的字段定义。,先选择记录类型，再查看字段用途与返回样本。,,unavailable,,,kaito_entity_account_mindshare,对象账户关注份额,kaito_entity_account_mindshare,kaito-social-spider.kaito_entity_account_mindshare,app,record_type,kaito,kaito-social-spider,kaito-social-spider.kaito_entity_account_mindshare,sha256:f1620ffa32315698b375587fe1c122404db9b82a56c98e66940100518206b35c
Kaito 社交数据,作者,内容理解,指出内容的作者，便于按发布者汇总或回到原帖。,例如筛选与目标项目相关的内容，再点回原文人工核查。,smart_kol,transformed_test_fixture,https://github.com/cyberight-cap/fewunderstand/blob/23a854c2a02e6b52e424844648d4026737361caa/spider/kaito-social-spider/tests/fixtures/kaito_p0_raw.json,,kaito_entity_account_mindshare,对象账户关注份额,author,kaito-social-spider.kaito_entity_account_mindshare.author,app,field,kaito,kaito-social-spider,kaito-social-spider.kaito_entity_account_mindshare,sha256:f1620ffa32315698b375587fe1c122404db9b82a56c98e66940100518206b35c
Kaito 社交数据,数据对象,原始或结构数据,装载这一类记录的主要业务数据；应继续展开具体子字段。,点开返回样本核对内部键，再决定是否需要提取为独立字段。,"{""platform"": ""kaito"", ""content_type"": ""social_intelligence"", ""record_type"": ""kaito_entity_account_mindshare"", ""entity"": {""kaito_id"": ""pendle"", ""symbol"": ""PENDLE"", ""name"": null, ""coingecko_slug"": null}, ""window"": ""7d"", ""metrics"": {""mindshare"": 0.003, ""rank"": 1, ""mindshare_current"": 0.003}, ""request"": {""tool"": ""kaito_mindshare_entity_by_account"", ""params_hash"": ""526611bf2ae66512"", ""window_start"": null, ""window_end"": null, ""window"": ""7d""}, ""raw"": {""entity_id"": ""pendle"", ""symbol"": ""PENDLE"", ""username"": ""smart_kol"", ""mindshare"": 0.003, ""rank"": 1}}",transformed_test_fixture,https://github.com/cyberight-cap/fewunderstand/blob/23a854c2a02e6b52e424844648d4026737361caa/spider/kaito-social-spider/tests/fixtures/kaito_p0_raw.json,,kaito_entity_account_mindshare,对象账户关注份额,data,kaito-social-spider.kaito_entity_account_mindshare.data,app,field,kaito,kaito-social-spider,kaito-social-spider.kaito_entity_account_mindshare,sha256:f1620ffa32315698b375587fe1c122404db9b82a56c98e66940100518206b35c
Kaito 社交数据,内容类型,记录属性,说明 Kaito 记录的内容类别，便于区分不同内容。,例如先用这个属性筛选可比较的记录，再查看对应的数值或内容。,social_intelligence,transformed_test_fixture,https://github.com/cyberight-cap/fewunderstand/blob/23a854c2a02e6b52e424844648d4026737361caa/spider/kaito-social-spider/tests/fixtures/kaito_p0_raw.json,,kaito_entity_account_mindshare,对象账户关注份额,data.content_type,kaito-social-spider.kaito_entity_account_mindshare.data.content_type,app,field,kaito,kaito-social-spider,kaito-social-spider.kaito_entity_account_mindshare,sha256:f1620ffa32315698b375587fe1c122404db9b82a56c98e66940100518206b35c
Kaito 社交数据,对象信息,原始或结构数据,保存被分析对象的身份信息，用于关联同一项目或资产。,点开返回样本核对内部键，再决定是否需要提取为独立字段。,"{""kaito_id"": ""pendle"", ""symbol"": ""PENDLE"", ""name"": null, ""coingecko_slug"": null}",transformed_test_fixture,https://github.com/cyberight-cap/fewunderstand/blob/23a854c2a02e6b52e424844648d4026737361caa/spider/kaito-social-spider/tests/fixtures/kaito_p0_raw.json,,kaito_entity_account_mindshare,对象账户关注份额,data.entity,kaito-social-spider.kaito_entity_account_mindshare.data.entity,app,field,kaito,kaito-social-spider,kaito-social-spider.kaito_entity_account_mindshare,sha256:f1620ffa32315698b375587fe1c122404db9b82a56c98e66940100518206b35c
Kaito 社交数据,CoinGecko 标识,对象识别,保存 CoinGecko 的对象标识，便于跨来源对齐同一资产。,例如把同一对象在不同时间的记录对齐，再比较指标变化。,,transformed_test_fixture,https://github.com/cyberight-cap/fewunderstand/blob/23a854c2a02e6b52e424844648d4026737361caa/spider/kaito-social-spider/tests/fixtures/kaito_p0_raw.json,,kaito_entity_account_mindshare,对象账户关注份额,data.entity.coingecko_slug,kaito-social-spider.kaito_entity_account_mindshare.data.entity.coingecko_slug,app,field,kaito,kaito-social-spider,kaito-social-spider.kaito_entity_account_mindshare,sha256:f1620ffa32315698b375587fe1c122404db9b82a56c98e66940100518206b35c
Kaito 社交数据,Kaito ID,对象识别,保存 Kaito 的对象标识，便于合并同一对象的多条记录。,例如把同一对象在不同时间的记录对齐，再比较指标变化。,pendle,transformed_test_fixture,https://github.com/cyberight-cap/fewunderstand/blob/23a854c2a02e6b52e424844648d4026737361caa/spider/kaito-social-spider/tests/fixtures/kaito_p0_raw.json,,kaito_entity_account_mindshare,对象账户关注份额,data.entity.kaito_id,kaito-social-spider.kaito_entity_account_mindshare.data.entity.kaito_id,app,field,kaito,kaito-social-spider,kaito-social-spider.kaito_entity_account_mindshare,sha256:f1620ffa32315698b375587fe1c122404db9b82a56c98e66940100518206b35c
Kaito 社交数据,对象名称,对象识别,显示被分析对象的名称，便于人工核对。,例如把同一对象在不同时间的记录对齐，再比较指标变化。,,transformed_test_fixture,https://github.com/cyberight-cap/fewunderstand/blob/23a854c2a02e6b52e424844648d4026737361caa/spider/kaito-social-spider/tests/fixtures/kaito_p0_raw.json,,kaito_entity_account_mindshare,对象账户关注份额,data.entity.name,kaito-social-spider.kaito_entity_account_mindshare.data.entity.name,app,field,kaito,kaito-social-spider,kaito-social-spider.kaito_entity_account_mindshare,sha256:f1620ffa32315698b375587fe1c122404db9b82a56c98e66940100518206b35c
Kaito 社交数据,资产代码,对象识别,保存对象的资产代码，便于与市场数据匹配；同名代码仍需核验。,例如把同一对象在不同时间的记录对齐，再比较指标变化。,PENDLE,transformed_test_fixture,https://github.com/cyberight-cap/fewunderstand/blob/23a854c2a02e6b52e424844648d4026737361caa/spider/kaito-social-spider/tests/fixtures/kaito_p0_raw.json,,kaito_entity_account_mindshare,对象账户关注份额,data.entity.symbol,kaito-social-spider.kaito_entity_account_mindshare.data.entity.symbol,v2,field,kaito,kaito-social-spider,kaito-social-spider.kaito_entity_account_mindshare,sha256:f1620ffa32315698b375587fe1c122404db9b82a56c98e66940100518206b35c
Kaito 社交数据,指标集合,原始或结构数据,装载 Kaito 返回行中提取出的指标；具体有哪些键取决于工具返回。,点开返回样本核对内部键，再决定是否需要提取为独立字段。,"{""mindshare"": 0.003, ""rank"": 1, ""mindshare_current"": 0.003}",transformed_test_fixture,https://github.com/cyberight-cap/fewunderstand/blob/23a854c2a02e6b52e424844648d4026737361caa/spider/kaito-social-spider/tests/fixtures/kaito_p0_raw.json,,kaito_entity_account_mindshare,对象账户关注份额,data.metrics,kaito-social-spider.kaito_entity_account_mindshare.data.metrics,app,field,kaito,kaito-social-spider,kaito-social-spider.kaito_entity_account_mindshare,sha256:f1620ffa32315698b375587fe1c122404db9b82a56c98e66940100518206b35c
Kaito 社交数据,看跌指标,衡量指标,保留返回行中的看跌指标；分值口径需由对应工具确认。,例如在“对象账户关注份额”中按对象和时间窗比较这个值；计算前先核对单位与口径。 此指标是否由当前 Kaito 工具返回仍待核对。,,unavailable,,,kaito_entity_account_mindshare,对象账户关注份额,data.metrics.bearish,kaito-social-spider.kaito_entity_account_mindshare.data.metrics.bearish,app,field,kaito,kaito-social-spider,kaito-social-spider.kaito_entity_account_mindshare,sha256:f1620ffa32315698b375587fe1c122404db9b82a56c98e66940100518206b35c
Kaito 社交数据,看涨指标,衡量指标,保留返回行中的看涨指标；分值口径需由对应工具确认。,例如在“对象账户关注份额”中按对象和时间窗比较这个值；计算前先核对单位与口径。 此指标是否由当前 Kaito 工具返回仍待核对。,,unavailable,,,kaito_entity_account_mindshare,对象账户关注份额,data.metrics.bullish,kaito-social-spider.kaito_entity_account_mindshare.data.metrics.bullish,app,field,kaito,kaito-social-spider,kaito-social-spider.kaito_entity_account_mindshare,sha256:f1620ffa32315698b375587fe1c122404db9b82a56c98e66940100518206b35c
Kaito 社交数据,变化量,衡量指标,保留返回行中的变化值；比较前需确认变化的基准。,例如在“对象账户关注份额”中按对象和时间窗比较这个值；计算前先核对单位与口径。 此指标是否由当前 Kaito 工具返回仍待核对。,,unavailable,,,kaito_entity_account_mindshare,对象账户关注份额,data.metrics.change,kaito-social-spider.kaito_entity_account_mindshare.data.metrics.change,app,field,kaito,kaito-social-spider,kaito-social-spider.kaito_entity_account_mindshare,sha256:f1620ffa32315698b375587fe1c122404db9b82a56c98e66940100518206b35c
Kaito 社交数据,当前关注份额,衡量指标,保留当前关注份额；分母和时间窗需由对应工具确认。,例如在“对象账户关注份额”中按对象和时间窗比较这个值；计算前先核对单位与口径。 此指标是否由当前 Kaito 工具返回仍待核对。,,unavailable,,,kaito_entity_account_mindshare,对象账户关注份额,data.metrics.current_mindshare,kaito-social-spider.kaito_entity_account_mindshare.data.metrics.current_mindshare,app,field,kaito,kaito-social-spider,kaito-social-spider.kaito_entity_account_mindshare,sha256:f1620ffa32315698b375587fe1c122404db9b82a56c98e66940100518206b35c
Kaito 社交数据,变化值,衡量指标,保留相对上一窗口的变化值；比较前需确认方向和单位。,例如在“对象账户关注份额”中按对象和时间窗比较这个值；计算前先核对单位与口径。 此指标是否由当前 Kaito 工具返回仍待核对。,,unavailable,,,kaito_entity_account_mindshare,对象账户关注份额,data.metrics.delta,kaito-social-spider.kaito_entity_account_mindshare.data.metrics.delta,app,field,kaito,kaito-social-spider,kaito-social-spider.kaito_entity_account_mindshare,sha256:f1620ffa32315698b375587fe1c122404db9b82a56c98e66940100518206b35c
Kaito 社交数据,绝对变化值,衡量指标,保留绝对变化值；不要与百分比变化混用。,例如在“对象账户关注份额”中按对象和时间窗比较这个值；计算前先核对单位与口径。 此指标是否由当前 Kaito 工具返回仍待核对。,,unavailable,,,kaito_entity_account_mindshare,对象账户关注份额,data.metrics.delta_abs,kaito-social-spider.kaito_entity_account_mindshare.data.metrics.delta_abs,app,field,kaito,kaito-social-spider,kaito-social-spider.kaito_entity_account_mindshare,sha256:f1620ffa32315698b375587fe1c122404db9b82a56c98e66940100518206b35c
Kaito 社交数据,变化百分比,衡量指标,保留百分比变化；需要核对上游使用的是小数还是百分数。,例如在“对象账户关注份额”中按对象和时间窗比较这个值；计算前先核对单位与口径。 此指标是否由当前 Kaito 工具返回仍待核对。,,unavailable,,,kaito_entity_account_mindshare,对象账户关注份额,data.metrics.delta_pct,kaito-social-spider.kaito_entity_account_mindshare.data.metrics.delta_pct,app,field,kaito,kaito-social-spider,kaito-social-spider.kaito_entity_account_mindshare,sha256:f1620ffa32315698b375587fe1c122404db9b82a56c98e66940100518206b35c
Kaito 社交数据,变化方向,记录属性,标记变化属于上升或下降等方向，用于区分增减。,例如先用这个属性筛选可比较的记录，再查看对应的数值或内容。 此指标是否由当前 Kaito 工具返回仍待核对。,,unavailable,,,kaito_entity_account_mindshare,对象账户关注份额,data.metrics.direction,kaito-social-spider.kaito_entity_account_mindshare.data.metrics.direction,app,field,kaito,kaito-social-spider,kaito-social-spider.kaito_entity_account_mindshare,sha256:f1620ffa32315698b375587fe1c122404db9b82a56c98e66940100518206b35c
Kaito 社交数据,互动量,衡量指标,保留返回行的互动量；需核对包含哪些互动行为。,例如统计同一对象在一个窗口内的互动量变化，再对照提及量判断热度来源。 当前工具是否返回此指标仍待核对。,,unavailable,,,kaito_entity_account_mindshare,对象账户关注份额,data.metrics.engagement,kaito-social-spider.kaito_entity_account_mindshare.data.metrics.engagement,app,field,kaito,kaito-social-spider,kaito-social-spider.kaito_entity_account_mindshare,sha256:f1620ffa32315698b375587fe1c122404db9b82a56c98e66940100518206b35c
Kaito 社交数据,粉丝数,衡量指标,保留返回行的粉丝数量；需核对统计对象。,例如在“对象账户关注份额”中按对象和时间窗比较这个值；计算前先核对单位与口径。 此指标是否由当前 Kaito 工具返回仍待核对。,,unavailable,,,kaito_entity_account_mindshare,对象账户关注份额,data.metrics.followers,kaito-social-spider.kaito_entity_account_mindshare.data.metrics.followers,app,field,kaito,kaito-social-spider,kaito-social-spider.kaito_entity_account_mindshare,sha256:f1620ffa32315698b375587fe1c122404db9b82a56c98e66940100518206b35c
Kaito 社交数据,点赞数,衡量指标,保留点赞次数，用于观察内容互动。,例如比较同一批帖子中的点赞分布，识别由少数爆款带来的热度。 当前工具是否返回此指标仍待核对。,,unavailable,,,kaito_entity_account_mindshare,对象账户关注份额,data.metrics.likes,kaito-social-spider.kaito_entity_account_mindshare.data.metrics.likes,app,field,kaito,kaito-social-spider,kaito-social-spider.kaito_entity_account_mindshare,sha256:f1620ffa32315698b375587fe1c122404db9b82a56c98e66940100518206b35c
Kaito 社交数据,提及次数,衡量指标,保留提及次数，用于观察讨论量。,例如按天计算项目提及次数，并与过去一周的基线比较。 当前工具是否返回此指标仍待核对。,,unavailable,,,kaito_entity_account_mindshare,对象账户关注份额,data.metrics.mention_count,kaito-social-spider.kaito_entity_account_mindshare.data.metrics.mention_count,app,field,kaito,kaito-social-spider,kaito-social-spider.kaito_entity_account_mindshare,sha256:f1620ffa32315698b375587fe1c122404db9b82a56c98e66940100518206b35c
Kaito 社交数据,提及量,衡量指标,保留提及量，用于观察讨论量。,例如按天观察项目被提及的频率，检查增长是否持续。 当前工具是否返回此指标仍待核对。,,unavailable,,,kaito_entity_account_mindshare,对象账户关注份额,data.metrics.mentions,kaito-social-spider.kaito_entity_account_mindshare.data.metrics.mentions,app,field,kaito,kaito-social-spider,kaito-social-spider.kaito_entity_account_mindshare,sha256:f1620ffa32315698b375587fe1c122404db9b82a56c98e66940100518206b35c
Kaito 社交数据,提及次数,衡量指标,保留提及次数，用于观察讨论量。,例如按天观察项目被提及的频率，检查增长是否持续。 当前工具是否返回此指标仍待核对。,,unavailable,,,kaito_entity_account_mindshare,对象账户关注份额,data.metrics.mentions_count,kaito-social-spider.kaito_entity_account_mindshare.data.metrics.mentions_count,app,field,kaito,kaito-social-spider,kaito-social-spider.kaito_entity_account_mindshare,sha256:f1620ffa32315698b375587fe1c122404db9b82a56c98e66940100518206b35c
Kaito 社交数据,关注份额,衡量指标,保留关注份额；比较前需确认分母、时间窗和来源范围。,例如比较同一来源、同一窗口的关注份额变化，检查项目讨论占比是否持续上升。 当前工具是否返回此指标仍待核对。,0.003,transformed_test_fixture,https://github.com/cyberight-cap/fewunderstand/blob/23a854c2a02e6b52e424844648d4026737361caa/spider/kaito-social-spider/tests/fixtures/kaito_p0_raw.json,,kaito_entity_account_mindshare,对象账户关注份额,data.metrics.mindshare,kaito-social-spider.kaito_entity_account_mindshare.data.metrics.mindshare,app,field,kaito,kaito-social-spider,kaito-social-spider.kaito_entity_account_mindshare,sha256:f1620ffa32315698b375587fe1c122404db9b82a56c98e66940100518206b35c
Kaito 社交数据,当前关注份额,衡量指标,保留当前关注份额；比较前需确认分母和时间窗。,例如在“对象账户关注份额”中按对象和时间窗比较这个值；计算前先核对单位与口径。 此指标是否由当前 Kaito 工具返回仍待核对。,0.003,transformed_test_fixture,https://github.com/cyberight-cap/fewunderstand/blob/23a854c2a02e6b52e424844648d4026737361caa/spider/kaito-social-spider/tests/fixtures/kaito_p0_raw.json,,kaito_entity_account_mindshare,对象账户关注份额,data.metrics.mindshare_current,kaito-social-spider.kaito_entity_account_mindshare.data.metrics.mindshare_current,app,field,kaito,kaito-social-spider,kaito-social-spider.kaito_entity_account_mindshare,sha256:f1620ffa32315698b375587fe1c122404db9b82a56c98e66940100518206b35c
Kaito 社交数据,关注份额变化,衡量指标,保留关注份额变化；需与相同口径的前期值比较。,例如筛选关注份额上升最快的项目，再检查绝对讨论量，避免小基数误导。 当前工具是否返回此指标仍待核对。,,unavailable,,,kaito_entity_account_mindshare,对象账户关注份额,data.metrics.mindshare_delta,kaito-social-spider.kaito_entity_account_mindshare.data.metrics.mindshare_delta,app,field,kaito,kaito-social-spider,kaito-social-spider.kaito_entity_account_mindshare,sha256:f1620ffa32315698b375587fe1c122404db9b82a56c98e66940100518206b35c
Kaito 社交数据,上期排名,衡量指标,保留上一统计窗口的名次，用于计算排名变化。,例如在“对象账户关注份额”中按对象和时间窗比较这个值；计算前先核对单位与口径。 此指标是否由当前 Kaito 工具返回仍待核对。,,unavailable,,,kaito_entity_account_mindshare,对象账户关注份额,data.metrics.previous_rank,kaito-social-spider.kaito_entity_account_mindshare.data.metrics.previous_rank,app,field,kaito,kaito-social-spider,kaito-social-spider.kaito_entity_account_mindshare,sha256:f1620ffa32315698b375587fe1c122404db9b82a56c98e66940100518206b35c
Kaito 社交数据,引用数,衡量指标,保留引用转发次数，用于观察内容传播。,例如在“对象账户关注份额”中按对象和时间窗比较这个值；计算前先核对单位与口径。 此指标是否由当前 Kaito 工具返回仍待核对。,,unavailable,,,kaito_entity_account_mindshare,对象账户关注份额,data.metrics.quotes,kaito-social-spider.kaito_entity_account_mindshare.data.metrics.quotes,app,field,kaito,kaito-social-spider,kaito-social-spider.kaito_entity_account_mindshare,sha256:f1620ffa32315698b375587fe1c122404db9b82a56c98e66940100518206b35c
Kaito 社交数据,排名,衡量指标,保留当前名次，用于查看对象在同口径榜单中的位置。,例如追踪同一榜单中名次的连续变化，而不是只看单次排名。 当前工具是否返回此指标仍待核对。,1,transformed_test_fixture,https://github.com/cyberight-cap/fewunderstand/blob/23a854c2a02e6b52e424844648d4026737361caa/spider/kaito-social-spider/tests/fixtures/kaito_p0_raw.json,,kaito_entity_account_mindshare,对象账户关注份额,data.metrics.rank,kaito-social-spider.kaito_entity_account_mindshare.data.metrics.rank,app,field,kaito,kaito-social-spider,kaito-social-spider.kaito_entity_account_mindshare,sha256:f1620ffa32315698b375587fe1c122404db9b82a56c98e66940100518206b35c
Kaito 社交数据,排名变化,衡量指标,保留名次变化；需要确认正负号代表的方向。,例如在“对象账户关注份额”中按对象和时间窗比较这个值；计算前先核对单位与口径。 此指标是否由当前 Kaito 工具返回仍待核对。,,unavailable,,,kaito_entity_account_mindshare,对象账户关注份额,data.metrics.rank_change,kaito-social-spider.kaito_entity_account_mindshare.data.metrics.rank_change,app,field,kaito,kaito-social-spider,kaito-social-spider.kaito_entity_account_mindshare,sha256:f1620ffa32315698b375587fe1c122404db9b82a56c98e66940100518206b35c
Kaito 社交数据,回复数,衡量指标,保留回复次数，用于观察讨论参与。,例如在“对象账户关注份额”中按对象和时间窗比较这个值；计算前先核对单位与口径。 此指标是否由当前 Kaito 工具返回仍待核对。,,unavailable,,,kaito_entity_account_mindshare,对象账户关注份额,data.metrics.replies,kaito-social-spider.kaito_entity_account_mindshare.data.metrics.replies,app,field,kaito,kaito-social-spider,kaito-social-spider.kaito_entity_account_mindshare,sha256:f1620ffa32315698b375587fe1c122404db9b82a56c98e66940100518206b35c
Kaito 社交数据,转发数,衡量指标,保留转发次数，用于观察内容传播。,例如在“对象账户关注份额”中按对象和时间窗比较这个值；计算前先核对单位与口径。 此指标是否由当前 Kaito 工具返回仍待核对。,,unavailable,,,kaito_entity_account_mindshare,对象账户关注份额,data.metrics.retweets,kaito-social-spider.kaito_entity_account_mindshare.data.metrics.retweets,app,field,kaito,kaito-social-spider,kaito-social-spider.kaito_entity_account_mindshare,sha256:f1620ffa32315698b375587fe1c122404db9b82a56c98e66940100518206b35c
Kaito 社交数据,评分,衡量指标,保留工具返回的评分；不同工具的评分不能直接混算。,例如在“对象账户关注份额”中按对象和时间窗比较这个值；计算前先核对单位与口径。 此指标是否由当前 Kaito 工具返回仍待核对。,,unavailable,,,kaito_entity_account_mindshare,对象账户关注份额,data.metrics.score,kaito-social-spider.kaito_entity_account_mindshare.data.metrics.score,app,field,kaito,kaito-social-spider,kaito-social-spider.kaito_entity_account_mindshare,sha256:f1620ffa32315698b375587fe1c122404db9b82a56c98e66940100518206b35c
Kaito 社交数据,情绪,衡量指标,保留情绪指标；量纲和正负含义需由对应工具确认。,例如把情绪变化与同一窗口的提及量一起看，避免少量帖子主导判断。 当前工具是否返回此指标仍待核对。,,unavailable,,,kaito_entity_account_mindshare,对象账户关注份额,data.metrics.sentiment,kaito-social-spider.kaito_entity_account_mindshare.data.metrics.sentiment,app,field,kaito,kaito-social-spider,kaito-social-spider.kaito_entity_account_mindshare,sha256:f1620ffa32315698b375587fe1c122404db9b82a56c98e66940100518206b35c
Kaito 社交数据,情绪评分,衡量指标,保留情绪评分；与讨论量一起看更能判断可靠性。,例如把情绪评分与同一窗口的提及量一起看，避免少量帖子主导判断。 当前工具是否返回此指标仍待核对。,,unavailable,,,kaito_entity_account_mindshare,对象账户关注份额,data.metrics.sentiment_score,kaito-social-spider.kaito_entity_account_mindshare.data.metrics.sentiment_score,app,field,kaito,kaito-social-spider,kaito-social-spider.kaito_entity_account_mindshare,sha256:f1620ffa32315698b375587fe1c122404db9b82a56c98e66940100518206b35c
Kaito 社交数据,高关注度账号互动量,衡量指标,保留高关注度账号的互动量；账号认定口径需核对。,例如观察高关注度账号的互动是否先于整体互动增加，作为待验证的早期关注线索。 当前工具是否返回此指标仍待核对。,,unavailable,,,kaito_entity_account_mindshare,对象账户关注份额,data.metrics.smart_engagement,kaito-social-spider.kaito_entity_account_mindshare.data.metrics.smart_engagement,app,field,kaito,kaito-social-spider,kaito-social-spider.kaito_entity_account_mindshare,sha256:f1620ffa32315698b375587fe1c122404db9b82a56c98e66940100518206b35c
Kaito 社交数据,高关注度账号互动占比,衡量指标,保留高关注度账号互动占比；需核对分母。,例如在“对象账户关注份额”中按对象和时间窗比较这个值；计算前先核对单位与口径。 此指标是否由当前 Kaito 工具返回仍待核对。,,unavailable,,,kaito_entity_account_mindshare,对象账户关注份额,data.metrics.smart_engagement_ratio,kaito-social-spider.kaito_entity_account_mindshare.data.metrics.smart_engagement_ratio,app,field,kaito,kaito-social-spider,kaito-social-spider.kaito_entity_account_mindshare,sha256:f1620ffa32315698b375587fe1c122404db9b82a56c98e66940100518206b35c
Kaito 社交数据,高关注度粉丝数,衡量指标,保留高关注度粉丝数；账号认定口径需核对。,例如比较同一账号连续两次的高关注度粉丝数，检查是否出现异常增长。 当前工具是否返回此指标仍待核对。,,unavailable,,,kaito_entity_account_mindshare,对象账户关注份额,data.metrics.smart_followers,kaito-social-spider.kaito_entity_account_mindshare.data.metrics.smart_followers,app,field,kaito,kaito-social-spider,kaito-social-spider.kaito_entity_account_mindshare,sha256:f1620ffa32315698b375587fe1c122404db9b82a56c98e66940100518206b35c
Kaito 社交数据,指标时间,时间定位,标记指标对应的时间点，用于组成时间序列。,例如按同一时间窗分组，并检查记录是否过时。 此指标是否由当前 Kaito 工具返回仍待核对。,,unavailable,,,kaito_entity_account_mindshare,对象账户关注份额,data.metrics.timestamp,kaito-social-spider.kaito_entity_account_mindshare.data.metrics.timestamp,app,field,kaito,kaito-social-spider,kaito-social-spider.kaito_entity_account_mindshare,sha256:f1620ffa32315698b375587fe1c122404db9b82a56c98e66940100518206b35c
Kaito 社交数据,总互动量,衡量指标,保留总互动量，用于观察讨论热度。,例如与提及次数一起比较，区分少数高互动内容和广泛讨论。 当前工具是否返回此指标仍待核对。,,unavailable,,,kaito_entity_account_mindshare,对象账户关注份额,data.metrics.total_engagement,kaito-social-spider.kaito_entity_account_mindshare.data.metrics.total_engagement,app,field,kaito,kaito-social-spider,kaito-social-spider.kaito_entity_account_mindshare,sha256:f1620ffa32315698b375587fe1c122404db9b82a56c98e66940100518206b35c
Kaito 社交数据,指标值,衡量指标,保留时间序列或指标行的数值；含义取决于对应工具。,例如在“对象账户关注份额”中按对象和时间窗比较这个值；计算前先核对单位与口径。 此指标是否由当前 Kaito 工具返回仍待核对。,,unavailable,,,kaito_entity_account_mindshare,对象账户关注份额,data.metrics.value,kaito-social-spider.kaito_entity_account_mindshare.data.metrics.value,app,field,kaito,kaito-social-spider,kaito-social-spider.kaito_entity_account_mindshare,sha256:f1620ffa32315698b375587fe1c122404db9b82a56c98e66940100518206b35c
Kaito 社交数据,浏览量,衡量指标,保留浏览次数，用于观察内容曝光。,例如用浏览量作曝光参考，再看互动量是否同步增长。 当前工具是否返回此指标仍待核对。,,unavailable,,,kaito_entity_account_mindshare,对象账户关注份额,data.metrics.views,kaito-social-spider.kaito_entity_account_mindshare.data.metrics.views,app,field,kaito,kaito-social-spider,kaito-social-spider.kaito_entity_account_mindshare,sha256:f1620ffa32315698b375587fe1c122404db9b82a56c98e66940100518206b35c
Kaito 社交数据,平台,记录属性,标记内容所在的平台，便于区分来源渠道。,例如先用这个属性筛选可比较的记录，再查看对应的数值或内容。,kaito,transformed_test_fixture,https://github.com/cyberight-cap/fewunderstand/blob/23a854c2a02e6b52e424844648d4026737361caa/spider/kaito-social-spider/tests/fixtures/kaito_p0_raw.json,,kaito_entity_account_mindshare,对象账户关注份额,data.platform,kaito-social-spider.kaito_entity_account_mindshare.data.platform,app,field,kaito,kaito-social-spider,kaito-social-spider.kaito_entity_account_mindshare,sha256:f1620ffa32315698b375587fe1c122404db9b82a56c98e66940100518206b35c
Kaito 社交数据,原始数据,原始或结构数据,保留该 Kaito 记录对应的原始返回行，用于回查未提取的键。,点开返回样本核对内部键，再决定是否需要提取为独立字段。,"{""entity_id"": ""pendle"", ""symbol"": ""PENDLE"", ""username"": ""smart_kol"", ""mindshare"": 0.003, ""rank"": 1}",transformed_test_fixture,https://github.com/cyberight-cap/fewunderstand/blob/23a854c2a02e6b52e424844648d4026737361caa/spider/kaito-social-spider/tests/fixtures/kaito_p0_raw.json,,kaito_entity_account_mindshare,对象账户关注份额,data.raw,kaito-social-spider.kaito_entity_account_mindshare.data.raw,app,field,kaito,kaito-social-spider,kaito-social-spider.kaito_entity_account_mindshare,sha256:f1620ffa32315698b375587fe1c122404db9b82a56c98e66940100518206b35c
Kaito 社交数据,记录类型,来源与溯源,标记转换后的 Kaito 记录类型，便于选择正确的处理规则。,例如排查一条指标的来源或重复记录时，用它回到原始查询和处理链。,kaito_entity_account_mindshare,transformed_test_fixture,https://github.com/cyberight-cap/fewunderstand/blob/23a854c2a02e6b52e424844648d4026737361caa/spider/kaito-social-spider/tests/fixtures/kaito_p0_raw.json,,kaito_entity_account_mindshare,对象账户关注份额,data.record_type,kaito-social-spider.kaito_entity_account_mindshare.data.record_type,v2,field,kaito,kaito-social-spider,kaito-social-spider.kaito_entity_account_mindshare,sha256:f1620ffa32315698b375587fe1c122404db9b82a56c98e66940100518206b35c
Kaito 社交数据,请求信息,原始或结构数据,保存调用 Kaito 工具的请求元信息，用于核对查询条件。,点开返回样本核对内部键，再决定是否需要提取为独立字段。,"{""tool"": ""kaito_mindshare_entity_by_account"", ""params_hash"": ""526611bf2ae66512"", ""window_start"": null, ""window_end"": null, ""window"": ""7d""}",transformed_test_fixture,https://github.com/cyberight-cap/fewunderstand/blob/23a854c2a02e6b52e424844648d4026737361caa/spider/kaito-social-spider/tests/fixtures/kaito_p0_raw.json,,kaito_entity_account_mindshare,对象账户关注份额,data.request,kaito-social-spider.kaito_entity_account_mindshare.data.request,app,field,kaito,kaito-social-spider,kaito-social-spider.kaito_entity_account_mindshare,sha256:f1620ffa32315698b375587fe1c122404db9b82a56c98e66940100518206b35c
Kaito 社交数据,请求参数摘要,来源与溯源,保存脱敏后的请求参数摘要，用于识别同一次查询条件。,例如排查一条指标的来源或重复记录时，用它回到原始查询和处理链。,526611bf2ae66512,transformed_test_fixture,https://github.com/cyberight-cap/fewunderstand/blob/23a854c2a02e6b52e424844648d4026737361caa/spider/kaito-social-spider/tests/fixtures/kaito_p0_raw.json,,kaito_entity_account_mindshare,对象账户关注份额,data.request.params_hash,kaito-social-spider.kaito_entity_account_mindshare.data.request.params_hash,app,field,kaito,kaito-social-spider,kaito-social-spider.kaito_entity_account_mindshare,sha256:f1620ffa32315698b375587fe1c122404db9b82a56c98e66940100518206b35c
Kaito 社交数据,请求工具,来源与溯源,指出产生这条记录的 Kaito 工具，用于核对指标口径。,例如排查一条指标的来源或重复记录时，用它回到原始查询和处理链。,kaito_mindshare_entity_by_account,transformed_test_fixture,https://github.com/cyberight-cap/fewunderstand/blob/23a854c2a02e6b52e424844648d4026737361caa/spider/kaito-social-spider/tests/fixtures/kaito_p0_raw.json,,kaito_entity_account_mindshare,对象账户关注份额,data.request.tool,kaito-social-spider.kaito_entity_account_mindshare.data.request.tool,app,field,kaito,kaito-social-spider,kaito-social-spider.kaito_entity_account_mindshare,sha256:f1620ffa32315698b375587fe1c122404db9b82a56c98e66940100518206b35c
Kaito 社交数据,请求时间窗口,来源与溯源,记录请求时使用的时间窗口，用于比较同口径数据。,例如排查一条指标的来源或重复记录时，用它回到原始查询和处理链。,7d,transformed_test_fixture,https://github.com/cyberight-cap/fewunderstand/blob/23a854c2a02e6b52e424844648d4026737361caa/spider/kaito-social-spider/tests/fixtures/kaito_p0_raw.json,,kaito_entity_account_mindshare,对象账户关注份额,data.request.window,kaito-social-spider.kaito_entity_account_mindshare.data.request.window,app,field,kaito,kaito-social-spider,kaito-social-spider.kaito_entity_account_mindshare,sha256:f1620ffa32315698b375587fe1c122404db9b82a56c98e66940100518206b35c
Kaito 社交数据,请求窗口结束,来源与溯源,记录请求窗口的结束时间，用于界定统计区间。,例如排查一条指标的来源或重复记录时，用它回到原始查询和处理链。,,transformed_test_fixture,https://github.com/cyberight-cap/fewunderstand/blob/23a854c2a02e6b52e424844648d4026737361caa/spider/kaito-social-spider/tests/fixtures/kaito_p0_raw.json,,kaito_entity_account_mindshare,对象账户关注份额,data.request.window_end,kaito-social-spider.kaito_entity_account_mindshare.data.request.window_end,app,field,kaito,kaito-social-spider,kaito-social-spider.kaito_entity_account_mindshare,sha256:f1620ffa32315698b375587fe1c122404db9b82a56c98e66940100518206b35c
Kaito 社交数据,请求窗口开始,来源与溯源,记录请求窗口的开始时间，用于界定统计区间。,例如排查一条指标的来源或重复记录时，用它回到原始查询和处理链。,,transformed_test_fixture,https://github.com/cyberight-cap/fewunderstand/blob/23a854c2a02e6b52e424844648d4026737361caa/spider/kaito-social-spider/tests/fixtures/kaito_p0_raw.json,,kaito_entity_account_mindshare,对象账户关注份额,data.request.window_start,kaito-social-spider.kaito_entity_account_mindshare.data.request.window_start,app,field,kaito,kaito-social-spider,kaito-social-spider.kaito_entity_account_mindshare,sha256:f1620ffa32315698b375587fe1c122404db9b82a56c98e66940100518206b35c
Kaito 社交数据,统计窗口,时间定位,保存记录对应的统计窗口，用于避免混合不同时间跨度。,例如按同一时间窗分组，并检查记录是否过时。,7d,transformed_test_fixture,https://github.com/cyberight-cap/fewunderstand/blob/23a854c2a02e6b52e424844648d4026737361caa/spider/kaito-social-spider/tests/fixtures/kaito_p0_raw.json,,kaito_entity_account_mindshare,对象账户关注份额,data.window,kaito-social-spider.kaito_entity_account_mindshare.data.window,app,field,kaito,kaito-social-spider,kaito-social-spider.kaito_entity_account_mindshare,sha256:f1620ffa32315698b375587fe1c122404db9b82a56c98e66940100518206b35c
Kaito 社交数据,处理溯源,来源与溯源,保存处理链路元信息，用于追查记录如何产生。,例如排查一条指标的来源或重复记录时，用它回到原始查询和处理链。,"{""event_id"": ""evt:e136968aa1a9a474a6949cdb252308dd"", ""trace_id"": ""evt:e136968aa1a9a474a6949cdb252308dd"", ""parent_event_ids"": [], ""source_event_id"": null, ""record_type"": ""kaito_entity_account_mindshare"", ""schema_version"": ""pipeline-lineage/v1"", ""producer"": ""kaito-social-spider"", ""processing_stage"": ""ingest"", ""observed_at"": ""2026-07-19T00:00:00Z"", ""processed_at"": ""2026-07-19T00:00:00Z"", ""source_topic"": null, ""source_partition"": null, ""source_offset"": null, ""asset_id"": null}",transformed_test_fixture,https://github.com/cyberight-cap/fewunderstand/blob/23a854c2a02e6b52e424844648d4026737361caa/spider/kaito-social-spider/tests/fixtures/kaito_p0_raw.json,,kaito_entity_account_mindshare,对象账户关注份额,lineage,kaito-social-spider.kaito_entity_account_mindshare.lineage,app,field,kaito,kaito-social-spider,kaito-social-spider.kaito_entity_account_mindshare,sha256:f1620ffa32315698b375587fe1c122404db9b82a56c98e66940100518206b35c
Kaito 社交数据,资产 ID,来源与溯源,保存解析后的内部资产 ID；未完成资产绑定时可能为空。,例如排查一条指标的来源或重复记录时，用它回到原始查询和处理链。,,transformed_test_fixture,https://github.com/cyberight-cap/fewunderstand/blob/23a854c2a02e6b52e424844648d4026737361caa/spider/kaito-social-spider/tests/fixtures/kaito_p0_raw.json,,kaito_entity_account_mindshare,对象账户关注份额,lineage.asset_id,kaito-social-spider.kaito_entity_account_mindshare.lineage.asset_id,app,field,kaito,kaito-social-spider,kaito-social-spider.kaito_entity_account_mindshare,sha256:f1620ffa32315698b375587fe1c122404db9b82a56c98e66940100518206b35c
Kaito 社交数据,事件 ID,来源与溯源,稳定识别这条事件，用于追踪后续计算与结果。,例如排查一条指标的来源或重复记录时，用它回到原始查询和处理链。,evt:e136968aa1a9a474a6949cdb252308dd,transformed_test_fixture,https://github.com/cyberight-cap/fewunderstand/blob/23a854c2a02e6b52e424844648d4026737361caa/spider/kaito-social-spider/tests/fixtures/kaito_p0_raw.json,,kaito_entity_account_mindshare,对象账户关注份额,lineage.event_id,kaito-social-spider.kaito_entity_account_mindshare.lineage.event_id,app,field,kaito,kaito-social-spider,kaito-social-spider.kaito_entity_account_mindshare,sha256:f1620ffa32315698b375587fe1c122404db9b82a56c98e66940100518206b35c
Kaito 社交数据,观察时间,来源与溯源,记录事实被观察的时间，用于确认原始数据时效。,例如排查一条指标的来源或重复记录时，用它回到原始查询和处理链。,2026-07-19T00:00:00Z,transformed_test_fixture,https://github.com/cyberight-cap/fewunderstand/blob/23a854c2a02e6b52e424844648d4026737361caa/spider/kaito-social-spider/tests/fixtures/kaito_p0_raw.json,,kaito_entity_account_mindshare,对象账户关注份额,lineage.observed_at,kaito-social-spider.kaito_entity_account_mindshare.lineage.observed_at,app,field,kaito,kaito-social-spider,kaito-social-spider.kaito_entity_account_mindshare,sha256:f1620ffa32315698b375587fe1c122404db9b82a56c98e66940100518206b35c
Kaito 社交数据,上游事件 ID,来源与溯源,保存上游事件 ID，用于追溯派生结果的输入。,例如排查一条指标的来源或重复记录时，用它回到原始查询和处理链。,[],transformed_test_fixture,https://github.com/cyberight-cap/fewunderstand/blob/23a854c2a02e6b52e424844648d4026737361caa/spider/kaito-social-spider/tests/fixtures/kaito_p0_raw.json,,kaito_entity_account_mindshare,对象账户关注份额,lineage.parent_event_ids,kaito-social-spider.kaito_entity_account_mindshare.lineage.parent_event_ids,app,field,kaito,kaito-social-spider,kaito-social-spider.kaito_entity_account_mindshare,sha256:f1620ffa32315698b375587fe1c122404db9b82a56c98e66940100518206b35c
Kaito 社交数据,处理时间,来源与溯源,记录处理程序生成消息的时间，用于定位处理延迟。,例如排查一条指标的来源或重复记录时，用它回到原始查询和处理链。,2026-07-19T00:00:00Z,transformed_test_fixture,https://github.com/cyberight-cap/fewunderstand/blob/23a854c2a02e6b52e424844648d4026737361caa/spider/kaito-social-spider/tests/fixtures/kaito_p0_raw.json,,kaito_entity_account_mindshare,对象账户关注份额,lineage.processed_at,kaito-social-spider.kaito_entity_account_mindshare.lineage.processed_at,app,field,kaito,kaito-social-spider,kaito-social-spider.kaito_entity_account_mindshare,sha256:f1620ffa32315698b375587fe1c122404db9b82a56c98e66940100518206b35c
Kaito 社交数据,处理阶段,来源与溯源,标记当前处理阶段，用于区分采集与后续加工。,例如排查一条指标的来源或重复记录时，用它回到原始查询和处理链。,ingest,transformed_test_fixture,https://github.com/cyberight-cap/fewunderstand/blob/23a854c2a02e6b52e424844648d4026737361caa/spider/kaito-social-spider/tests/fixtures/kaito_p0_raw.json,,kaito_entity_account_mindshare,对象账户关注份额,lineage.processing_stage,kaito-social-spider.kaito_entity_account_mindshare.lineage.processing_stage,app,field,kaito,kaito-social-spider,kaito-social-spider.kaito_entity_account_mindshare,sha256:f1620ffa32315698b375587fe1c122404db9b82a56c98e66940100518206b35c
Kaito 社交数据,生产程序,来源与溯源,标记生成这条消息的程序，用于核对生产来源。,例如排查一条指标的来源或重复记录时，用它回到原始查询和处理链。,kaito-social-spider,transformed_test_fixture,https://github.com/cyberight-cap/fewunderstand/blob/23a854c2a02e6b52e424844648d4026737361caa/spider/kaito-social-spider/tests/fixtures/kaito_p0_raw.json,,kaito_entity_account_mindshare,对象账户关注份额,lineage.producer,kaito-social-spider.kaito_entity_account_mindshare.lineage.producer,app,field,kaito,kaito-social-spider,kaito-social-spider.kaito_entity_account_mindshare,sha256:f1620ffa32315698b375587fe1c122404db9b82a56c98e66940100518206b35c
Kaito 社交数据,溯源记录类型,来源与溯源,标记溯源信封里的记录类型，用于验证处理链路。,例如排查一条指标的来源或重复记录时，用它回到原始查询和处理链。,kaito_entity_account_mindshare,transformed_test_fixture,https://github.com/cyberight-cap/fewunderstand/blob/23a854c2a02e6b52e424844648d4026737361caa/spider/kaito-social-spider/tests/fixtures/kaito_p0_raw.json,,kaito_entity_account_mindshare,对象账户关注份额,lineage.record_type,kaito-social-spider.kaito_entity_account_mindshare.lineage.record_type,app,field,kaito,kaito-social-spider,kaito-social-spider.kaito_entity_account_mindshare,sha256:f1620ffa32315698b375587fe1c122404db9b82a56c98e66940100518206b35c
Kaito 社交数据,结构版本,来源与溯源,标记消息结构版本，用于兼容不同版本的处理代码。,例如排查一条指标的来源或重复记录时，用它回到原始查询和处理链。,pipeline-lineage/v1,transformed_test_fixture,https://github.com/cyberight-cap/fewunderstand/blob/23a854c2a02e6b52e424844648d4026737361caa/spider/kaito-social-spider/tests/fixtures/kaito_p0_raw.json,,kaito_entity_account_mindshare,对象账户关注份额,lineage.schema_version,kaito-social-spider.kaito_entity_account_mindshare.lineage.schema_version,app,field,kaito,kaito-social-spider,kaito-social-spider.kaito_entity_account_mindshare,sha256:f1620ffa32315698b375587fe1c122404db9b82a56c98e66940100518206b35c
Kaito 社交数据,来源事件 ID,来源与溯源,保存来源系统的事件 ID，用于跨系统回查。,例如排查一条指标的来源或重复记录时，用它回到原始查询和处理链。,,transformed_test_fixture,https://github.com/cyberight-cap/fewunderstand/blob/23a854c2a02e6b52e424844648d4026737361caa/spider/kaito-social-spider/tests/fixtures/kaito_p0_raw.json,,kaito_entity_account_mindshare,对象账户关注份额,lineage.source_event_id,kaito-social-spider.kaito_entity_account_mindshare.lineage.source_event_id,app,field,kaito,kaito-social-spider,kaito-social-spider.kaito_entity_account_mindshare,sha256:f1620ffa32315698b375587fe1c122404db9b82a56c98e66940100518206b35c
Kaito 社交数据,来源偏移量,来源与溯源,保存来源消息偏移量，用于定位消息流位置。,例如排查一条指标的来源或重复记录时，用它回到原始查询和处理链。,,transformed_test_fixture,https://github.com/cyberight-cap/fewunderstand/blob/23a854c2a02e6b52e424844648d4026737361caa/spider/kaito-social-spider/tests/fixtures/kaito_p0_raw.json,,kaito_entity_account_mindshare,对象账户关注份额,lineage.source_offset,kaito-social-spider.kaito_entity_account_mindshare.lineage.source_offset,app,field,kaito,kaito-social-spider,kaito-social-spider.kaito_entity_account_mindshare,sha256:f1620ffa32315698b375587fe1c122404db9b82a56c98e66940100518206b35c
Kaito 社交数据,来源分区,来源与溯源,保存来源消息分区，用于定位消息流位置。,例如排查一条指标的来源或重复记录时，用它回到原始查询和处理链。,,transformed_test_fixture,https://github.com/cyberight-cap/fewunderstand/blob/23a854c2a02e6b52e424844648d4026737361caa/spider/kaito-social-spider/tests/fixtures/kaito_p0_raw.json,,kaito_entity_account_mindshare,对象账户关注份额,lineage.source_partition,kaito-social-spider.kaito_entity_account_mindshare.lineage.source_partition,app,field,kaito,kaito-social-spider,kaito-social-spider.kaito_entity_account_mindshare,sha256:f1620ffa32315698b375587fe1c122404db9b82a56c98e66940100518206b35c
Kaito 社交数据,来源主题,来源与溯源,保存来源主题名称，用于定位消息流位置。,例如排查一条指标的来源或重复记录时，用它回到原始查询和处理链。,,transformed_test_fixture,https://github.com/cyberight-cap/fewunderstand/blob/23a854c2a02e6b52e424844648d4026737361caa/spider/kaito-social-spider/tests/fixtures/kaito_p0_raw.json,,kaito_entity_account_mindshare,对象账户关注份额,lineage.source_topic,kaito-social-spider.kaito_entity_account_mindshare.lineage.source_topic,app,field,kaito,kaito-social-spider,kaito-social-spider.kaito_entity_account_mindshare,sha256:f1620ffa32315698b375587fe1c122404db9b82a56c98e66940100518206b35c
Kaito 社交数据,追踪 ID,来源与溯源,关联同一处理链路上的事件，用于端到端追踪。,例如排查一条指标的来源或重复记录时，用它回到原始查询和处理链。,evt:e136968aa1a9a474a6949cdb252308dd,transformed_test_fixture,https://github.com/cyberight-cap/fewunderstand/blob/23a854c2a02e6b52e424844648d4026737361caa/spider/kaito-social-spider/tests/fixtures/kaito_p0_raw.json,,kaito_entity_account_mindshare,对象账户关注份额,lineage.trace_id,kaito-social-spider.kaito_entity_account_mindshare.lineage.trace_id,app,field,kaito,kaito-social-spider,kaito-social-spider.kaito_entity_account_mindshare,sha256:f1620ffa32315698b375587fe1c122404db9b82a56c98e66940100518206b35c
Kaito 社交数据,原始文本,内容理解,保留内容的原始文本，用于回查清洗前的信息。,例如筛选与目标项目相关的内容，再点回原文人工核查。,,unavailable,,,kaito_entity_account_mindshare,对象账户关注份额,raw_text,kaito-social-spider.kaito_entity_account_mindshare.raw_text,app,field,kaito,kaito-social-spider,kaito-social-spider.kaito_entity_account_mindshare,sha256:f1620ffa32315698b375587fe1c122404db9b82a56c98e66940100518206b35c
Kaito 社交数据,来源,来源与溯源,标记这条记录的来源，用于筛选和核对数据出处。,例如排查一条指标的来源或重复记录时，用它回到原始查询和处理链。,kaito,transformed_test_fixture,https://github.com/cyberight-cap/fewunderstand/blob/23a854c2a02e6b52e424844648d4026737361caa/spider/kaito-social-spider/tests/fixtures/kaito_p0_raw.json,,kaito_entity_account_mindshare,对象账户关注份额,source,kaito-social-spider.kaito_entity_account_mindshare.source,app,field,kaito,kaito-social-spider,kaito-social-spider.kaito_entity_account_mindshare,sha256:f1620ffa32315698b375587fe1c122404db9b82a56c98e66940100518206b35c
Kaito 社交数据,正文,内容理解,保存消息或帖子的正文，用于关键词、主题和事件分析。,例如查找项目名或事件关键词，并结合消息时间和来源做人工核对。,,unavailable,,,kaito_entity_account_mindshare,对象账户关注份额,text,kaito-social-spider.kaito_entity_account_mindshare.text,app,field,kaito,kaito-social-spider,kaito-social-spider.kaito_entity_account_mindshare,sha256:f1620ffa32315698b375587fe1c122404db9b82a56c98e66940100518206b35c
Kaito 社交数据,记录时间,时间定位,记录该数据对应的时间点，用于排序或时间窗聚合。,例如按同一时间窗分组，并检查记录是否过时。,2026-07-19T00:00:00Z,transformed_test_fixture,https://github.com/cyberight-cap/fewunderstand/blob/23a854c2a02e6b52e424844648d4026737361caa/spider/kaito-social-spider/tests/fixtures/kaito_p0_raw.json,,kaito_entity_account_mindshare,对象账户关注份额,timestamp,kaito-social-spider.kaito_entity_account_mindshare.timestamp,app,field,kaito,kaito-social-spider,kaito-social-spider.kaito_entity_account_mindshare,sha256:f1620ffa32315698b375587fe1c122404db9b82a56c98e66940100518206b35c
Kaito 社交数据,标题,内容理解,保存内容标题，用于快速判断主题。,例如先用标题筛选相关内容，再用正文或原文链接验证。,,unavailable,,,kaito_entity_account_mindshare,对象账户关注份额,title,kaito-social-spider.kaito_entity_account_mindshare.title,app,field,kaito,kaito-social-spider,kaito-social-spider.kaito_entity_account_mindshare,sha256:f1620ffa32315698b375587fe1c122404db9b82a56c98e66940100518206b35c
Kaito 社交数据,链接地址,对象识别,保存内容原文地址，用于回查和去重。,例如把同一对象在不同时间的记录对齐，再比较指标变化。,,unavailable,,,kaito_entity_account_mindshare,对象账户关注份额,url,kaito-social-spider.kaito_entity_account_mindshare.url,app,field,kaito,kaito-social-spider,kaito-social-spider.kaito_entity_account_mindshare,sha256:f1620ffa32315698b375587fe1c122404db9b82a56c98e66940100518206b35c
Kaito 社交数据,对象互动量走势,记录类型,这类记录包含下列可展开的字段定义。,先选择记录类型，再查看字段用途与返回样本。,,unavailable,,,kaito_entity_engagement_timeseries,对象互动量走势,kaito_entity_engagement_timeseries,kaito-social-spider.kaito_entity_engagement_timeseries,app,record_type,kaito,kaito-social-spider,kaito-social-spider.kaito_entity_engagement_timeseries,sha256:f1620ffa32315698b375587fe1c122404db9b82a56c98e66940100518206b35c
Kaito 社交数据,作者,内容理解,指出内容的作者，便于按发布者汇总或回到原帖。,例如筛选与目标项目相关的内容，再点回原文人工核查。,,unavailable,,,kaito_entity_engagement_timeseries,对象互动量走势,author,kaito-social-spider.kaito_entity_engagement_timeseries.author,app,field,kaito,kaito-social-spider,kaito-social-spider.kaito_entity_engagement_timeseries,sha256:f1620ffa32315698b375587fe1c122404db9b82a56c98e66940100518206b35c
Kaito 社交数据,数据对象,原始或结构数据,装载这一类记录的主要业务数据；应继续展开具体子字段。,点开返回样本核对内部键，再决定是否需要提取为独立字段。,"{""platform"": ""kaito"", ""content_type"": ""social_intelligence"", ""record_type"": ""kaito_entity_engagement_timeseries"", ""entity"": {""kaito_id"": ""pendle"", ""symbol"": ""PENDLE"", ""name"": null, ""coingecko_slug"": null}, ""window"": ""30d"", ""metrics"": {""timestamp"": ""2026-07-19T00:00:00Z"", ""total_engagement"": 5000, ""smart_engagement"": 900, ""engagement"": 5000}, ""request"": {""tool"": ""kaito_engagement"", ""params_hash"": ""222c409f6e54f754"", ""window_start"": null, ""window_end"": null, ""window"": ""30d""}, ""raw"": {""entity_id"": ""pendle"", ""symbol"": ""PENDLE"", ""timestamp"": ""2026-07-19T00:00:00Z"", ""total_engagement"": 5000, ""smart_engagement"": 900}}",transformed_test_fixture,https://github.com/cyberight-cap/fewunderstand/blob/23a854c2a02e6b52e424844648d4026737361caa/spider/kaito-social-spider/tests/fixtures/kaito_p0_raw.json,,kaito_entity_engagement_timeseries,对象互动量走势,data,kaito-social-spider.kaito_entity_engagement_timeseries.data,app,field,kaito,kaito-social-spider,kaito-social-spider.kaito_entity_engagement_timeseries,sha256:f1620ffa32315698b375587fe1c122404db9b82a56c98e66940100518206b35c
Kaito 社交数据,内容类型,记录属性,说明 Kaito 记录的内容类别，便于区分不同内容。,例如先用这个属性筛选可比较的记录，再查看对应的数值或内容。,social_intelligence,transformed_test_fixture,https://github.com/cyberight-cap/fewunderstand/blob/23a854c2a02e6b52e424844648d4026737361caa/spider/kaito-social-spider/tests/fixtures/kaito_p0_raw.json,,kaito_entity_engagement_timeseries,对象互动量走势,data.content_type,kaito-social-spider.kaito_entity_engagement_timeseries.data.content_type,app,field,kaito,kaito-social-spider,kaito-social-spider.kaito_entity_engagement_timeseries,sha256:f1620ffa32315698b375587fe1c122404db9b82a56c98e66940100518206b35c
Kaito 社交数据,对象信息,原始或结构数据,保存被分析对象的身份信息，用于关联同一项目或资产。,点开返回样本核对内部键，再决定是否需要提取为独立字段。,"{""kaito_id"": ""pendle"", ""symbol"": ""PENDLE"", ""name"": null, ""coingecko_slug"": null}",transformed_test_fixture,https://github.com/cyberight-cap/fewunderstand/blob/23a854c2a02e6b52e424844648d4026737361caa/spider/kaito-social-spider/tests/fixtures/kaito_p0_raw.json,,kaito_entity_engagement_timeseries,对象互动量走势,data.entity,kaito-social-spider.kaito_entity_engagement_timeseries.data.entity,app,field,kaito,kaito-social-spider,kaito-social-spider.kaito_entity_engagement_timeseries,sha256:f1620ffa32315698b375587fe1c122404db9b82a56c98e66940100518206b35c
Kaito 社交数据,CoinGecko 标识,对象识别,保存 CoinGecko 的对象标识，便于跨来源对齐同一资产。,例如把同一对象在不同时间的记录对齐，再比较指标变化。,,transformed_test_fixture,https://github.com/cyberight-cap/fewunderstand/blob/23a854c2a02e6b52e424844648d4026737361caa/spider/kaito-social-spider/tests/fixtures/kaito_p0_raw.json,,kaito_entity_engagement_timeseries,对象互动量走势,data.entity.coingecko_slug,kaito-social-spider.kaito_entity_engagement_timeseries.data.entity.coingecko_slug,app,field,kaito,kaito-social-spider,kaito-social-spider.kaito_entity_engagement_timeseries,sha256:f1620ffa32315698b375587fe1c122404db9b82a56c98e66940100518206b35c
Kaito 社交数据,Kaito ID,对象识别,保存 Kaito 的对象标识，便于合并同一对象的多条记录。,例如把同一对象在不同时间的记录对齐，再比较指标变化。,pendle,transformed_test_fixture,https://github.com/cyberight-cap/fewunderstand/blob/23a854c2a02e6b52e424844648d4026737361caa/spider/kaito-social-spider/tests/fixtures/kaito_p0_raw.json,,kaito_entity_engagement_timeseries,对象互动量走势,data.entity.kaito_id,kaito-social-spider.kaito_entity_engagement_timeseries.data.entity.kaito_id,app,field,kaito,kaito-social-spider,kaito-social-spider.kaito_entity_engagement_timeseries,sha256:f1620ffa32315698b375587fe1c122404db9b82a56c98e66940100518206b35c
Kaito 社交数据,对象名称,对象识别,显示被分析对象的名称，便于人工核对。,例如把同一对象在不同时间的记录对齐，再比较指标变化。,,transformed_test_fixture,https://github.com/cyberight-cap/fewunderstand/blob/23a854c2a02e6b52e424844648d4026737361caa/spider/kaito-social-spider/tests/fixtures/kaito_p0_raw.json,,kaito_entity_engagement_timeseries,对象互动量走势,data.entity.name,kaito-social-spider.kaito_entity_engagement_timeseries.data.entity.name,app,field,kaito,kaito-social-spider,kaito-social-spider.kaito_entity_engagement_timeseries,sha256:f1620ffa32315698b375587fe1c122404db9b82a56c98e66940100518206b35c
Kaito 社交数据,资产代码,对象识别,保存对象的资产代码，便于与市场数据匹配；同名代码仍需核验。,例如把同一对象在不同时间的记录对齐，再比较指标变化。,PENDLE,transformed_test_fixture,https://github.com/cyberight-cap/fewunderstand/blob/23a854c2a02e6b52e424844648d4026737361caa/spider/kaito-social-spider/tests/fixtures/kaito_p0_raw.json,,kaito_entity_engagement_timeseries,对象互动量走势,data.entity.symbol,kaito-social-spider.kaito_entity_engagement_timeseries.data.entity.symbol,v2,field,kaito,kaito-social-spider,kaito-social-spider.kaito_entity_engagement_timeseries,sha256:f1620ffa32315698b375587fe1c122404db9b82a56c98e66940100518206b35c
Kaito 社交数据,指标集合,原始或结构数据,装载 Kaito 返回行中提取出的指标；具体有哪些键取决于工具返回。,点开返回样本核对内部键，再决定是否需要提取为独立字段。,"{""timestamp"": ""2026-07-19T00:00:00Z"", ""total_engagement"": 5000, ""smart_engagement"": 900, ""engagement"": 5000}",transformed_test_fixture,https://github.com/cyberight-cap/fewunderstand/blob/23a854c2a02e6b52e424844648d4026737361caa/spider/kaito-social-spider/tests/fixtures/kaito_p0_raw.json,,kaito_entity_engagement_timeseries,对象互动量走势,data.metrics,kaito-social-spider.kaito_entity_engagement_timeseries.data.metrics,app,field,kaito,kaito-social-spider,kaito-social-spider.kaito_entity_engagement_timeseries,sha256:f1620ffa32315698b375587fe1c122404db9b82a56c98e66940100518206b35c
Kaito 社交数据,看跌指标,衡量指标,保留返回行中的看跌指标；分值口径需由对应工具确认。,例如在“对象互动量走势”中按对象和时间窗比较这个值；计算前先核对单位与口径。 此指标是否由当前 Kaito 工具返回仍待核对。,,unavailable,,,kaito_entity_engagement_timeseries,对象互动量走势,data.metrics.bearish,kaito-social-spider.kaito_entity_engagement_timeseries.data.metrics.bearish,app,field,kaito,kaito-social-spider,kaito-social-spider.kaito_entity_engagement_timeseries,sha256:f1620ffa32315698b375587fe1c122404db9b82a56c98e66940100518206b35c
Kaito 社交数据,看涨指标,衡量指标,保留返回行中的看涨指标；分值口径需由对应工具确认。,例如在“对象互动量走势”中按对象和时间窗比较这个值；计算前先核对单位与口径。 此指标是否由当前 Kaito 工具返回仍待核对。,,unavailable,,,kaito_entity_engagement_timeseries,对象互动量走势,data.metrics.bullish,kaito-social-spider.kaito_entity_engagement_timeseries.data.metrics.bullish,app,field,kaito,kaito-social-spider,kaito-social-spider.kaito_entity_engagement_timeseries,sha256:f1620ffa32315698b375587fe1c122404db9b82a56c98e66940100518206b35c
Kaito 社交数据,变化量,衡量指标,保留返回行中的变化值；比较前需确认变化的基准。,例如在“对象互动量走势”中按对象和时间窗比较这个值；计算前先核对单位与口径。 此指标是否由当前 Kaito 工具返回仍待核对。,,unavailable,,,kaito_entity_engagement_timeseries,对象互动量走势,data.metrics.change,kaito-social-spider.kaito_entity_engagement_timeseries.data.metrics.change,app,field,kaito,kaito-social-spider,kaito-social-spider.kaito_entity_engagement_timeseries,sha256:f1620ffa32315698b375587fe1c122404db9b82a56c98e66940100518206b35c
Kaito 社交数据,当前关注份额,衡量指标,保留当前关注份额；分母和时间窗需由对应工具确认。,例如在“对象互动量走势”中按对象和时间窗比较这个值；计算前先核对单位与口径。 此指标是否由当前 Kaito 工具返回仍待核对。,,unavailable,,,kaito_entity_engagement_timeseries,对象互动量走势,data.metrics.current_mindshare,kaito-social-spider.kaito_entity_engagement_timeseries.data.metrics.current_mindshare,app,field,kaito,kaito-social-spider,kaito-social-spider.kaito_entity_engagement_timeseries,sha256:f1620ffa32315698b375587fe1c122404db9b82a56c98e66940100518206b35c
Kaito 社交数据,变化值,衡量指标,保留相对上一窗口的变化值；比较前需确认方向和单位。,例如在“对象互动量走势”中按对象和时间窗比较这个值；计算前先核对单位与口径。 此指标是否由当前 Kaito 工具返回仍待核对。,,unavailable,,,kaito_entity_engagement_timeseries,对象互动量走势,data.metrics.delta,kaito-social-spider.kaito_entity_engagement_timeseries.data.metrics.delta,app,field,kaito,kaito-social-spider,kaito-social-spider.kaito_entity_engagement_timeseries,sha256:f1620ffa32315698b375587fe1c122404db9b82a56c98e66940100518206b35c
Kaito 社交数据,绝对变化值,衡量指标,保留绝对变化值；不要与百分比变化混用。,例如在“对象互动量走势”中按对象和时间窗比较这个值；计算前先核对单位与口径。 此指标是否由当前 Kaito 工具返回仍待核对。,,unavailable,,,kaito_entity_engagement_timeseries,对象互动量走势,data.metrics.delta_abs,kaito-social-spider.kaito_entity_engagement_timeseries.data.metrics.delta_abs,app,field,kaito,kaito-social-spider,kaito-social-spider.kaito_entity_engagement_timeseries,sha256:f1620ffa32315698b375587fe1c122404db9b82a56c98e66940100518206b35c
Kaito 社交数据,变化百分比,衡量指标,保留百分比变化；需要核对上游使用的是小数还是百分数。,例如在“对象互动量走势”中按对象和时间窗比较这个值；计算前先核对单位与口径。 此指标是否由当前 Kaito 工具返回仍待核对。,,unavailable,,,kaito_entity_engagement_timeseries,对象互动量走势,data.metrics.delta_pct,kaito-social-spider.kaito_entity_engagement_timeseries.data.metrics.delta_pct,app,field,kaito,kaito-social-spider,kaito-social-spider.kaito_entity_engagement_timeseries,sha256:f1620ffa32315698b375587fe1c122404db9b82a56c98e66940100518206b35c
Kaito 社交数据,变化方向,记录属性,标记变化属于上升或下降等方向，用于区分增减。,例如先用这个属性筛选可比较的记录，再查看对应的数值或内容。 此指标是否由当前 Kaito 工具返回仍待核对。,,unavailable,,,kaito_entity_engagement_timeseries,对象互动量走势,data.metrics.direction,kaito-social-spider.kaito_entity_engagement_timeseries.data.metrics.direction,app,field,kaito,kaito-social-spider,kaito-social-spider.kaito_entity_engagement_timeseries,sha256:f1620ffa32315698b375587fe1c122404db9b82a56c98e66940100518206b35c
Kaito 社交数据,互动量,衡量指标,保留返回行的互动量；需核对包含哪些互动行为。,例如统计同一对象在一个窗口内的互动量变化，再对照提及量判断热度来源。 当前工具是否返回此指标仍待核对。,5000,transformed_test_fixture,https://github.com/cyberight-cap/fewunderstand/blob/23a854c2a02e6b52e424844648d4026737361caa/spider/kaito-social-spider/tests/fixtures/kaito_p0_raw.json,,kaito_entity_engagement_timeseries,对象互动量走势,data.metrics.engagement,kaito-social-spider.kaito_entity_engagement_timeseries.data.metrics.engagement,app,field,kaito,kaito-social-spider,kaito-social-spider.kaito_entity_engagement_timeseries,sha256:f1620ffa32315698b375587fe1c122404db9b82a56c98e66940100518206b35c
Kaito 社交数据,粉丝数,衡量指标,保留返回行的粉丝数量；需核对统计对象。,例如在“对象互动量走势”中按对象和时间窗比较这个值；计算前先核对单位与口径。 此指标是否由当前 Kaito 工具返回仍待核对。,,unavailable,,,kaito_entity_engagement_timeseries,对象互动量走势,data.metrics.followers,kaito-social-spider.kaito_entity_engagement_timeseries.data.metrics.followers,app,field,kaito,kaito-social-spider,kaito-social-spider.kaito_entity_engagement_timeseries,sha256:f1620ffa32315698b375587fe1c122404db9b82a56c98e66940100518206b35c
Kaito 社交数据,点赞数,衡量指标,保留点赞次数，用于观察内容互动。,例如比较同一批帖子中的点赞分布，识别由少数爆款带来的热度。 当前工具是否返回此指标仍待核对。,,unavailable,,,kaito_entity_engagement_timeseries,对象互动量走势,data.metrics.likes,kaito-social-spider.kaito_entity_engagement_timeseries.data.metrics.likes,app,field,kaito,kaito-social-spider,kaito-social-spider.kaito_entity_engagement_timeseries,sha256:f1620ffa32315698b375587fe1c122404db9b82a56c98e66940100518206b35c
Kaito 社交数据,提及次数,衡量指标,保留提及次数，用于观察讨论量。,例如按天计算项目提及次数，并与过去一周的基线比较。 当前工具是否返回此指标仍待核对。,,unavailable,,,kaito_entity_engagement_timeseries,对象互动量走势,data.metrics.mention_count,kaito-social-spider.kaito_entity_engagement_timeseries.data.metrics.mention_count,app,field,kaito,kaito-social-spider,kaito-social-spider.kaito_entity_engagement_timeseries,sha256:f1620ffa32315698b375587fe1c122404db9b82a56c98e66940100518206b35c
Kaito 社交数据,提及量,衡量指标,保留提及量，用于观察讨论量。,例如按天观察项目被提及的频率，检查增长是否持续。 当前工具是否返回此指标仍待核对。,,unavailable,,,kaito_entity_engagement_timeseries,对象互动量走势,data.metrics.mentions,kaito-social-spider.kaito_entity_engagement_timeseries.data.metrics.mentions,app,field,kaito,kaito-social-spider,kaito-social-spider.kaito_entity_engagement_timeseries,sha256:f1620ffa32315698b375587fe1c122404db9b82a56c98e66940100518206b35c
Kaito 社交数据,提及次数,衡量指标,保留提及次数，用于观察讨论量。,例如按天观察项目被提及的频率，检查增长是否持续。 当前工具是否返回此指标仍待核对。,,unavailable,,,kaito_entity_engagement_timeseries,对象互动量走势,data.metrics.mentions_count,kaito-social-spider.kaito_entity_engagement_timeseries.data.metrics.mentions_count,app,field,kaito,kaito-social-spider,kaito-social-spider.kaito_entity_engagement_timeseries,sha256:f1620ffa32315698b375587fe1c122404db9b82a56c98e66940100518206b35c
Kaito 社交数据,关注份额,衡量指标,保留关注份额；比较前需确认分母、时间窗和来源范围。,例如比较同一来源、同一窗口的关注份额变化，检查项目讨论占比是否持续上升。 当前工具是否返回此指标仍待核对。,,unavailable,,,kaito_entity_engagement_timeseries,对象互动量走势,data.metrics.mindshare,kaito-social-spider.kaito_entity_engagement_timeseries.data.metrics.mindshare,app,field,kaito,kaito-social-spider,kaito-social-spider.kaito_entity_engagement_timeseries,sha256:f1620ffa32315698b375587fe1c122404db9b82a56c98e66940100518206b35c
Kaito 社交数据,当前关注份额,衡量指标,保留当前关注份额；比较前需确认分母和时间窗。,例如在“对象互动量走势”中按对象和时间窗比较这个值；计算前先核对单位与口径。 此指标是否由当前 Kaito 工具返回仍待核对。,,unavailable,,,kaito_entity_engagement_timeseries,对象互动量走势,data.metrics.mindshare_current,kaito-social-spider.kaito_entity_engagement_timeseries.data.metrics.mindshare_current,app,field,kaito,kaito-social-spider,kaito-social-spider.kaito_entity_engagement_timeseries,sha256:f1620ffa32315698b375587fe1c122404db9b82a56c98e66940100518206b35c
Kaito 社交数据,关注份额变化,衡量指标,保留关注份额变化；需与相同口径的前期值比较。,例如筛选关注份额上升最快的项目，再检查绝对讨论量，避免小基数误导。 当前工具是否返回此指标仍待核对。,,unavailable,,,kaito_entity_engagement_timeseries,对象互动量走势,data.metrics.mindshare_delta,kaito-social-spider.kaito_entity_engagement_timeseries.data.metrics.mindshare_delta,app,field,kaito,kaito-social-spider,kaito-social-spider.kaito_entity_engagement_timeseries,sha256:f1620ffa32315698b375587fe1c122404db9b82a56c98e66940100518206b35c
Kaito 社交数据,上期排名,衡量指标,保留上一统计窗口的名次，用于计算排名变化。,例如在“对象互动量走势”中按对象和时间窗比较这个值；计算前先核对单位与口径。 此指标是否由当前 Kaito 工具返回仍待核对。,,unavailable,,,kaito_entity_engagement_timeseries,对象互动量走势,data.metrics.previous_rank,kaito-social-spider.kaito_entity_engagement_timeseries.data.metrics.previous_rank,app,field,kaito,kaito-social-spider,kaito-social-spider.kaito_entity_engagement_timeseries,sha256:f1620ffa32315698b375587fe1c122404db9b82a56c98e66940100518206b35c
Kaito 社交数据,引用数,衡量指标,保留引用转发次数，用于观察内容传播。,例如在“对象互动量走势”中按对象和时间窗比较这个值；计算前先核对单位与口径。 此指标是否由当前 Kaito 工具返回仍待核对。,,unavailable,,,kaito_entity_engagement_timeseries,对象互动量走势,data.metrics.quotes,kaito-social-spider.kaito_entity_engagement_timeseries.data.metrics.quotes,app,field,kaito,kaito-social-spider,kaito-social-spider.kaito_entity_engagement_timeseries,sha256:f1620ffa32315698b375587fe1c122404db9b82a56c98e66940100518206b35c
Kaito 社交数据,排名,衡量指标,保留当前名次，用于查看对象在同口径榜单中的位置。,例如追踪同一榜单中名次的连续变化，而不是只看单次排名。 当前工具是否返回此指标仍待核对。,,unavailable,,,kaito_entity_engagement_timeseries,对象互动量走势,data.metrics.rank,kaito-social-spider.kaito_entity_engagement_timeseries.data.metrics.rank,app,field,kaito,kaito-social-spider,kaito-social-spider.kaito_entity_engagement_timeseries,sha256:f1620ffa32315698b375587fe1c122404db9b82a56c98e66940100518206b35c
Kaito 社交数据,排名变化,衡量指标,保留名次变化；需要确认正负号代表的方向。,例如在“对象互动量走势”中按对象和时间窗比较这个值；计算前先核对单位与口径。 此指标是否由当前 Kaito 工具返回仍待核对。,,unavailable,,,kaito_entity_engagement_timeseries,对象互动量走势,data.metrics.rank_change,kaito-social-spider.kaito_entity_engagement_timeseries.data.metrics.rank_change,app,field,kaito,kaito-social-spider,kaito-social-spider.kaito_entity_engagement_timeseries,sha256:f1620ffa32315698b375587fe1c122404db9b82a56c98e66940100518206b35c
Kaito 社交数据,回复数,衡量指标,保留回复次数，用于观察讨论参与。,例如在“对象互动量走势”中按对象和时间窗比较这个值；计算前先核对单位与口径。 此指标是否由当前 Kaito 工具返回仍待核对。,,unavailable,,,kaito_entity_engagement_timeseries,对象互动量走势,data.metrics.replies,kaito-social-spider.kaito_entity_engagement_timeseries.data.metrics.replies,app,field,kaito,kaito-social-spider,kaito-social-spider.kaito_entity_engagement_timeseries,sha256:f1620ffa32315698b375587fe1c122404db9b82a56c98e66940100518206b35c
Kaito 社交数据,转发数,衡量指标,保留转发次数，用于观察内容传播。,例如在“对象互动量走势”中按对象和时间窗比较这个值；计算前先核对单位与口径。 此指标是否由当前 Kaito 工具返回仍待核对。,,unavailable,,,kaito_entity_engagement_timeseries,对象互动量走势,data.metrics.retweets,kaito-social-spider.kaito_entity_engagement_timeseries.data.metrics.retweets,app,field,kaito,kaito-social-spider,kaito-social-spider.kaito_entity_engagement_timeseries,sha256:f1620ffa32315698b375587fe1c122404db9b82a56c98e66940100518206b35c
Kaito 社交数据,评分,衡量指标,保留工具返回的评分；不同工具的评分不能直接混算。,例如在“对象互动量走势”中按对象和时间窗比较这个值；计算前先核对单位与口径。 此指标是否由当前 Kaito 工具返回仍待核对。,,unavailable,,,kaito_entity_engagement_timeseries,对象互动量走势,data.metrics.score,kaito-social-spider.kaito_entity_engagement_timeseries.data.metrics.score,app,field,kaito,kaito-social-spider,kaito-social-spider.kaito_entity_engagement_timeseries,sha256:f1620ffa32315698b375587fe1c122404db9b82a56c98e66940100518206b35c
Kaito 社交数据,情绪,衡量指标,保留情绪指标；量纲和正负含义需由对应工具确认。,例如把情绪变化与同一窗口的提及量一起看，避免少量帖子主导判断。 当前工具是否返回此指标仍待核对。,,unavailable,,,kaito_entity_engagement_timeseries,对象互动量走势,data.metrics.sentiment,kaito-social-spider.kaito_entity_engagement_timeseries.data.metrics.sentiment,app,field,kaito,kaito-social-spider,kaito-social-spider.kaito_entity_engagement_timeseries,sha256:f1620ffa32315698b375587fe1c122404db9b82a56c98e66940100518206b35c
Kaito 社交数据,情绪评分,衡量指标,保留情绪评分；与讨论量一起看更能判断可靠性。,例如把情绪评分与同一窗口的提及量一起看，避免少量帖子主导判断。 当前工具是否返回此指标仍待核对。,,unavailable,,,kaito_entity_engagement_timeseries,对象互动量走势,data.metrics.sentiment_score,kaito-social-spider.kaito_entity_engagement_timeseries.data.metrics.sentiment_score,app,field,kaito,kaito-social-spider,kaito-social-spider.kaito_entity_engagement_timeseries,sha256:f1620ffa32315698b375587fe1c122404db9b82a56c98e66940100518206b35c
Kaito 社交数据,高关注度账号互动量,衡量指标,保留高关注度账号的互动量；账号认定口径需核对。,例如观察高关注度账号的互动是否先于整体互动增加，作为待验证的早期关注线索。 当前工具是否返回此指标仍待核对。,900,transformed_test_fixture,https://github.com/cyberight-cap/fewunderstand/blob/23a854c2a02e6b52e424844648d4026737361caa/spider/kaito-social-spider/tests/fixtures/kaito_p0_raw.json,,kaito_entity_engagement_timeseries,对象互动量走势,data.metrics.smart_engagement,kaito-social-spider.kaito_entity_engagement_timeseries.data.metrics.smart_engagement,app,field,kaito,kaito-social-spider,kaito-social-spider.kaito_entity_engagement_timeseries,sha256:f1620ffa32315698b375587fe1c122404db9b82a56c98e66940100518206b35c
Kaito 社交数据,高关注度账号互动占比,衡量指标,保留高关注度账号互动占比；需核对分母。,例如在“对象互动量走势”中按对象和时间窗比较这个值；计算前先核对单位与口径。 此指标是否由当前 Kaito 工具返回仍待核对。,,unavailable,,,kaito_entity_engagement_timeseries,对象互动量走势,data.metrics.smart_engagement_ratio,kaito-social-spider.kaito_entity_engagement_timeseries.data.metrics.smart_engagement_ratio,app,field,kaito,kaito-social-spider,kaito-social-spider.kaito_entity_engagement_timeseries,sha256:f1620ffa32315698b375587fe1c122404db9b82a56c98e66940100518206b35c
Kaito 社交数据,高关注度粉丝数,衡量指标,保留高关注度粉丝数；账号认定口径需核对。,例如比较同一账号连续两次的高关注度粉丝数，检查是否出现异常增长。 当前工具是否返回此指标仍待核对。,,unavailable,,,kaito_entity_engagement_timeseries,对象互动量走势,data.metrics.smart_followers,kaito-social-spider.kaito_entity_engagement_timeseries.data.metrics.smart_followers,app,field,kaito,kaito-social-spider,kaito-social-spider.kaito_entity_engagement_timeseries,sha256:f1620ffa32315698b375587fe1c122404db9b82a56c98e66940100518206b35c
Kaito 社交数据,指标时间,时间定位,标记指标对应的时间点，用于组成时间序列。,例如按同一时间窗分组，并检查记录是否过时。 此指标是否由当前 Kaito 工具返回仍待核对。,2026-07-19T00:00:00Z,transformed_test_fixture,https://github.com/cyberight-cap/fewunderstand/blob/23a854c2a02e6b52e424844648d4026737361caa/spider/kaito-social-spider/tests/fixtures/kaito_p0_raw.json,,kaito_entity_engagement_timeseries,对象互动量走势,data.metrics.timestamp,kaito-social-spider.kaito_entity_engagement_timeseries.data.metrics.timestamp,app,field,kaito,kaito-social-spider,kaito-social-spider.kaito_entity_engagement_timeseries,sha256:f1620ffa32315698b375587fe1c122404db9b82a56c98e66940100518206b35c
Kaito 社交数据,总互动量,衡量指标,保留总互动量，用于观察讨论热度。,例如与提及次数一起比较，区分少数高互动内容和广泛讨论。 当前工具是否返回此指标仍待核对。,5000,transformed_test_fixture,https://github.com/cyberight-cap/fewunderstand/blob/23a854c2a02e6b52e424844648d4026737361caa/spider/kaito-social-spider/tests/fixtures/kaito_p0_raw.json,,kaito_entity_engagement_timeseries,对象互动量走势,data.metrics.total_engagement,kaito-social-spider.kaito_entity_engagement_timeseries.data.metrics.total_engagement,app,field,kaito,kaito-social-spider,kaito-social-spider.kaito_entity_engagement_timeseries,sha256:f1620ffa32315698b375587fe1c122404db9b82a56c98e66940100518206b35c
Kaito 社交数据,指标值,衡量指标,保留时间序列或指标行的数值；含义取决于对应工具。,例如在“对象互动量走势”中按对象和时间窗比较这个值；计算前先核对单位与口径。 此指标是否由当前 Kaito 工具返回仍待核对。,,unavailable,,,kaito_entity_engagement_timeseries,对象互动量走势,data.metrics.value,kaito-social-spider.kaito_entity_engagement_timeseries.data.metrics.value,app,field,kaito,kaito-social-spider,kaito-social-spider.kaito_entity_engagement_timeseries,sha256:f1620ffa32315698b375587fe1c122404db9b82a56c98e66940100518206b35c
Kaito 社交数据,浏览量,衡量指标,保留浏览次数，用于观察内容曝光。,例如用浏览量作曝光参考，再看互动量是否同步增长。 当前工具是否返回此指标仍待核对。,,unavailable,,,kaito_entity_engagement_timeseries,对象互动量走势,data.metrics.views,kaito-social-spider.kaito_entity_engagement_timeseries.data.metrics.views,app,field,kaito,kaito-social-spider,kaito-social-spider.kaito_entity_engagement_timeseries,sha256:f1620ffa32315698b375587fe1c122404db9b82a56c98e66940100518206b35c
Kaito 社交数据,平台,记录属性,标记内容所在的平台，便于区分来源渠道。,例如先用这个属性筛选可比较的记录，再查看对应的数值或内容。,kaito,transformed_test_fixture,https://github.com/cyberight-cap/fewunderstand/blob/23a854c2a02e6b52e424844648d4026737361caa/spider/kaito-social-spider/tests/fixtures/kaito_p0_raw.json,,kaito_entity_engagement_timeseries,对象互动量走势,data.platform,kaito-social-spider.kaito_entity_engagement_timeseries.data.platform,app,field,kaito,kaito-social-spider,kaito-social-spider.kaito_entity_engagement_timeseries,sha256:f1620ffa32315698b375587fe1c122404db9b82a56c98e66940100518206b35c
Kaito 社交数据,原始数据,原始或结构数据,保留该 Kaito 记录对应的原始返回行，用于回查未提取的键。,点开返回样本核对内部键，再决定是否需要提取为独立字段。,"{""entity_id"": ""pendle"", ""symbol"": ""PENDLE"", ""timestamp"": ""2026-07-19T00:00:00Z"", ""total_engagement"": 5000, ""smart_engagement"": 900}",transformed_test_fixture,https://github.com/cyberight-cap/fewunderstand/blob/23a854c2a02e6b52e424844648d4026737361caa/spider/kaito-social-spider/tests/fixtures/kaito_p0_raw.json,,kaito_entity_engagement_timeseries,对象互动量走势,data.raw,kaito-social-spider.kaito_entity_engagement_timeseries.data.raw,app,field,kaito,kaito-social-spider,kaito-social-spider.kaito_entity_engagement_timeseries,sha256:f1620ffa32315698b375587fe1c122404db9b82a56c98e66940100518206b35c
Kaito 社交数据,记录类型,来源与溯源,标记转换后的 Kaito 记录类型，便于选择正确的处理规则。,例如排查一条指标的来源或重复记录时，用它回到原始查询和处理链。,kaito_entity_engagement_timeseries,transformed_test_fixture,https://github.com/cyberight-cap/fewunderstand/blob/23a854c2a02e6b52e424844648d4026737361caa/spider/kaito-social-spider/tests/fixtures/kaito_p0_raw.json,,kaito_entity_engagement_timeseries,对象互动量走势,data.record_type,kaito-social-spider.kaito_entity_engagement_timeseries.data.record_type,v2,field,kaito,kaito-social-spider,kaito-social-spider.kaito_entity_engagement_timeseries,sha256:f1620ffa32315698b375587fe1c122404db9b82a56c98e66940100518206b35c
Kaito 社交数据,请求信息,原始或结构数据,保存调用 Kaito 工具的请求元信息，用于核对查询条件。,点开返回样本核对内部键，再决定是否需要提取为独立字段。,"{""tool"": ""kaito_engagement"", ""params_hash"": ""222c409f6e54f754"", ""window_start"": null, ""window_end"": null, ""window"": ""30d""}",transformed_test_fixture,https://github.com/cyberight-cap/fewunderstand/blob/23a854c2a02e6b52e424844648d4026737361caa/spider/kaito-social-spider/tests/fixtures/kaito_p0_raw.json,,kaito_entity_engagement_timeseries,对象互动量走势,data.request,kaito-social-spider.kaito_entity_engagement_timeseries.data.request,app,field,kaito,kaito-social-spider,kaito-social-spider.kaito_entity_engagement_timeseries,sha256:f1620ffa32315698b375587fe1c122404db9b82a56c98e66940100518206b35c
Kaito 社交数据,请求参数摘要,来源与溯源,保存脱敏后的请求参数摘要，用于识别同一次查询条件。,例如排查一条指标的来源或重复记录时，用它回到原始查询和处理链。,222c409f6e54f754,transformed_test_fixture,https://github.com/cyberight-cap/fewunderstand/blob/23a854c2a02e6b52e424844648d4026737361caa/spider/kaito-social-spider/tests/fixtures/kaito_p0_raw.json,,kaito_entity_engagement_timeseries,对象互动量走势,data.request.params_hash,kaito-social-spider.kaito_entity_engagement_timeseries.data.request.params_hash,app,field,kaito,kaito-social-spider,kaito-social-spider.kaito_entity_engagement_timeseries,sha256:f1620ffa32315698b375587fe1c122404db9b82a56c98e66940100518206b35c
Kaito 社交数据,请求工具,来源与溯源,指出产生这条记录的 Kaito 工具，用于核对指标口径。,例如排查一条指标的来源或重复记录时，用它回到原始查询和处理链。,kaito_engagement,transformed_test_fixture,https://github.com/cyberight-cap/fewunderstand/blob/23a854c2a02e6b52e424844648d4026737361caa/spider/kaito-social-spider/tests/fixtures/kaito_p0_raw.json,,kaito_entity_engagement_timeseries,对象互动量走势,data.request.tool,kaito-social-spider.kaito_entity_engagement_timeseries.data.request.tool,app,field,kaito,kaito-social-spider,kaito-social-spider.kaito_entity_engagement_timeseries,sha256:f1620ffa32315698b375587fe1c122404db9b82a56c98e66940100518206b35c
Kaito 社交数据,请求时间窗口,来源与溯源,记录请求时使用的时间窗口，用于比较同口径数据。,例如排查一条指标的来源或重复记录时，用它回到原始查询和处理链。,30d,transformed_test_fixture,https://github.com/cyberight-cap/fewunderstand/blob/23a854c2a02e6b52e424844648d4026737361caa/spider/kaito-social-spider/tests/fixtures/kaito_p0_raw.json,,kaito_entity_engagement_timeseries,对象互动量走势,data.request.window,kaito-social-spider.kaito_entity_engagement_timeseries.data.request.window,app,field,kaito,kaito-social-spider,kaito-social-spider.kaito_entity_engagement_timeseries,sha256:f1620ffa32315698b375587fe1c122404db9b82a56c98e66940100518206b35c
Kaito 社交数据,请求窗口结束,来源与溯源,记录请求窗口的结束时间，用于界定统计区间。,例如排查一条指标的来源或重复记录时，用它回到原始查询和处理链。,,transformed_test_fixture,https://github.com/cyberight-cap/fewunderstand/blob/23a854c2a02e6b52e424844648d4026737361caa/spider/kaito-social-spider/tests/fixtures/kaito_p0_raw.json,,kaito_entity_engagement_timeseries,对象互动量走势,data.request.window_end,kaito-social-spider.kaito_entity_engagement_timeseries.data.request.window_end,app,field,kaito,kaito-social-spider,kaito-social-spider.kaito_entity_engagement_timeseries,sha256:f1620ffa32315698b375587fe1c122404db9b82a56c98e66940100518206b35c
Kaito 社交数据,请求窗口开始,来源与溯源,记录请求窗口的开始时间，用于界定统计区间。,例如排查一条指标的来源或重复记录时，用它回到原始查询和处理链。,,transformed_test_fixture,https://github.com/cyberight-cap/fewunderstand/blob/23a854c2a02e6b52e424844648d4026737361caa/spider/kaito-social-spider/tests/fixtures/kaito_p0_raw.json,,kaito_entity_engagement_timeseries,对象互动量走势,data.request.window_start,kaito-social-spider.kaito_entity_engagement_timeseries.data.request.window_start,app,field,kaito,kaito-social-spider,kaito-social-spider.kaito_entity_engagement_timeseries,sha256:f1620ffa32315698b375587fe1c122404db9b82a56c98e66940100518206b35c
Kaito 社交数据,统计窗口,时间定位,保存记录对应的统计窗口，用于避免混合不同时间跨度。,例如按同一时间窗分组，并检查记录是否过时。,30d,transformed_test_fixture,https://github.com/cyberight-cap/fewunderstand/blob/23a854c2a02e6b52e424844648d4026737361caa/spider/kaito-social-spider/tests/fixtures/kaito_p0_raw.json,,kaito_entity_engagement_timeseries,对象互动量走势,data.window,kaito-social-spider.kaito_entity_engagement_timeseries.data.window,app,field,kaito,kaito-social-spider,kaito-social-spider.kaito_entity_engagement_timeseries,sha256:f1620ffa32315698b375587fe1c122404db9b82a56c98e66940100518206b35c
Kaito 社交数据,处理溯源,来源与溯源,保存处理链路元信息，用于追查记录如何产生。,例如排查一条指标的来源或重复记录时，用它回到原始查询和处理链。,"{""event_id"": ""evt:255dc9f47e19b52e351c5c2cc69825a2"", ""trace_id"": ""evt:255dc9f47e19b52e351c5c2cc69825a2"", ""parent_event_ids"": [], ""source_event_id"": null, ""record_type"": ""kaito_entity_engagement_timeseries"", ""schema_version"": ""pipeline-lineage/v1"", ""producer"": ""kaito-social-spider"", ""processing_stage"": ""ingest"", ""observed_at"": ""2026-07-19T00:00:00Z"", ""processed_at"": ""2026-07-19T00:00:00Z"", ""source_topic"": null, ""source_partition"": null, ""source_offset"": null, ""asset_id"": null}",transformed_test_fixture,https://github.com/cyberight-cap/fewunderstand/blob/23a854c2a02e6b52e424844648d4026737361caa/spider/kaito-social-spider/tests/fixtures/kaito_p0_raw.json,,kaito_entity_engagement_timeseries,对象互动量走势,lineage,kaito-social-spider.kaito_entity_engagement_timeseries.lineage,app,field,kaito,kaito-social-spider,kaito-social-spider.kaito_entity_engagement_timeseries,sha256:f1620ffa32315698b375587fe1c122404db9b82a56c98e66940100518206b35c
Kaito 社交数据,资产 ID,来源与溯源,保存解析后的内部资产 ID；未完成资产绑定时可能为空。,例如排查一条指标的来源或重复记录时，用它回到原始查询和处理链。,,transformed_test_fixture,https://github.com/cyberight-cap/fewunderstand/blob/23a854c2a02e6b52e424844648d4026737361caa/spider/kaito-social-spider/tests/fixtures/kaito_p0_raw.json,,kaito_entity_engagement_timeseries,对象互动量走势,lineage.asset_id,kaito-social-spider.kaito_entity_engagement_timeseries.lineage.asset_id,app,field,kaito,kaito-social-spider,kaito-social-spider.kaito_entity_engagement_timeseries,sha256:f1620ffa32315698b375587fe1c122404db9b82a56c98e66940100518206b35c
Kaito 社交数据,事件 ID,来源与溯源,稳定识别这条事件，用于追踪后续计算与结果。,例如排查一条指标的来源或重复记录时，用它回到原始查询和处理链。,evt:255dc9f47e19b52e351c5c2cc69825a2,transformed_test_fixture,https://github.com/cyberight-cap/fewunderstand/blob/23a854c2a02e6b52e424844648d4026737361caa/spider/kaito-social-spider/tests/fixtures/kaito_p0_raw.json,,kaito_entity_engagement_timeseries,对象互动量走势,lineage.event_id,kaito-social-spider.kaito_entity_engagement_timeseries.lineage.event_id,app,field,kaito,kaito-social-spider,kaito-social-spider.kaito_entity_engagement_timeseries,sha256:f1620ffa32315698b375587fe1c122404db9b82a56c98e66940100518206b35c
Kaito 社交数据,观察时间,来源与溯源,记录事实被观察的时间，用于确认原始数据时效。,例如排查一条指标的来源或重复记录时，用它回到原始查询和处理链。,2026-07-19T00:00:00Z,transformed_test_fixture,https://github.com/cyberight-cap/fewunderstand/blob/23a854c2a02e6b52e424844648d4026737361caa/spider/kaito-social-spider/tests/fixtures/kaito_p0_raw.json,,kaito_entity_engagement_timeseries,对象互动量走势,lineage.observed_at,kaito-social-spider.kaito_entity_engagement_timeseries.lineage.observed_at,app,field,kaito,kaito-social-spider,kaito-social-spider.kaito_entity_engagement_timeseries,sha256:f1620ffa32315698b375587fe1c122404db9b82a56c98e66940100518206b35c
Kaito 社交数据,上游事件 ID,来源与溯源,保存上游事件 ID，用于追溯派生结果的输入。,例如排查一条指标的来源或重复记录时，用它回到原始查询和处理链。,[],transformed_test_fixture,https://github.com/cyberight-cap/fewunderstand/blob/23a854c2a02e6b52e424844648d4026737361caa/spider/kaito-social-spider/tests/fixtures/kaito_p0_raw.json,,kaito_entity_engagement_timeseries,对象互动量走势,lineage.parent_event_ids,kaito-social-spider.kaito_entity_engagement_timeseries.lineage.parent_event_ids,app,field,kaito,kaito-social-spider,kaito-social-spider.kaito_entity_engagement_timeseries,sha256:f1620ffa32315698b375587fe1c122404db9b82a56c98e66940100518206b35c
Kaito 社交数据,处理时间,来源与溯源,记录处理程序生成消息的时间，用于定位处理延迟。,例如排查一条指标的来源或重复记录时，用它回到原始查询和处理链。,2026-07-19T00:00:00Z,transformed_test_fixture,https://github.com/cyberight-cap/fewunderstand/blob/23a854c2a02e6b52e424844648d4026737361caa/spider/kaito-social-spider/tests/fixtures/kaito_p0_raw.json,,kaito_entity_engagement_timeseries,对象互动量走势,lineage.processed_at,kaito-social-spider.kaito_entity_engagement_timeseries.lineage.processed_at,app,field,kaito,kaito-social-spider,kaito-social-spider.kaito_entity_engagement_timeseries,sha256:f1620ffa32315698b375587fe1c122404db9b82a56c98e66940100518206b35c
Kaito 社交数据,处理阶段,来源与溯源,标记当前处理阶段，用于区分采集与后续加工。,例如排查一条指标的来源或重复记录时，用它回到原始查询和处理链。,ingest,transformed_test_fixture,https://github.com/cyberight-cap/fewunderstand/blob/23a854c2a02e6b52e424844648d4026737361caa/spider/kaito-social-spider/tests/fixtures/kaito_p0_raw.json,,kaito_entity_engagement_timeseries,对象互动量走势,lineage.processing_stage,kaito-social-spider.kaito_entity_engagement_timeseries.lineage.processing_stage,app,field,kaito,kaito-social-spider,kaito-social-spider.kaito_entity_engagement_timeseries,sha256:f1620ffa32315698b375587fe1c122404db9b82a56c98e66940100518206b35c
Kaito 社交数据,生产程序,来源与溯源,标记生成这条消息的程序，用于核对生产来源。,例如排查一条指标的来源或重复记录时，用它回到原始查询和处理链。,kaito-social-spider,transformed_test_fixture,https://github.com/cyberight-cap/fewunderstand/blob/23a854c2a02e6b52e424844648d4026737361caa/spider/kaito-social-spider/tests/fixtures/kaito_p0_raw.json,,kaito_entity_engagement_timeseries,对象互动量走势,lineage.producer,kaito-social-spider.kaito_entity_engagement_timeseries.lineage.producer,app,field,kaito,kaito-social-spider,kaito-social-spider.kaito_entity_engagement_timeseries,sha256:f1620ffa32315698b375587fe1c122404db9b82a56c98e66940100518206b35c
Kaito 社交数据,溯源记录类型,来源与溯源,标记溯源信封里的记录类型，用于验证处理链路。,例如排查一条指标的来源或重复记录时，用它回到原始查询和处理链。,kaito_entity_engagement_timeseries,transformed_test_fixture,https://github.com/cyberight-cap/fewunderstand/blob/23a854c2a02e6b52e424844648d4026737361caa/spider/kaito-social-spider/tests/fixtures/kaito_p0_raw.json,,kaito_entity_engagement_timeseries,对象互动量走势,lineage.record_type,kaito-social-spider.kaito_entity_engagement_timeseries.lineage.record_type,app,field,kaito,kaito-social-spider,kaito-social-spider.kaito_entity_engagement_timeseries,sha256:f1620ffa32315698b375587fe1c122404db9b82a56c98e66940100518206b35c
Kaito 社交数据,结构版本,来源与溯源,标记消息结构版本，用于兼容不同版本的处理代码。,例如排查一条指标的来源或重复记录时，用它回到原始查询和处理链。,pipeline-lineage/v1,transformed_test_fixture,https://github.com/cyberight-cap/fewunderstand/blob/23a854c2a02e6b52e424844648d4026737361caa/spider/kaito-social-spider/tests/fixtures/kaito_p0_raw.json,,kaito_entity_engagement_timeseries,对象互动量走势,lineage.schema_version,kaito-social-spider.kaito_entity_engagement_timeseries.lineage.schema_version,app,field,kaito,kaito-social-spider,kaito-social-spider.kaito_entity_engagement_timeseries,sha256:f1620ffa32315698b375587fe1c122404db9b82a56c98e66940100518206b35c
Kaito 社交数据,来源事件 ID,来源与溯源,保存来源系统的事件 ID，用于跨系统回查。,例如排查一条指标的来源或重复记录时，用它回到原始查询和处理链。,,transformed_test_fixture,https://github.com/cyberight-cap/fewunderstand/blob/23a854c2a02e6b52e424844648d4026737361caa/spider/kaito-social-spider/tests/fixtures/kaito_p0_raw.json,,kaito_entity_engagement_timeseries,对象互动量走势,lineage.source_event_id,kaito-social-spider.kaito_entity_engagement_timeseries.lineage.source_event_id,app,field,kaito,kaito-social-spider,kaito-social-spider.kaito_entity_engagement_timeseries,sha256:f1620ffa32315698b375587fe1c122404db9b82a56c98e66940100518206b35c
Kaito 社交数据,来源偏移量,来源与溯源,保存来源消息偏移量，用于定位消息流位置。,例如排查一条指标的来源或重复记录时，用它回到原始查询和处理链。,,transformed_test_fixture,https://github.com/cyberight-cap/fewunderstand/blob/23a854c2a02e6b52e424844648d4026737361caa/spider/kaito-social-spider/tests/fixtures/kaito_p0_raw.json,,kaito_entity_engagement_timeseries,对象互动量走势,lineage.source_offset,kaito-social-spider.kaito_entity_engagement_timeseries.lineage.source_offset,app,field,kaito,kaito-social-spider,kaito-social-spider.kaito_entity_engagement_timeseries,sha256:f1620ffa32315698b375587fe1c122404db9b82a56c98e66940100518206b35c
Kaito 社交数据,来源分区,来源与溯源,保存来源消息分区，用于定位消息流位置。,例如排查一条指标的来源或重复记录时，用它回到原始查询和处理链。,,transformed_test_fixture,https://github.com/cyberight-cap/fewunderstand/blob/23a854c2a02e6b52e424844648d4026737361caa/spider/kaito-social-spider/tests/fixtures/kaito_p0_raw.json,,kaito_entity_engagement_timeseries,对象互动量走势,lineage.source_partition,kaito-social-spider.kaito_entity_engagement_timeseries.lineage.source_partition,app,field,kaito,kaito-social-spider,kaito-social-spider.kaito_entity_engagement_timeseries,sha256:f1620ffa32315698b375587fe1c122404db9b82a56c98e66940100518206b35c
Kaito 社交数据,来源主题,来源与溯源,保存来源主题名称，用于定位消息流位置。,例如排查一条指标的来源或重复记录时，用它回到原始查询和处理链。,,transformed_test_fixture,https://github.com/cyberight-cap/fewunderstand/blob/23a854c2a02e6b52e424844648d4026737361caa/spider/kaito-social-spider/tests/fixtures/kaito_p0_raw.json,,kaito_entity_engagement_timeseries,对象互动量走势,lineage.source_topic,kaito-social-spider.kaito_entity_engagement_timeseries.lineage.source_topic,app,field,kaito,kaito-social-spider,kaito-social-spider.kaito_entity_engagement_timeseries,sha256:f1620ffa32315698b375587fe1c122404db9b82a56c98e66940100518206b35c
Kaito 社交数据,追踪 ID,来源与溯源,关联同一处理链路上的事件，用于端到端追踪。,例如排查一条指标的来源或重复记录时，用它回到原始查询和处理链。,evt:255dc9f47e19b52e351c5c2cc69825a2,transformed_test_fixture,https://github.com/cyberight-cap/fewunderstand/blob/23a854c2a02e6b52e424844648d4026737361caa/spider/kaito-social-spider/tests/fixtures/kaito_p0_raw.json,,kaito_entity_engagement_timeseries,对象互动量走势,lineage.trace_id,kaito-social-spider.kaito_entity_engagement_timeseries.lineage.trace_id,app,field,kaito,kaito-social-spider,kaito-social-spider.kaito_entity_engagement_timeseries,sha256:f1620ffa32315698b375587fe1c122404db9b82a56c98e66940100518206b35c
Kaito 社交数据,原始文本,内容理解,保留内容的原始文本，用于回查清洗前的信息。,例如筛选与目标项目相关的内容，再点回原文人工核查。,,unavailable,,,kaito_entity_engagement_timeseries,对象互动量走势,raw_text,kaito-social-spider.kaito_entity_engagement_timeseries.raw_text,app,field,kaito,kaito-social-spider,kaito-social-spider.kaito_entity_engagement_timeseries,sha256:f1620ffa32315698b375587fe1c122404db9b82a56c98e66940100518206b35c
Kaito 社交数据,来源,来源与溯源,标记这条记录的来源，用于筛选和核对数据出处。,例如排查一条指标的来源或重复记录时，用它回到原始查询和处理链。,kaito,transformed_test_fixture,https://github.com/cyberight-cap/fewunderstand/blob/23a854c2a02e6b52e424844648d4026737361caa/spider/kaito-social-spider/tests/fixtures/kaito_p0_raw.json,,kaito_entity_engagement_timeseries,对象互动量走势,source,kaito-social-spider.kaito_entity_engagement_timeseries.source,app,field,kaito,kaito-social-spider,kaito-social-spider.kaito_entity_engagement_timeseries,sha256:f1620ffa32315698b375587fe1c122404db9b82a56c98e66940100518206b35c
Kaito 社交数据,正文,内容理解,保存消息或帖子的正文，用于关键词、主题和事件分析。,例如查找项目名或事件关键词，并结合消息时间和来源做人工核对。,,unavailable,,,kaito_entity_engagement_timeseries,对象互动量走势,text,kaito-social-spider.kaito_entity_engagement_timeseries.text,app,field,kaito,kaito-social-spider,kaito-social-spider.kaito_entity_engagement_timeseries,sha256:f1620ffa32315698b375587fe1c122404db9b82a56c98e66940100518206b35c
Kaito 社交数据,记录时间,时间定位,记录该数据对应的时间点，用于排序或时间窗聚合。,例如按同一时间窗分组，并检查记录是否过时。,2026-07-19T00:00:00Z,transformed_test_fixture,https://github.com/cyberight-cap/fewunderstand/blob/23a854c2a02e6b52e424844648d4026737361caa/spider/kaito-social-spider/tests/fixtures/kaito_p0_raw.json,,kaito_entity_engagement_timeseries,对象互动量走势,timestamp,kaito-social-spider.kaito_entity_engagement_timeseries.timestamp,app,field,kaito,kaito-social-spider,kaito-social-spider.kaito_entity_engagement_timeseries,sha256:f1620ffa32315698b375587fe1c122404db9b82a56c98e66940100518206b35c
Kaito 社交数据,标题,内容理解,保存内容标题，用于快速判断主题。,例如先用标题筛选相关内容，再用正文或原文链接验证。,,unavailable,,,kaito_entity_engagement_timeseries,对象互动量走势,title,kaito-social-spider.kaito_entity_engagement_timeseries.title,app,field,kaito,kaito-social-spider,kaito-social-spider.kaito_entity_engagement_timeseries,sha256:f1620ffa32315698b375587fe1c122404db9b82a56c98e66940100518206b35c
Kaito 社交数据,链接地址,对象识别,保存内容原文地址，用于回查和去重。,例如把同一对象在不同时间的记录对齐，再比较指标变化。,,unavailable,,,kaito_entity_engagement_timeseries,对象互动量走势,url,kaito-social-spider.kaito_entity_engagement_timeseries.url,app,field,kaito,kaito-social-spider,kaito-social-spider.kaito_entity_engagement_timeseries,sha256:f1620ffa32315698b375587fe1c122404db9b82a56c98e66940100518206b35c
Kaito 社交数据,对象提及量走势,记录类型,这类记录包含下列可展开的字段定义。,先选择记录类型，再查看字段用途与返回样本。,,unavailable,,,kaito_entity_mentions_timeseries,对象提及量走势,kaito_entity_mentions_timeseries,kaito-social-spider.kaito_entity_mentions_timeseries,app,record_type,kaito,kaito-social-spider,kaito-social-spider.kaito_entity_mentions_timeseries,sha256:f1620ffa32315698b375587fe1c122404db9b82a56c98e66940100518206b35c
Kaito 社交数据,作者,内容理解,指出内容的作者，便于按发布者汇总或回到原帖。,例如筛选与目标项目相关的内容，再点回原文人工核查。,,unavailable,,,kaito_entity_mentions_timeseries,对象提及量走势,author,kaito-social-spider.kaito_entity_mentions_timeseries.author,app,field,kaito,kaito-social-spider,kaito-social-spider.kaito_entity_mentions_timeseries,sha256:f1620ffa32315698b375587fe1c122404db9b82a56c98e66940100518206b35c
Kaito 社交数据,数据对象,原始或结构数据,装载这一类记录的主要业务数据；应继续展开具体子字段。,点开返回样本核对内部键，再决定是否需要提取为独立字段。,"{""platform"": ""kaito"", ""content_type"": ""social_intelligence"", ""record_type"": ""kaito_entity_mentions_timeseries"", ""entity"": {""kaito_id"": ""pendle"", ""symbol"": ""PENDLE"", ""name"": null, ""coingecko_slug"": null}, ""window"": ""30d"", ""metrics"": {""timestamp"": ""2026-07-19T00:00:00Z"", ""mention_count"": 120, ""mentions"": 120}, ""request"": {""tool"": ""kaito_mentions"", ""params_hash"": ""3271fb414be1166c"", ""window_start"": null, ""window_end"": null, ""window"": ""30d""}, ""raw"": {""entity_id"": ""pendle"", ""symbol"": ""PENDLE"", ""timestamp"": ""2026-07-19T00:00:00Z"", ""mention_count"": 120}}",transformed_test_fixture,https://github.com/cyberight-cap/fewunderstand/blob/23a854c2a02e6b52e424844648d4026737361caa/spider/kaito-social-spider/tests/fixtures/kaito_p0_raw.json,,kaito_entity_mentions_timeseries,对象提及量走势,data,kaito-social-spider.kaito_entity_mentions_timeseries.data,app,field,kaito,kaito-social-spider,kaito-social-spider.kaito_entity_mentions_timeseries,sha256:f1620ffa32315698b375587fe1c122404db9b82a56c98e66940100518206b35c
Kaito 社交数据,内容类型,记录属性,说明 Kaito 记录的内容类别，便于区分不同内容。,例如先用这个属性筛选可比较的记录，再查看对应的数值或内容。,social_intelligence,transformed_test_fixture,https://github.com/cyberight-cap/fewunderstand/blob/23a854c2a02e6b52e424844648d4026737361caa/spider/kaito-social-spider/tests/fixtures/kaito_p0_raw.json,,kaito_entity_mentions_timeseries,对象提及量走势,data.content_type,kaito-social-spider.kaito_entity_mentions_timeseries.data.content_type,app,field,kaito,kaito-social-spider,kaito-social-spider.kaito_entity_mentions_timeseries,sha256:f1620ffa32315698b375587fe1c122404db9b82a56c98e66940100518206b35c
Kaito 社交数据,对象信息,原始或结构数据,保存被分析对象的身份信息，用于关联同一项目或资产。,点开返回样本核对内部键，再决定是否需要提取为独立字段。,"{""kaito_id"": ""pendle"", ""symbol"": ""PENDLE"", ""name"": null, ""coingecko_slug"": null}",transformed_test_fixture,https://github.com/cyberight-cap/fewunderstand/blob/23a854c2a02e6b52e424844648d4026737361caa/spider/kaito-social-spider/tests/fixtures/kaito_p0_raw.json,,kaito_entity_mentions_timeseries,对象提及量走势,data.entity,kaito-social-spider.kaito_entity_mentions_timeseries.data.entity,app,field,kaito,kaito-social-spider,kaito-social-spider.kaito_entity_mentions_timeseries,sha256:f1620ffa32315698b375587fe1c122404db9b82a56c98e66940100518206b35c
Kaito 社交数据,CoinGecko 标识,对象识别,保存 CoinGecko 的对象标识，便于跨来源对齐同一资产。,例如把同一对象在不同时间的记录对齐，再比较指标变化。,,transformed_test_fixture,https://github.com/cyberight-cap/fewunderstand/blob/23a854c2a02e6b52e424844648d4026737361caa/spider/kaito-social-spider/tests/fixtures/kaito_p0_raw.json,,kaito_entity_mentions_timeseries,对象提及量走势,data.entity.coingecko_slug,kaito-social-spider.kaito_entity_mentions_timeseries.data.entity.coingecko_slug,app,field,kaito,kaito-social-spider,kaito-social-spider.kaito_entity_mentions_timeseries,sha256:f1620ffa32315698b375587fe1c122404db9b82a56c98e66940100518206b35c
Kaito 社交数据,Kaito ID,对象识别,保存 Kaito 的对象标识，便于合并同一对象的多条记录。,例如把同一对象在不同时间的记录对齐，再比较指标变化。,pendle,transformed_test_fixture,https://github.com/cyberight-cap/fewunderstand/blob/23a854c2a02e6b52e424844648d4026737361caa/spider/kaito-social-spider/tests/fixtures/kaito_p0_raw.json,,kaito_entity_mentions_timeseries,对象提及量走势,data.entity.kaito_id,kaito-social-spider.kaito_entity_mentions_timeseries.data.entity.kaito_id,app,field,kaito,kaito-social-spider,kaito-social-spider.kaito_entity_mentions_timeseries,sha256:f1620ffa32315698b375587fe1c122404db9b82a56c98e66940100518206b35c
Kaito 社交数据,对象名称,对象识别,显示被分析对象的名称，便于人工核对。,例如把同一对象在不同时间的记录对齐，再比较指标变化。,,transformed_test_fixture,https://github.com/cyberight-cap/fewunderstand/blob/23a854c2a02e6b52e424844648d4026737361caa/spider/kaito-social-spider/tests/fixtures/kaito_p0_raw.json,,kaito_entity_mentions_timeseries,对象提及量走势,data.entity.name,kaito-social-spider.kaito_entity_mentions_timeseries.data.entity.name,app,field,kaito,kaito-social-spider,kaito-social-spider.kaito_entity_mentions_timeseries,sha256:f1620ffa32315698b375587fe1c122404db9b82a56c98e66940100518206b35c
Kaito 社交数据,资产代码,对象识别,保存对象的资产代码，便于与市场数据匹配；同名代码仍需核验。,例如把同一对象在不同时间的记录对齐，再比较指标变化。,PENDLE,transformed_test_fixture,https://github.com/cyberight-cap/fewunderstand/blob/23a854c2a02e6b52e424844648d4026737361caa/spider/kaito-social-spider/tests/fixtures/kaito_p0_raw.json,,kaito_entity_mentions_timeseries,对象提及量走势,data.entity.symbol,kaito-social-spider.kaito_entity_mentions_timeseries.data.entity.symbol,v2,field,kaito,kaito-social-spider,kaito-social-spider.kaito_entity_mentions_timeseries,sha256:f1620ffa32315698b375587fe1c122404db9b82a56c98e66940100518206b35c
Kaito 社交数据,指标集合,原始或结构数据,装载 Kaito 返回行中提取出的指标；具体有哪些键取决于工具返回。,点开返回样本核对内部键，再决定是否需要提取为独立字段。,"{""timestamp"": ""2026-07-19T00:00:00Z"", ""mention_count"": 120, ""mentions"": 120}",transformed_test_fixture,https://github.com/cyberight-cap/fewunderstand/blob/23a854c2a02e6b52e424844648d4026737361caa/spider/kaito-social-spider/tests/fixtures/kaito_p0_raw.json,,kaito_entity_mentions_timeseries,对象提及量走势,data.metrics,kaito-social-spider.kaito_entity_mentions_timeseries.data.metrics,app,field,kaito,kaito-social-spider,kaito-social-spider.kaito_entity_mentions_timeseries,sha256:f1620ffa32315698b375587fe1c122404db9b82a56c98e66940100518206b35c
Kaito 社交数据,看跌指标,衡量指标,保留返回行中的看跌指标；分值口径需由对应工具确认。,例如在“对象提及量走势”中按对象和时间窗比较这个值；计算前先核对单位与口径。 此指标是否由当前 Kaito 工具返回仍待核对。,,unavailable,,,kaito_entity_mentions_timeseries,对象提及量走势,data.metrics.bearish,kaito-social-spider.kaito_entity_mentions_timeseries.data.metrics.bearish,app,field,kaito,kaito-social-spider,kaito-social-spider.kaito_entity_mentions_timeseries,sha256:f1620ffa32315698b375587fe1c122404db9b82a56c98e66940100518206b35c
Kaito 社交数据,看涨指标,衡量指标,保留返回行中的看涨指标；分值口径需由对应工具确认。,例如在“对象提及量走势”中按对象和时间窗比较这个值；计算前先核对单位与口径。 此指标是否由当前 Kaito 工具返回仍待核对。,,unavailable,,,kaito_entity_mentions_timeseries,对象提及量走势,data.metrics.bullish,kaito-social-spider.kaito_entity_mentions_timeseries.data.metrics.bullish,app,field,kaito,kaito-social-spider,kaito-social-spider.kaito_entity_mentions_timeseries,sha256:f1620ffa32315698b375587fe1c122404db9b82a56c98e66940100518206b35c
Kaito 社交数据,变化量,衡量指标,保留返回行中的变化值；比较前需确认变化的基准。,例如在“对象提及量走势”中按对象和时间窗比较这个值；计算前先核对单位与口径。 此指标是否由当前 Kaito 工具返回仍待核对。,,unavailable,,,kaito_entity_mentions_timeseries,对象提及量走势,data.metrics.change,kaito-social-spider.kaito_entity_mentions_timeseries.data.metrics.change,app,field,kaito,kaito-social-spider,kaito-social-spider.kaito_entity_mentions_timeseries,sha256:f1620ffa32315698b375587fe1c122404db9b82a56c98e66940100518206b35c
Kaito 社交数据,当前关注份额,衡量指标,保留当前关注份额；分母和时间窗需由对应工具确认。,例如在“对象提及量走势”中按对象和时间窗比较这个值；计算前先核对单位与口径。 此指标是否由当前 Kaito 工具返回仍待核对。,,unavailable,,,kaito_entity_mentions_timeseries,对象提及量走势,data.metrics.current_mindshare,kaito-social-spider.kaito_entity_mentions_timeseries.data.metrics.current_mindshare,app,field,kaito,kaito-social-spider,kaito-social-spider.kaito_entity_mentions_timeseries,sha256:f1620ffa32315698b375587fe1c122404db9b82a56c98e66940100518206b35c
Kaito 社交数据,变化值,衡量指标,保留相对上一窗口的变化值；比较前需确认方向和单位。,例如在“对象提及量走势”中按对象和时间窗比较这个值；计算前先核对单位与口径。 此指标是否由当前 Kaito 工具返回仍待核对。,,unavailable,,,kaito_entity_mentions_timeseries,对象提及量走势,data.metrics.delta,kaito-social-spider.kaito_entity_mentions_timeseries.data.metrics.delta,app,field,kaito,kaito-social-spider,kaito-social-spider.kaito_entity_mentions_timeseries,sha256:f1620ffa32315698b375587fe1c122404db9b82a56c98e66940100518206b35c
Kaito 社交数据,绝对变化值,衡量指标,保留绝对变化值；不要与百分比变化混用。,例如在“对象提及量走势”中按对象和时间窗比较这个值；计算前先核对单位与口径。 此指标是否由当前 Kaito 工具返回仍待核对。,,unavailable,,,kaito_entity_mentions_timeseries,对象提及量走势,data.metrics.delta_abs,kaito-social-spider.kaito_entity_mentions_timeseries.data.metrics.delta_abs,app,field,kaito,kaito-social-spider,kaito-social-spider.kaito_entity_mentions_timeseries,sha256:f1620ffa32315698b375587fe1c122404db9b82a56c98e66940100518206b35c
Kaito 社交数据,变化百分比,衡量指标,保留百分比变化；需要核对上游使用的是小数还是百分数。,例如在“对象提及量走势”中按对象和时间窗比较这个值；计算前先核对单位与口径。 此指标是否由当前 Kaito 工具返回仍待核对。,,unavailable,,,kaito_entity_mentions_timeseries,对象提及量走势,data.metrics.delta_pct,kaito-social-spider.kaito_entity_mentions_timeseries.data.metrics.delta_pct,app,field,kaito,kaito-social-spider,kaito-social-spider.kaito_entity_mentions_timeseries,sha256:f1620ffa32315698b375587fe1c122404db9b82a56c98e66940100518206b35c
Kaito 社交数据,变化方向,记录属性,标记变化属于上升或下降等方向，用于区分增减。,例如先用这个属性筛选可比较的记录，再查看对应的数值或内容。 此指标是否由当前 Kaito 工具返回仍待核对。,,unavailable,,,kaito_entity_mentions_timeseries,对象提及量走势,data.metrics.direction,kaito-social-spider.kaito_entity_mentions_timeseries.data.metrics.direction,app,field,kaito,kaito-social-spider,kaito-social-spider.kaito_entity_mentions_timeseries,sha256:f1620ffa32315698b375587fe1c122404db9b82a56c98e66940100518206b35c
Kaito 社交数据,互动量,衡量指标,保留返回行的互动量；需核对包含哪些互动行为。,例如统计同一对象在一个窗口内的互动量变化，再对照提及量判断热度来源。 当前工具是否返回此指标仍待核对。,,unavailable,,,kaito_entity_mentions_timeseries,对象提及量走势,data.metrics.engagement,kaito-social-spider.kaito_entity_mentions_timeseries.data.metrics.engagement,app,field,kaito,kaito-social-spider,kaito-social-spider.kaito_entity_mentions_timeseries,sha256:f1620ffa32315698b375587fe1c122404db9b82a56c98e66940100518206b35c
Kaito 社交数据,粉丝数,衡量指标,保留返回行的粉丝数量；需核对统计对象。,例如在“对象提及量走势”中按对象和时间窗比较这个值；计算前先核对单位与口径。 此指标是否由当前 Kaito 工具返回仍待核对。,,unavailable,,,kaito_entity_mentions_timeseries,对象提及量走势,data.metrics.followers,kaito-social-spider.kaito_entity_mentions_timeseries.data.metrics.followers,app,field,kaito,kaito-social-spider,kaito-social-spider.kaito_entity_mentions_timeseries,sha256:f1620ffa32315698b375587fe1c122404db9b82a56c98e66940100518206b35c
Kaito 社交数据,点赞数,衡量指标,保留点赞次数，用于观察内容互动。,例如比较同一批帖子中的点赞分布，识别由少数爆款带来的热度。 当前工具是否返回此指标仍待核对。,,unavailable,,,kaito_entity_mentions_timeseries,对象提及量走势,data.metrics.likes,kaito-social-spider.kaito_entity_mentions_timeseries.data.metrics.likes,app,field,kaito,kaito-social-spider,kaito-social-spider.kaito_entity_mentions_timeseries,sha256:f1620ffa32315698b375587fe1c122404db9b82a56c98e66940100518206b35c
Kaito 社交数据,提及次数,衡量指标,保留提及次数，用于观察讨论量。,例如按天计算项目提及次数，并与过去一周的基线比较。 当前工具是否返回此指标仍待核对。,120,transformed_test_fixture,https://github.com/cyberight-cap/fewunderstand/blob/23a854c2a02e6b52e424844648d4026737361caa/spider/kaito-social-spider/tests/fixtures/kaito_p0_raw.json,,kaito_entity_mentions_timeseries,对象提及量走势,data.metrics.mention_count,kaito-social-spider.kaito_entity_mentions_timeseries.data.metrics.mention_count,app,field,kaito,kaito-social-spider,kaito-social-spider.kaito_entity_mentions_timeseries,sha256:f1620ffa32315698b375587fe1c122404db9b82a56c98e66940100518206b35c
Kaito 社交数据,提及量,衡量指标,保留提及量，用于观察讨论量。,例如按天观察项目被提及的频率，检查增长是否持续。 当前工具是否返回此指标仍待核对。,120,transformed_test_fixture,https://github.com/cyberight-cap/fewunderstand/blob/23a854c2a02e6b52e424844648d4026737361caa/spider/kaito-social-spider/tests/fixtures/kaito_p0_raw.json,,kaito_entity_mentions_timeseries,对象提及量走势,data.metrics.mentions,kaito-social-spider.kaito_entity_mentions_timeseries.data.metrics.mentions,app,field,kaito,kaito-social-spider,kaito-social-spider.kaito_entity_mentions_timeseries,sha256:f1620ffa32315698b375587fe1c122404db9b82a56c98e66940100518206b35c
Kaito 社交数据,提及次数,衡量指标,保留提及次数，用于观察讨论量。,例如按天观察项目被提及的频率，检查增长是否持续。 当前工具是否返回此指标仍待核对。,,unavailable,,,kaito_entity_mentions_timeseries,对象提及量走势,data.metrics.mentions_count,kaito-social-spider.kaito_entity_mentions_timeseries.data.metrics.mentions_count,app,field,kaito,kaito-social-spider,kaito-social-spider.kaito_entity_mentions_timeseries,sha256:f1620ffa32315698b375587fe1c122404db9b82a56c98e66940100518206b35c
Kaito 社交数据,关注份额,衡量指标,保留关注份额；比较前需确认分母、时间窗和来源范围。,例如比较同一来源、同一窗口的关注份额变化，检查项目讨论占比是否持续上升。 当前工具是否返回此指标仍待核对。,,unavailable,,,kaito_entity_mentions_timeseries,对象提及量走势,data.metrics.mindshare,kaito-social-spider.kaito_entity_mentions_timeseries.data.metrics.mindshare,app,field,kaito,kaito-social-spider,kaito-social-spider.kaito_entity_mentions_timeseries,sha256:f1620ffa32315698b375587fe1c122404db9b82a56c98e66940100518206b35c
Kaito 社交数据,当前关注份额,衡量指标,保留当前关注份额；比较前需确认分母和时间窗。,例如在“对象提及量走势”中按对象和时间窗比较这个值；计算前先核对单位与口径。 此指标是否由当前 Kaito 工具返回仍待核对。,,unavailable,,,kaito_entity_mentions_timeseries,对象提及量走势,data.metrics.mindshare_current,kaito-social-spider.kaito_entity_mentions_timeseries.data.metrics.mindshare_current,app,field,kaito,kaito-social-spider,kaito-social-spider.kaito_entity_mentions_timeseries,sha256:f1620ffa32315698b375587fe1c122404db9b82a56c98e66940100518206b35c
Kaito 社交数据,关注份额变化,衡量指标,保留关注份额变化；需与相同口径的前期值比较。,例如筛选关注份额上升最快的项目，再检查绝对讨论量，避免小基数误导。 当前工具是否返回此指标仍待核对。,,unavailable,,,kaito_entity_mentions_timeseries,对象提及量走势,data.metrics.mindshare_delta,kaito-social-spider.kaito_entity_mentions_timeseries.data.metrics.mindshare_delta,app,field,kaito,kaito-social-spider,kaito-social-spider.kaito_entity_mentions_timeseries,sha256:f1620ffa32315698b375587fe1c122404db9b82a56c98e66940100518206b35c
Kaito 社交数据,上期排名,衡量指标,保留上一统计窗口的名次，用于计算排名变化。,例如在“对象提及量走势”中按对象和时间窗比较这个值；计算前先核对单位与口径。 此指标是否由当前 Kaito 工具返回仍待核对。,,unavailable,,,kaito_entity_mentions_timeseries,对象提及量走势,data.metrics.previous_rank,kaito-social-spider.kaito_entity_mentions_timeseries.data.metrics.previous_rank,app,field,kaito,kaito-social-spider,kaito-social-spider.kaito_entity_mentions_timeseries,sha256:f1620ffa32315698b375587fe1c122404db9b82a56c98e66940100518206b35c
Kaito 社交数据,引用数,衡量指标,保留引用转发次数，用于观察内容传播。,例如在“对象提及量走势”中按对象和时间窗比较这个值；计算前先核对单位与口径。 此指标是否由当前 Kaito 工具返回仍待核对。,,unavailable,,,kaito_entity_mentions_timeseries,对象提及量走势,data.metrics.quotes,kaito-social-spider.kaito_entity_mentions_timeseries.data.metrics.quotes,app,field,kaito,kaito-social-spider,kaito-social-spider.kaito_entity_mentions_timeseries,sha256:f1620ffa32315698b375587fe1c122404db9b82a56c98e66940100518206b35c
Kaito 社交数据,排名,衡量指标,保留当前名次，用于查看对象在同口径榜单中的位置。,例如追踪同一榜单中名次的连续变化，而不是只看单次排名。 当前工具是否返回此指标仍待核对。,,unavailable,,,kaito_entity_mentions_timeseries,对象提及量走势,data.metrics.rank,kaito-social-spider.kaito_entity_mentions_timeseries.data.metrics.rank,app,field,kaito,kaito-social-spider,kaito-social-spider.kaito_entity_mentions_timeseries,sha256:f1620ffa32315698b375587fe1c122404db9b82a56c98e66940100518206b35c
Kaito 社交数据,排名变化,衡量指标,保留名次变化；需要确认正负号代表的方向。,例如在“对象提及量走势”中按对象和时间窗比较这个值；计算前先核对单位与口径。 此指标是否由当前 Kaito 工具返回仍待核对。,,unavailable,,,kaito_entity_mentions_timeseries,对象提及量走势,data.metrics.rank_change,kaito-social-spider.kaito_entity_mentions_timeseries.data.metrics.rank_change,app,field,kaito,kaito-social-spider,kaito-social-spider.kaito_entity_mentions_timeseries,sha256:f1620ffa32315698b375587fe1c122404db9b82a56c98e66940100518206b35c
Kaito 社交数据,回复数,衡量指标,保留回复次数，用于观察讨论参与。,例如在“对象提及量走势”中按对象和时间窗比较这个值；计算前先核对单位与口径。 此指标是否由当前 Kaito 工具返回仍待核对。,,unavailable,,,kaito_entity_mentions_timeseries,对象提及量走势,data.metrics.replies,kaito-social-spider.kaito_entity_mentions_timeseries.data.metrics.replies,app,field,kaito,kaito-social-spider,kaito-social-spider.kaito_entity_mentions_timeseries,sha256:f1620ffa32315698b375587fe1c122404db9b82a56c98e66940100518206b35c
Kaito 社交数据,转发数,衡量指标,保留转发次数，用于观察内容传播。,例如在“对象提及量走势”中按对象和时间窗比较这个值；计算前先核对单位与口径。 此指标是否由当前 Kaito 工具返回仍待核对。,,unavailable,,,kaito_entity_mentions_timeseries,对象提及量走势,data.metrics.retweets,kaito-social-spider.kaito_entity_mentions_timeseries.data.metrics.retweets,app,field,kaito,kaito-social-spider,kaito-social-spider.kaito_entity_mentions_timeseries,sha256:f1620ffa32315698b375587fe1c122404db9b82a56c98e66940100518206b35c
Kaito 社交数据,评分,衡量指标,保留工具返回的评分；不同工具的评分不能直接混算。,例如在“对象提及量走势”中按对象和时间窗比较这个值；计算前先核对单位与口径。 此指标是否由当前 Kaito 工具返回仍待核对。,,unavailable,,,kaito_entity_mentions_timeseries,对象提及量走势,data.metrics.score,kaito-social-spider.kaito_entity_mentions_timeseries.data.metrics.score,app,field,kaito,kaito-social-spider,kaito-social-spider.kaito_entity_mentions_timeseries,sha256:f1620ffa32315698b375587fe1c122404db9b82a56c98e66940100518206b35c
Kaito 社交数据,情绪,衡量指标,保留情绪指标；量纲和正负含义需由对应工具确认。,例如把情绪变化与同一窗口的提及量一起看，避免少量帖子主导判断。 当前工具是否返回此指标仍待核对。,,unavailable,,,kaito_entity_mentions_timeseries,对象提及量走势,data.metrics.sentiment,kaito-social-spider.kaito_entity_mentions_timeseries.data.metrics.sentiment,app,field,kaito,kaito-social-spider,kaito-social-spider.kaito_entity_mentions_timeseries,sha256:f1620ffa32315698b375587fe1c122404db9b82a56c98e66940100518206b35c
Kaito 社交数据,情绪评分,衡量指标,保留情绪评分；与讨论量一起看更能判断可靠性。,例如把情绪评分与同一窗口的提及量一起看，避免少量帖子主导判断。 当前工具是否返回此指标仍待核对。,,unavailable,,,kaito_entity_mentions_timeseries,对象提及量走势,data.metrics.sentiment_score,kaito-social-spider.kaito_entity_mentions_timeseries.data.metrics.sentiment_score,app,field,kaito,kaito-social-spider,kaito-social-spider.kaito_entity_mentions_timeseries,sha256:f1620ffa32315698b375587fe1c122404db9b82a56c98e66940100518206b35c
Kaito 社交数据,高关注度账号互动量,衡量指标,保留高关注度账号的互动量；账号认定口径需核对。,例如观察高关注度账号的互动是否先于整体互动增加，作为待验证的早期关注线索。 当前工具是否返回此指标仍待核对。,,unavailable,,,kaito_entity_mentions_timeseries,对象提及量走势,data.metrics.smart_engagement,kaito-social-spider.kaito_entity_mentions_timeseries.data.metrics.smart_engagement,app,field,kaito,kaito-social-spider,kaito-social-spider.kaito_entity_mentions_timeseries,sha256:f1620ffa32315698b375587fe1c122404db9b82a56c98e66940100518206b35c
Kaito 社交数据,高关注度账号互动占比,衡量指标,保留高关注度账号互动占比；需核对分母。,例如在“对象提及量走势”中按对象和时间窗比较这个值；计算前先核对单位与口径。 此指标是否由当前 Kaito 工具返回仍待核对。,,unavailable,,,kaito_entity_mentions_timeseries,对象提及量走势,data.metrics.smart_engagement_ratio,kaito-social-spider.kaito_entity_mentions_timeseries.data.metrics.smart_engagement_ratio,app,field,kaito,kaito-social-spider,kaito-social-spider.kaito_entity_mentions_timeseries,sha256:f1620ffa32315698b375587fe1c122404db9b82a56c98e66940100518206b35c
Kaito 社交数据,高关注度粉丝数,衡量指标,保留高关注度粉丝数；账号认定口径需核对。,例如比较同一账号连续两次的高关注度粉丝数，检查是否出现异常增长。 当前工具是否返回此指标仍待核对。,,unavailable,,,kaito_entity_mentions_timeseries,对象提及量走势,data.metrics.smart_followers,kaito-social-spider.kaito_entity_mentions_timeseries.data.metrics.smart_followers,app,field,kaito,kaito-social-spider,kaito-social-spider.kaito_entity_mentions_timeseries,sha256:f1620ffa32315698b375587fe1c122404db9b82a56c98e66940100518206b35c
Kaito 社交数据,指标时间,时间定位,标记指标对应的时间点，用于组成时间序列。,例如按同一时间窗分组，并检查记录是否过时。 此指标是否由当前 Kaito 工具返回仍待核对。,2026-07-19T00:00:00Z,transformed_test_fixture,https://github.com/cyberight-cap/fewunderstand/blob/23a854c2a02e6b52e424844648d4026737361caa/spider/kaito-social-spider/tests/fixtures/kaito_p0_raw.json,,kaito_entity_mentions_timeseries,对象提及量走势,data.metrics.timestamp,kaito-social-spider.kaito_entity_mentions_timeseries.data.metrics.timestamp,app,field,kaito,kaito-social-spider,kaito-social-spider.kaito_entity_mentions_timeseries,sha256:f1620ffa32315698b375587fe1c122404db9b82a56c98e66940100518206b35c
Kaito 社交数据,总互动量,衡量指标,保留总互动量，用于观察讨论热度。,例如与提及次数一起比较，区分少数高互动内容和广泛讨论。 当前工具是否返回此指标仍待核对。,,unavailable,,,kaito_entity_mentions_timeseries,对象提及量走势,data.metrics.total_engagement,kaito-social-spider.kaito_entity_mentions_timeseries.data.metrics.total_engagement,app,field,kaito,kaito-social-spider,kaito-social-spider.kaito_entity_mentions_timeseries,sha256:f1620ffa32315698b375587fe1c122404db9b82a56c98e66940100518206b35c
Kaito 社交数据,指标值,衡量指标,保留时间序列或指标行的数值；含义取决于对应工具。,例如在“对象提及量走势”中按对象和时间窗比较这个值；计算前先核对单位与口径。 此指标是否由当前 Kaito 工具返回仍待核对。,,unavailable,,,kaito_entity_mentions_timeseries,对象提及量走势,data.metrics.value,kaito-social-spider.kaito_entity_mentions_timeseries.data.metrics.value,app,field,kaito,kaito-social-spider,kaito-social-spider.kaito_entity_mentions_timeseries,sha256:f1620ffa32315698b375587fe1c122404db9b82a56c98e66940100518206b35c
Kaito 社交数据,浏览量,衡量指标,保留浏览次数，用于观察内容曝光。,例如用浏览量作曝光参考，再看互动量是否同步增长。 当前工具是否返回此指标仍待核对。,,unavailable,,,kaito_entity_mentions_timeseries,对象提及量走势,data.metrics.views,kaito-social-spider.kaito_entity_mentions_timeseries.data.metrics.views,app,field,kaito,kaito-social-spider,kaito-social-spider.kaito_entity_mentions_timeseries,sha256:f1620ffa32315698b375587fe1c122404db9b82a56c98e66940100518206b35c
Kaito 社交数据,平台,记录属性,标记内容所在的平台，便于区分来源渠道。,例如先用这个属性筛选可比较的记录，再查看对应的数值或内容。,kaito,transformed_test_fixture,https://github.com/cyberight-cap/fewunderstand/blob/23a854c2a02e6b52e424844648d4026737361caa/spider/kaito-social-spider/tests/fixtures/kaito_p0_raw.json,,kaito_entity_mentions_timeseries,对象提及量走势,data.platform,kaito-social-spider.kaito_entity_mentions_timeseries.data.platform,app,field,kaito,kaito-social-spider,kaito-social-spider.kaito_entity_mentions_timeseries,sha256:f1620ffa32315698b375587fe1c122404db9b82a56c98e66940100518206b35c
Kaito 社交数据,原始数据,原始或结构数据,保留该 Kaito 记录对应的原始返回行，用于回查未提取的键。,点开返回样本核对内部键，再决定是否需要提取为独立字段。,"{""entity_id"": ""pendle"", ""symbol"": ""PENDLE"", ""timestamp"": ""2026-07-19T00:00:00Z"", ""mention_count"": 120}",transformed_test_fixture,https://github.com/cyberight-cap/fewunderstand/blob/23a854c2a02e6b52e424844648d4026737361caa/spider/kaito-social-spider/tests/fixtures/kaito_p0_raw.json,,kaito_entity_mentions_timeseries,对象提及量走势,data.raw,kaito-social-spider.kaito_entity_mentions_timeseries.data.raw,app,field,kaito,kaito-social-spider,kaito-social-spider.kaito_entity_mentions_timeseries,sha256:f1620ffa32315698b375587fe1c122404db9b82a56c98e66940100518206b35c
Kaito 社交数据,记录类型,来源与溯源,标记转换后的 Kaito 记录类型，便于选择正确的处理规则。,例如排查一条指标的来源或重复记录时，用它回到原始查询和处理链。,kaito_entity_mentions_timeseries,transformed_test_fixture,https://github.com/cyberight-cap/fewunderstand/blob/23a854c2a02e6b52e424844648d4026737361caa/spider/kaito-social-spider/tests/fixtures/kaito_p0_raw.json,,kaito_entity_mentions_timeseries,对象提及量走势,data.record_type,kaito-social-spider.kaito_entity_mentions_timeseries.data.record_type,v2,field,kaito,kaito-social-spider,kaito-social-spider.kaito_entity_mentions_timeseries,sha256:f1620ffa32315698b375587fe1c122404db9b82a56c98e66940100518206b35c
Kaito 社交数据,请求信息,原始或结构数据,保存调用 Kaito 工具的请求元信息，用于核对查询条件。,点开返回样本核对内部键，再决定是否需要提取为独立字段。,"{""tool"": ""kaito_mentions"", ""params_hash"": ""3271fb414be1166c"", ""window_start"": null, ""window_end"": null, ""window"": ""30d""}",transformed_test_fixture,https://github.com/cyberight-cap/fewunderstand/blob/23a854c2a02e6b52e424844648d4026737361caa/spider/kaito-social-spider/tests/fixtures/kaito_p0_raw.json,,kaito_entity_mentions_timeseries,对象提及量走势,data.request,kaito-social-spider.kaito_entity_mentions_timeseries.data.request,app,field,kaito,kaito-social-spider,kaito-social-spider.kaito_entity_mentions_timeseries,sha256:f1620ffa32315698b375587fe1c122404db9b82a56c98e66940100518206b35c
Kaito 社交数据,请求参数摘要,来源与溯源,保存脱敏后的请求参数摘要，用于识别同一次查询条件。,例如排查一条指标的来源或重复记录时，用它回到原始查询和处理链。,3271fb414be1166c,transformed_test_fixture,https://github.com/cyberight-cap/fewunderstand/blob/23a854c2a02e6b52e424844648d4026737361caa/spider/kaito-social-spider/tests/fixtures/kaito_p0_raw.json,,kaito_entity_mentions_timeseries,对象提及量走势,data.request.params_hash,kaito-social-spider.kaito_entity_mentions_timeseries.data.request.params_hash,app,field,kaito,kaito-social-spider,kaito-social-spider.kaito_entity_mentions_timeseries,sha256:f1620ffa32315698b375587fe1c122404db9b82a56c98e66940100518206b35c
Kaito 社交数据,请求工具,来源与溯源,指出产生这条记录的 Kaito 工具，用于核对指标口径。,例如排查一条指标的来源或重复记录时，用它回到原始查询和处理链。,kaito_mentions,transformed_test_fixture,https://github.com/cyberight-cap/fewunderstand/blob/23a854c2a02e6b52e424844648d4026737361caa/spider/kaito-social-spider/tests/fixtures/kaito_p0_raw.json,,kaito_entity_mentions_timeseries,对象提及量走势,data.request.tool,kaito-social-spider.kaito_entity_mentions_timeseries.data.request.tool,app,field,kaito,kaito-social-spider,kaito-social-spider.kaito_entity_mentions_timeseries,sha256:f1620ffa32315698b375587fe1c122404db9b82a56c98e66940100518206b35c
Kaito 社交数据,请求时间窗口,来源与溯源,记录请求时使用的时间窗口，用于比较同口径数据。,例如排查一条指标的来源或重复记录时，用它回到原始查询和处理链。,30d,transformed_test_fixture,https://github.com/cyberight-cap/fewunderstand/blob/23a854c2a02e6b52e424844648d4026737361caa/spider/kaito-social-spider/tests/fixtures/kaito_p0_raw.json,,kaito_entity_mentions_timeseries,对象提及量走势,data.request.window,kaito-social-spider.kaito_entity_mentions_timeseries.data.request.window,app,field,kaito,kaito-social-spider,kaito-social-spider.kaito_entity_mentions_timeseries,sha256:f1620ffa32315698b375587fe1c122404db9b82a56c98e66940100518206b35c
Kaito 社交数据,请求窗口结束,来源与溯源,记录请求窗口的结束时间，用于界定统计区间。,例如排查一条指标的来源或重复记录时，用它回到原始查询和处理链。,,transformed_test_fixture,https://github.com/cyberight-cap/fewunderstand/blob/23a854c2a02e6b52e424844648d4026737361caa/spider/kaito-social-spider/tests/fixtures/kaito_p0_raw.json,,kaito_entity_mentions_timeseries,对象提及量走势,data.request.window_end,kaito-social-spider.kaito_entity_mentions_timeseries.data.request.window_end,app,field,kaito,kaito-social-spider,kaito-social-spider.kaito_entity_mentions_timeseries,sha256:f1620ffa32315698b375587fe1c122404db9b82a56c98e66940100518206b35c
Kaito 社交数据,请求窗口开始,来源与溯源,记录请求窗口的开始时间，用于界定统计区间。,例如排查一条指标的来源或重复记录时，用它回到原始查询和处理链。,,transformed_test_fixture,https://github.com/cyberight-cap/fewunderstand/blob/23a854c2a02e6b52e424844648d4026737361caa/spider/kaito-social-spider/tests/fixtures/kaito_p0_raw.json,,kaito_entity_mentions_timeseries,对象提及量走势,data.request.window_start,kaito-social-spider.kaito_entity_mentions_timeseries.data.request.window_start,app,field,kaito,kaito-social-spider,kaito-social-spider.kaito_entity_mentions_timeseries,sha256:f1620ffa32315698b375587fe1c122404db9b82a56c98e66940100518206b35c
Kaito 社交数据,统计窗口,时间定位,保存记录对应的统计窗口，用于避免混合不同时间跨度。,例如按同一时间窗分组，并检查记录是否过时。,30d,transformed_test_fixture,https://github.com/cyberight-cap/fewunderstand/blob/23a854c2a02e6b52e424844648d4026737361caa/spider/kaito-social-spider/tests/fixtures/kaito_p0_raw.json,,kaito_entity_mentions_timeseries,对象提及量走势,data.window,kaito-social-spider.kaito_entity_mentions_timeseries.data.window,app,field,kaito,kaito-social-spider,kaito-social-spider.kaito_entity_mentions_timeseries,sha256:f1620ffa32315698b375587fe1c122404db9b82a56c98e66940100518206b35c
Kaito 社交数据,处理溯源,来源与溯源,保存处理链路元信息，用于追查记录如何产生。,例如排查一条指标的来源或重复记录时，用它回到原始查询和处理链。,"{""event_id"": ""evt:fc4ea144704c9be77b396a67f003ad90"", ""trace_id"": ""evt:fc4ea144704c9be77b396a67f003ad90"", ""parent_event_ids"": [], ""source_event_id"": null, ""record_type"": ""kaito_entity_mentions_timeseries"", ""schema_version"": ""pipeline-lineage/v1"", ""producer"": ""kaito-social-spider"", ""processing_stage"": ""ingest"", ""observed_at"": ""2026-07-19T00:00:00Z"", ""processed_at"": ""2026-07-19T00:00:00Z"", ""source_topic"": null, ""source_partition"": null, ""source_offset"": null, ""asset_id"": null}",transformed_test_fixture,https://github.com/cyberight-cap/fewunderstand/blob/23a854c2a02e6b52e424844648d4026737361caa/spider/kaito-social-spider/tests/fixtures/kaito_p0_raw.json,,kaito_entity_mentions_timeseries,对象提及量走势,lineage,kaito-social-spider.kaito_entity_mentions_timeseries.lineage,app,field,kaito,kaito-social-spider,kaito-social-spider.kaito_entity_mentions_timeseries,sha256:f1620ffa32315698b375587fe1c122404db9b82a56c98e66940100518206b35c
Kaito 社交数据,资产 ID,来源与溯源,保存解析后的内部资产 ID；未完成资产绑定时可能为空。,例如排查一条指标的来源或重复记录时，用它回到原始查询和处理链。,,transformed_test_fixture,https://github.com/cyberight-cap/fewunderstand/blob/23a854c2a02e6b52e424844648d4026737361caa/spider/kaito-social-spider/tests/fixtures/kaito_p0_raw.json,,kaito_entity_mentions_timeseries,对象提及量走势,lineage.asset_id,kaito-social-spider.kaito_entity_mentions_timeseries.lineage.asset_id,app,field,kaito,kaito-social-spider,kaito-social-spider.kaito_entity_mentions_timeseries,sha256:f1620ffa32315698b375587fe1c122404db9b82a56c98e66940100518206b35c
Kaito 社交数据,事件 ID,来源与溯源,稳定识别这条事件，用于追踪后续计算与结果。,例如排查一条指标的来源或重复记录时，用它回到原始查询和处理链。,evt:fc4ea144704c9be77b396a67f003ad90,transformed_test_fixture,https://github.com/cyberight-cap/fewunderstand/blob/23a854c2a02e6b52e424844648d4026737361caa/spider/kaito-social-spider/tests/fixtures/kaito_p0_raw.json,,kaito_entity_mentions_timeseries,对象提及量走势,lineage.event_id,kaito-social-spider.kaito_entity_mentions_timeseries.lineage.event_id,app,field,kaito,kaito-social-spider,kaito-social-spider.kaito_entity_mentions_timeseries,sha256:f1620ffa32315698b375587fe1c122404db9b82a56c98e66940100518206b35c
Kaito 社交数据,观察时间,来源与溯源,记录事实被观察的时间，用于确认原始数据时效。,例如排查一条指标的来源或重复记录时，用它回到原始查询和处理链。,2026-07-19T00:00:00Z,transformed_test_fixture,https://github.com/cyberight-cap/fewunderstand/blob/23a854c2a02e6b52e424844648d4026737361caa/spider/kaito-social-spider/tests/fixtures/kaito_p0_raw.json,,kaito_entity_mentions_timeseries,对象提及量走势,lineage.observed_at,kaito-social-spider.kaito_entity_mentions_timeseries.lineage.observed_at,app,field,kaito,kaito-social-spider,kaito-social-spider.kaito_entity_mentions_timeseries,sha256:f1620ffa32315698b375587fe1c122404db9b82a56c98e66940100518206b35c
Kaito 社交数据,上游事件 ID,来源与溯源,保存上游事件 ID，用于追溯派生结果的输入。,例如排查一条指标的来源或重复记录时，用它回到原始查询和处理链。,[],transformed_test_fixture,https://github.com/cyberight-cap/fewunderstand/blob/23a854c2a02e6b52e424844648d4026737361caa/spider/kaito-social-spider/tests/fixtures/kaito_p0_raw.json,,kaito_entity_mentions_timeseries,对象提及量走势,lineage.parent_event_ids,kaito-social-spider.kaito_entity_mentions_timeseries.lineage.parent_event_ids,app,field,kaito,kaito-social-spider,kaito-social-spider.kaito_entity_mentions_timeseries,sha256:f1620ffa32315698b375587fe1c122404db9b82a56c98e66940100518206b35c
Kaito 社交数据,处理时间,来源与溯源,记录处理程序生成消息的时间，用于定位处理延迟。,例如排查一条指标的来源或重复记录时，用它回到原始查询和处理链。,2026-07-19T00:00:00Z,transformed_test_fixture,https://github.com/cyberight-cap/fewunderstand/blob/23a854c2a02e6b52e424844648d4026737361caa/spider/kaito-social-spider/tests/fixtures/kaito_p0_raw.json,,kaito_entity_mentions_timeseries,对象提及量走势,lineage.processed_at,kaito-social-spider.kaito_entity_mentions_timeseries.lineage.processed_at,app,field,kaito,kaito-social-spider,kaito-social-spider.kaito_entity_mentions_timeseries,sha256:f1620ffa32315698b375587fe1c122404db9b82a56c98e66940100518206b35c
Kaito 社交数据,处理阶段,来源与溯源,标记当前处理阶段，用于区分采集与后续加工。,例如排查一条指标的来源或重复记录时，用它回到原始查询和处理链。,ingest,transformed_test_fixture,https://github.com/cyberight-cap/fewunderstand/blob/23a854c2a02e6b52e424844648d4026737361caa/spider/kaito-social-spider/tests/fixtures/kaito_p0_raw.json,,kaito_entity_mentions_timeseries,对象提及量走势,lineage.processing_stage,kaito-social-spider.kaito_entity_mentions_timeseries.lineage.processing_stage,app,field,kaito,kaito-social-spider,kaito-social-spider.kaito_entity_mentions_timeseries,sha256:f1620ffa32315698b375587fe1c122404db9b82a56c98e66940100518206b35c
Kaito 社交数据,生产程序,来源与溯源,标记生成这条消息的程序，用于核对生产来源。,例如排查一条指标的来源或重复记录时，用它回到原始查询和处理链。,kaito-social-spider,transformed_test_fixture,https://github.com/cyberight-cap/fewunderstand/blob/23a854c2a02e6b52e424844648d4026737361caa/spider/kaito-social-spider/tests/fixtures/kaito_p0_raw.json,,kaito_entity_mentions_timeseries,对象提及量走势,lineage.producer,kaito-social-spider.kaito_entity_mentions_timeseries.lineage.producer,app,field,kaito,kaito-social-spider,kaito-social-spider.kaito_entity_mentions_timeseries,sha256:f1620ffa32315698b375587fe1c122404db9b82a56c98e66940100518206b35c
Kaito 社交数据,溯源记录类型,来源与溯源,标记溯源信封里的记录类型，用于验证处理链路。,例如排查一条指标的来源或重复记录时，用它回到原始查询和处理链。,kaito_entity_mentions_timeseries,transformed_test_fixture,https://github.com/cyberight-cap/fewunderstand/blob/23a854c2a02e6b52e424844648d4026737361caa/spider/kaito-social-spider/tests/fixtures/kaito_p0_raw.json,,kaito_entity_mentions_timeseries,对象提及量走势,lineage.record_type,kaito-social-spider.kaito_entity_mentions_timeseries.lineage.record_type,app,field,kaito,kaito-social-spider,kaito-social-spider.kaito_entity_mentions_timeseries,sha256:f1620ffa32315698b375587fe1c122404db9b82a56c98e66940100518206b35c
Kaito 社交数据,结构版本,来源与溯源,标记消息结构版本，用于兼容不同版本的处理代码。,例如排查一条指标的来源或重复记录时，用它回到原始查询和处理链。,pipeline-lineage/v1,transformed_test_fixture,https://github.com/cyberight-cap/fewunderstand/blob/23a854c2a02e6b52e424844648d4026737361caa/spider/kaito-social-spider/tests/fixtures/kaito_p0_raw.json,,kaito_entity_mentions_timeseries,对象提及量走势,lineage.schema_version,kaito-social-spider.kaito_entity_mentions_timeseries.lineage.schema_version,app,field,kaito,kaito-social-spider,kaito-social-spider.kaito_entity_mentions_timeseries,sha256:f1620ffa32315698b375587fe1c122404db9b82a56c98e66940100518206b35c
Kaito 社交数据,来源事件 ID,来源与溯源,保存来源系统的事件 ID，用于跨系统回查。,例如排查一条指标的来源或重复记录时，用它回到原始查询和处理链。,,transformed_test_fixture,https://github.com/cyberight-cap/fewunderstand/blob/23a854c2a02e6b52e424844648d4026737361caa/spider/kaito-social-spider/tests/fixtures/kaito_p0_raw.json,,kaito_entity_mentions_timeseries,对象提及量走势,lineage.source_event_id,kaito-social-spider.kaito_entity_mentions_timeseries.lineage.source_event_id,app,field,kaito,kaito-social-spider,kaito-social-spider.kaito_entity_mentions_timeseries,sha256:f1620ffa32315698b375587fe1c122404db9b82a56c98e66940100518206b35c
Kaito 社交数据,来源偏移量,来源与溯源,保存来源消息偏移量，用于定位消息流位置。,例如排查一条指标的来源或重复记录时，用它回到原始查询和处理链。,,transformed_test_fixture,https://github.com/cyberight-cap/fewunderstand/blob/23a854c2a02e6b52e424844648d4026737361caa/spider/kaito-social-spider/tests/fixtures/kaito_p0_raw.json,,kaito_entity_mentions_timeseries,对象提及量走势,lineage.source_offset,kaito-social-spider.kaito_entity_mentions_timeseries.lineage.source_offset,app,field,kaito,kaito-social-spider,kaito-social-spider.kaito_entity_mentions_timeseries,sha256:f1620ffa32315698b375587fe1c122404db9b82a56c98e66940100518206b35c
Kaito 社交数据,来源分区,来源与溯源,保存来源消息分区，用于定位消息流位置。,例如排查一条指标的来源或重复记录时，用它回到原始查询和处理链。,,transformed_test_fixture,https://github.com/cyberight-cap/fewunderstand/blob/23a854c2a02e6b52e424844648d4026737361caa/spider/kaito-social-spider/tests/fixtures/kaito_p0_raw.json,,kaito_entity_mentions_timeseries,对象提及量走势,lineage.source_partition,kaito-social-spider.kaito_entity_mentions_timeseries.lineage.source_partition,app,field,kaito,kaito-social-spider,kaito-social-spider.kaito_entity_mentions_timeseries,sha256:f1620ffa32315698b375587fe1c122404db9b82a56c98e66940100518206b35c
Kaito 社交数据,来源主题,来源与溯源,保存来源主题名称，用于定位消息流位置。,例如排查一条指标的来源或重复记录时，用它回到原始查询和处理链。,,transformed_test_fixture,https://github.com/cyberight-cap/fewunderstand/blob/23a854c2a02e6b52e424844648d4026737361caa/spider/kaito-social-spider/tests/fixtures/kaito_p0_raw.json,,kaito_entity_mentions_timeseries,对象提及量走势,lineage.source_topic,kaito-social-spider.kaito_entity_mentions_timeseries.lineage.source_topic,app,field,kaito,kaito-social-spider,kaito-social-spider.kaito_entity_mentions_timeseries,sha256:f1620ffa32315698b375587fe1c122404db9b82a56c98e66940100518206b35c
Kaito 社交数据,追踪 ID,来源与溯源,关联同一处理链路上的事件，用于端到端追踪。,例如排查一条指标的来源或重复记录时，用它回到原始查询和处理链。,evt:fc4ea144704c9be77b396a67f003ad90,transformed_test_fixture,https://github.com/cyberight-cap/fewunderstand/blob/23a854c2a02e6b52e424844648d4026737361caa/spider/kaito-social-spider/tests/fixtures/kaito_p0_raw.json,,kaito_entity_mentions_timeseries,对象提及量走势,lineage.trace_id,kaito-social-spider.kaito_entity_mentions_timeseries.lineage.trace_id,app,field,kaito,kaito-social-spider,kaito-social-spider.kaito_entity_mentions_timeseries,sha256:f1620ffa32315698b375587fe1c122404db9b82a56c98e66940100518206b35c
Kaito 社交数据,原始文本,内容理解,保留内容的原始文本，用于回查清洗前的信息。,例如筛选与目标项目相关的内容，再点回原文人工核查。,,unavailable,,,kaito_entity_mentions_timeseries,对象提及量走势,raw_text,kaito-social-spider.kaito_entity_mentions_timeseries.raw_text,app,field,kaito,kaito-social-spider,kaito-social-spider.kaito_entity_mentions_timeseries,sha256:f1620ffa32315698b375587fe1c122404db9b82a56c98e66940100518206b35c
Kaito 社交数据,来源,来源与溯源,标记这条记录的来源，用于筛选和核对数据出处。,例如排查一条指标的来源或重复记录时，用它回到原始查询和处理链。,kaito,transformed_test_fixture,https://github.com/cyberight-cap/fewunderstand/blob/23a854c2a02e6b52e424844648d4026737361caa/spider/kaito-social-spider/tests/fixtures/kaito_p0_raw.json,,kaito_entity_mentions_timeseries,对象提及量走势,source,kaito-social-spider.kaito_entity_mentions_timeseries.source,app,field,kaito,kaito-social-spider,kaito-social-spider.kaito_entity_mentions_timeseries,sha256:f1620ffa32315698b375587fe1c122404db9b82a56c98e66940100518206b35c
Kaito 社交数据,正文,内容理解,保存消息或帖子的正文，用于关键词、主题和事件分析。,例如查找项目名或事件关键词，并结合消息时间和来源做人工核对。,,unavailable,,,kaito_entity_mentions_timeseries,对象提及量走势,text,kaito-social-spider.kaito_entity_mentions_timeseries.text,app,field,kaito,kaito-social-spider,kaito-social-spider.kaito_entity_mentions_timeseries,sha256:f1620ffa32315698b375587fe1c122404db9b82a56c98e66940100518206b35c
Kaito 社交数据,记录时间,时间定位,记录该数据对应的时间点，用于排序或时间窗聚合。,例如按同一时间窗分组，并检查记录是否过时。,2026-07-19T00:00:00Z,transformed_test_fixture,https://github.com/cyberight-cap/fewunderstand/blob/23a854c2a02e6b52e424844648d4026737361caa/spider/kaito-social-spider/tests/fixtures/kaito_p0_raw.json,,kaito_entity_mentions_timeseries,对象提及量走势,timestamp,kaito-social-spider.kaito_entity_mentions_timeseries.timestamp,app,field,kaito,kaito-social-spider,kaito-social-spider.kaito_entity_mentions_timeseries,sha256:f1620ffa32315698b375587fe1c122404db9b82a56c98e66940100518206b35c
Kaito 社交数据,标题,内容理解,保存内容标题，用于快速判断主题。,例如先用标题筛选相关内容，再用正文或原文链接验证。,,unavailable,,,kaito_entity_mentions_timeseries,对象提及量走势,title,kaito-social-spider.kaito_entity_mentions_timeseries.title,app,field,kaito,kaito-social-spider,kaito-social-spider.kaito_entity_mentions_timeseries,sha256:f1620ffa32315698b375587fe1c122404db9b82a56c98e66940100518206b35c
Kaito 社交数据,链接地址,对象识别,保存内容原文地址，用于回查和去重。,例如把同一对象在不同时间的记录对齐，再比较指标变化。,,unavailable,,,kaito_entity_mentions_timeseries,对象提及量走势,url,kaito-social-spider.kaito_entity_mentions_timeseries.url,app,field,kaito,kaito-social-spider,kaito-social-spider.kaito_entity_mentions_timeseries,sha256:f1620ffa32315698b375587fe1c122404db9b82a56c98e66940100518206b35c
Kaito 社交数据,对象关注份额变化,记录类型,这类记录包含下列可展开的字段定义。,先选择记录类型，再查看字段用途与返回样本。,,unavailable,,,kaito_entity_mindshare_delta,对象关注份额变化,kaito_entity_mindshare_delta,kaito-social-spider.kaito_entity_mindshare_delta,app,record_type,kaito,kaito-social-spider,kaito-social-spider.kaito_entity_mindshare_delta,sha256:f1620ffa32315698b375587fe1c122404db9b82a56c98e66940100518206b35c
Kaito 社交数据,作者,内容理解,指出内容的作者，便于按发布者汇总或回到原帖。,例如筛选与目标项目相关的内容，再点回原文人工核查。,,unavailable,,,kaito_entity_mindshare_delta,对象关注份额变化,author,kaito-social-spider.kaito_entity_mindshare_delta.author,app,field,kaito,kaito-social-spider,kaito-social-spider.kaito_entity_mindshare_delta,sha256:f1620ffa32315698b375587fe1c122404db9b82a56c98e66940100518206b35c
Kaito 社交数据,数据对象,原始或结构数据,装载这一类记录的主要业务数据；应继续展开具体子字段。,点开返回样本核对内部键，再决定是否需要提取为独立字段。,"{""platform"": ""kaito"", ""content_type"": ""social_intelligence"", ""record_type"": ""kaito_entity_mindshare_delta"", ""entity"": {""kaito_id"": ""pendle"", ""symbol"": ""PENDLE"", ""name"": ""Pendle"", ""coingecko_slug"": null}, ""window"": ""24h"", ""metrics"": {""mindshare"": 0.012, ""delta"": 0.004, ""rank"": 21, ""rank_change"": 12, ""direction"": ""gainers"", ""mindshare_current"": 0.012, ""mindshare_delta"": 0.004}, ""request"": {""tool"": ""kaito_mindshare_entity_delta"", ""params_hash"": ""54c4b0ba997730b6"", ""window_start"": null, ""window_end"": null, ""window"": ""24h""}, ""raw"": {""entity_id"": ""pendle"", ""symbol"": ""PENDLE"", ""name"": ""Pendle"", ""mindshare"": 0.012, ""delta"": 0.004, ""rank"": 21, ""rank_change"": 12, ""direction"": ""gainers""}}",transformed_test_fixture,https://github.com/cyberight-cap/fewunderstand/blob/23a854c2a02e6b52e424844648d4026737361caa/spider/kaito-social-spider/tests/fixtures/kaito_p0_raw.json,,kaito_entity_mindshare_delta,对象关注份额变化,data,kaito-social-spider.kaito_entity_mindshare_delta.data,app,field,kaito,kaito-social-spider,kaito-social-spider.kaito_entity_mindshare_delta,sha256:f1620ffa32315698b375587fe1c122404db9b82a56c98e66940100518206b35c
Kaito 社交数据,内容类型,记录属性,说明 Kaito 记录的内容类别，便于区分不同内容。,例如先用这个属性筛选可比较的记录，再查看对应的数值或内容。,social_intelligence,transformed_test_fixture,https://github.com/cyberight-cap/fewunderstand/blob/23a854c2a02e6b52e424844648d4026737361caa/spider/kaito-social-spider/tests/fixtures/kaito_p0_raw.json,,kaito_entity_mindshare_delta,对象关注份额变化,data.content_type,kaito-social-spider.kaito_entity_mindshare_delta.data.content_type,app,field,kaito,kaito-social-spider,kaito-social-spider.kaito_entity_mindshare_delta,sha256:f1620ffa32315698b375587fe1c122404db9b82a56c98e66940100518206b35c
Kaito 社交数据,对象信息,原始或结构数据,保存被分析对象的身份信息，用于关联同一项目或资产。,点开返回样本核对内部键，再决定是否需要提取为独立字段。,"{""kaito_id"": ""pendle"", ""symbol"": ""PENDLE"", ""name"": ""Pendle"", ""coingecko_slug"": null}",transformed_test_fixture,https://github.com/cyberight-cap/fewunderstand/blob/23a854c2a02e6b52e424844648d4026737361caa/spider/kaito-social-spider/tests/fixtures/kaito_p0_raw.json,,kaito_entity_mindshare_delta,对象关注份额变化,data.entity,kaito-social-spider.kaito_entity_mindshare_delta.data.entity,app,field,kaito,kaito-social-spider,kaito-social-spider.kaito_entity_mindshare_delta,sha256:f1620ffa32315698b375587fe1c122404db9b82a56c98e66940100518206b35c
Kaito 社交数据,CoinGecko 标识,对象识别,保存 CoinGecko 的对象标识，便于跨来源对齐同一资产。,例如把同一对象在不同时间的记录对齐，再比较指标变化。,,transformed_test_fixture,https://github.com/cyberight-cap/fewunderstand/blob/23a854c2a02e6b52e424844648d4026737361caa/spider/kaito-social-spider/tests/fixtures/kaito_p0_raw.json,,kaito_entity_mindshare_delta,对象关注份额变化,data.entity.coingecko_slug,kaito-social-spider.kaito_entity_mindshare_delta.data.entity.coingecko_slug,app,field,kaito,kaito-social-spider,kaito-social-spider.kaito_entity_mindshare_delta,sha256:f1620ffa32315698b375587fe1c122404db9b82a56c98e66940100518206b35c
Kaito 社交数据,Kaito ID,对象识别,保存 Kaito 的对象标识，便于合并同一对象的多条记录。,例如把同一对象在不同时间的记录对齐，再比较指标变化。,pendle,transformed_test_fixture,https://github.com/cyberight-cap/fewunderstand/blob/23a854c2a02e6b52e424844648d4026737361caa/spider/kaito-social-spider/tests/fixtures/kaito_p0_raw.json,,kaito_entity_mindshare_delta,对象关注份额变化,data.entity.kaito_id,kaito-social-spider.kaito_entity_mindshare_delta.data.entity.kaito_id,app,field,kaito,kaito-social-spider,kaito-social-spider.kaito_entity_mindshare_delta,sha256:f1620ffa32315698b375587fe1c122404db9b82a56c98e66940100518206b35c
Kaito 社交数据,对象名称,对象识别,显示被分析对象的名称，便于人工核对。,例如把同一对象在不同时间的记录对齐，再比较指标变化。,Pendle,transformed_test_fixture,https://github.com/cyberight-cap/fewunderstand/blob/23a854c2a02e6b52e424844648d4026737361caa/spider/kaito-social-spider/tests/fixtures/kaito_p0_raw.json,,kaito_entity_mindshare_delta,对象关注份额变化,data.entity.name,kaito-social-spider.kaito_entity_mindshare_delta.data.entity.name,app,field,kaito,kaito-social-spider,kaito-social-spider.kaito_entity_mindshare_delta,sha256:f1620ffa32315698b375587fe1c122404db9b82a56c98e66940100518206b35c
Kaito 社交数据,资产代码,对象识别,保存对象的资产代码，便于与市场数据匹配；同名代码仍需核验。,例如把同一对象在不同时间的记录对齐，再比较指标变化。,PENDLE,transformed_test_fixture,https://github.com/cyberight-cap/fewunderstand/blob/23a854c2a02e6b52e424844648d4026737361caa/spider/kaito-social-spider/tests/fixtures/kaito_p0_raw.json,,kaito_entity_mindshare_delta,对象关注份额变化,data.entity.symbol,kaito-social-spider.kaito_entity_mindshare_delta.data.entity.symbol,v2,field,kaito,kaito-social-spider,kaito-social-spider.kaito_entity_mindshare_delta,sha256:f1620ffa32315698b375587fe1c122404db9b82a56c98e66940100518206b35c
Kaito 社交数据,指标集合,原始或结构数据,装载 Kaito 返回行中提取出的指标；具体有哪些键取决于工具返回。,点开返回样本核对内部键，再决定是否需要提取为独立字段。,"{""mindshare"": 0.012, ""delta"": 0.004, ""rank"": 21, ""rank_change"": 12, ""direction"": ""gainers"", ""mindshare_current"": 0.012, ""mindshare_delta"": 0.004}",transformed_test_fixture,https://github.com/cyberight-cap/fewunderstand/blob/23a854c2a02e6b52e424844648d4026737361caa/spider/kaito-social-spider/tests/fixtures/kaito_p0_raw.json,,kaito_entity_mindshare_delta,对象关注份额变化,data.metrics,kaito-social-spider.kaito_entity_mindshare_delta.data.metrics,app,field,kaito,kaito-social-spider,kaito-social-spider.kaito_entity_mindshare_delta,sha256:f1620ffa32315698b375587fe1c122404db9b82a56c98e66940100518206b35c
Kaito 社交数据,看跌指标,衡量指标,保留返回行中的看跌指标；分值口径需由对应工具确认。,例如在“对象关注份额变化”中按对象和时间窗比较这个值；计算前先核对单位与口径。 此指标是否由当前 Kaito 工具返回仍待核对。,,unavailable,,,kaito_entity_mindshare_delta,对象关注份额变化,data.metrics.bearish,kaito-social-spider.kaito_entity_mindshare_delta.data.metrics.bearish,app,field,kaito,kaito-social-spider,kaito-social-spider.kaito_entity_mindshare_delta,sha256:f1620ffa32315698b375587fe1c122404db9b82a56c98e66940100518206b35c
Kaito 社交数据,看涨指标,衡量指标,保留返回行中的看涨指标；分值口径需由对应工具确认。,例如在“对象关注份额变化”中按对象和时间窗比较这个值；计算前先核对单位与口径。 此指标是否由当前 Kaito 工具返回仍待核对。,,unavailable,,,kaito_entity_mindshare_delta,对象关注份额变化,data.metrics.bullish,kaito-social-spider.kaito_entity_mindshare_delta.data.metrics.bullish,app,field,kaito,kaito-social-spider,kaito-social-spider.kaito_entity_mindshare_delta,sha256:f1620ffa32315698b375587fe1c122404db9b82a56c98e66940100518206b35c
Kaito 社交数据,变化量,衡量指标,保留返回行中的变化值；比较前需确认变化的基准。,例如在“对象关注份额变化”中按对象和时间窗比较这个值；计算前先核对单位与口径。 此指标是否由当前 Kaito 工具返回仍待核对。,,unavailable,,,kaito_entity_mindshare_delta,对象关注份额变化,data.metrics.change,kaito-social-spider.kaito_entity_mindshare_delta.data.metrics.change,app,field,kaito,kaito-social-spider,kaito-social-spider.kaito_entity_mindshare_delta,sha256:f1620ffa32315698b375587fe1c122404db9b82a56c98e66940100518206b35c
Kaito 社交数据,当前关注份额,衡量指标,保留当前关注份额；分母和时间窗需由对应工具确认。,例如在“对象关注份额变化”中按对象和时间窗比较这个值；计算前先核对单位与口径。 此指标是否由当前 Kaito 工具返回仍待核对。,,unavailable,,,kaito_entity_mindshare_delta,对象关注份额变化,data.metrics.current_mindshare,kaito-social-spider.kaito_entity_mindshare_delta.data.metrics.current_mindshare,app,field,kaito,kaito-social-spider,kaito-social-spider.kaito_entity_mindshare_delta,sha256:f1620ffa32315698b375587fe1c122404db9b82a56c98e66940100518206b35c
Kaito 社交数据,变化值,衡量指标,保留相对上一窗口的变化值；比较前需确认方向和单位。,例如在“对象关注份额变化”中按对象和时间窗比较这个值；计算前先核对单位与口径。 此指标是否由当前 Kaito 工具返回仍待核对。,0.004,transformed_test_fixture,https://github.com/cyberight-cap/fewunderstand/blob/23a854c2a02e6b52e424844648d4026737361caa/spider/kaito-social-spider/tests/fixtures/kaito_p0_raw.json,,kaito_entity_mindshare_delta,对象关注份额变化,data.metrics.delta,kaito-social-spider.kaito_entity_mindshare_delta.data.metrics.delta,app,field,kaito,kaito-social-spider,kaito-social-spider.kaito_entity_mindshare_delta,sha256:f1620ffa32315698b375587fe1c122404db9b82a56c98e66940100518206b35c
Kaito 社交数据,绝对变化值,衡量指标,保留绝对变化值；不要与百分比变化混用。,例如在“对象关注份额变化”中按对象和时间窗比较这个值；计算前先核对单位与口径。 此指标是否由当前 Kaito 工具返回仍待核对。,,unavailable,,,kaito_entity_mindshare_delta,对象关注份额变化,data.metrics.delta_abs,kaito-social-spider.kaito_entity_mindshare_delta.data.metrics.delta_abs,app,field,kaito,kaito-social-spider,kaito-social-spider.kaito_entity_mindshare_delta,sha256:f1620ffa32315698b375587fe1c122404db9b82a56c98e66940100518206b35c
Kaito 社交数据,变化百分比,衡量指标,保留百分比变化；需要核对上游使用的是小数还是百分数。,例如在“对象关注份额变化”中按对象和时间窗比较这个值；计算前先核对单位与口径。 此指标是否由当前 Kaito 工具返回仍待核对。,,unavailable,,,kaito_entity_mindshare_delta,对象关注份额变化,data.metrics.delta_pct,kaito-social-spider.kaito_entity_mindshare_delta.data.metrics.delta_pct,app,field,kaito,kaito-social-spider,kaito-social-spider.kaito_entity_mindshare_delta,sha256:f1620ffa32315698b375587fe1c122404db9b82a56c98e66940100518206b35c
Kaito 社交数据,变化方向,记录属性,标记变化属于上升或下降等方向，用于区分增减。,例如先用这个属性筛选可比较的记录，再查看对应的数值或内容。 此指标是否由当前 Kaito 工具返回仍待核对。,gainers,transformed_test_fixture,https://github.com/cyberight-cap/fewunderstand/blob/23a854c2a02e6b52e424844648d4026737361caa/spider/kaito-social-spider/tests/fixtures/kaito_p0_raw.json,,kaito_entity_mindshare_delta,对象关注份额变化,data.metrics.direction,kaito-social-spider.kaito_entity_mindshare_delta.data.metrics.direction,app,field,kaito,kaito-social-spider,kaito-social-spider.kaito_entity_mindshare_delta,sha256:f1620ffa32315698b375587fe1c122404db9b82a56c98e66940100518206b35c
Kaito 社交数据,互动量,衡量指标,保留返回行的互动量；需核对包含哪些互动行为。,例如统计同一对象在一个窗口内的互动量变化，再对照提及量判断热度来源。 当前工具是否返回此指标仍待核对。,,unavailable,,,kaito_entity_mindshare_delta,对象关注份额变化,data.metrics.engagement,kaito-social-spider.kaito_entity_mindshare_delta.data.metrics.engagement,app,field,kaito,kaito-social-spider,kaito-social-spider.kaito_entity_mindshare_delta,sha256:f1620ffa32315698b375587fe1c122404db9b82a56c98e66940100518206b35c
Kaito 社交数据,粉丝数,衡量指标,保留返回行的粉丝数量；需核对统计对象。,例如在“对象关注份额变化”中按对象和时间窗比较这个值；计算前先核对单位与口径。 此指标是否由当前 Kaito 工具返回仍待核对。,,unavailable,,,kaito_entity_mindshare_delta,对象关注份额变化,data.metrics.followers,kaito-social-spider.kaito_entity_mindshare_delta.data.metrics.followers,app,field,kaito,kaito-social-spider,kaito-social-spider.kaito_entity_mindshare_delta,sha256:f1620ffa32315698b375587fe1c122404db9b82a56c98e66940100518206b35c
Kaito 社交数据,点赞数,衡量指标,保留点赞次数，用于观察内容互动。,例如比较同一批帖子中的点赞分布，识别由少数爆款带来的热度。 当前工具是否返回此指标仍待核对。,,unavailable,,,kaito_entity_mindshare_delta,对象关注份额变化,data.metrics.likes,kaito-social-spider.kaito_entity_mindshare_delta.data.metrics.likes,app,field,kaito,kaito-social-spider,kaito-social-spider.kaito_entity_mindshare_delta,sha256:f1620ffa32315698b375587fe1c122404db9b82a56c98e66940100518206b35c
Kaito 社交数据,提及次数,衡量指标,保留提及次数，用于观察讨论量。,例如按天计算项目提及次数，并与过去一周的基线比较。 当前工具是否返回此指标仍待核对。,,unavailable,,,kaito_entity_mindshare_delta,对象关注份额变化,data.metrics.mention_count,kaito-social-spider.kaito_entity_mindshare_delta.data.metrics.mention_count,app,field,kaito,kaito-social-spider,kaito-social-spider.kaito_entity_mindshare_delta,sha256:f1620ffa32315698b375587fe1c122404db9b82a56c98e66940100518206b35c
Kaito 社交数据,提及量,衡量指标,保留提及量，用于观察讨论量。,例如按天观察项目被提及的频率，检查增长是否持续。 当前工具是否返回此指标仍待核对。,,unavailable,,,kaito_entity_mindshare_delta,对象关注份额变化,data.metrics.mentions,kaito-social-spider.kaito_entity_mindshare_delta.data.metrics.mentions,app,field,kaito,kaito-social-spider,kaito-social-spider.kaito_entity_mindshare_delta,sha256:f1620ffa32315698b375587fe1c122404db9b82a56c98e66940100518206b35c
Kaito 社交数据,提及次数,衡量指标,保留提及次数，用于观察讨论量。,例如按天观察项目被提及的频率，检查增长是否持续。 当前工具是否返回此指标仍待核对。,,unavailable,,,kaito_entity_mindshare_delta,对象关注份额变化,data.metrics.mentions_count,kaito-social-spider.kaito_entity_mindshare_delta.data.metrics.mentions_count,app,field,kaito,kaito-social-spider,kaito-social-spider.kaito_entity_mindshare_delta,sha256:f1620ffa32315698b375587fe1c122404db9b82a56c98e66940100518206b35c
Kaito 社交数据,关注份额,衡量指标,保留关注份额；比较前需确认分母、时间窗和来源范围。,例如比较同一来源、同一窗口的关注份额变化，检查项目讨论占比是否持续上升。 当前工具是否返回此指标仍待核对。,0.012,transformed_test_fixture,https://github.com/cyberight-cap/fewunderstand/blob/23a854c2a02e6b52e424844648d4026737361caa/spider/kaito-social-spider/tests/fixtures/kaito_p0_raw.json,,kaito_entity_mindshare_delta,对象关注份额变化,data.metrics.mindshare,kaito-social-spider.kaito_entity_mindshare_delta.data.metrics.mindshare,app,field,kaito,kaito-social-spider,kaito-social-spider.kaito_entity_mindshare_delta,sha256:f1620ffa32315698b375587fe1c122404db9b82a56c98e66940100518206b35c
Kaito 社交数据,当前关注份额,衡量指标,保留当前关注份额；比较前需确认分母和时间窗。,例如在“对象关注份额变化”中按对象和时间窗比较这个值；计算前先核对单位与口径。 此指标是否由当前 Kaito 工具返回仍待核对。,0.012,transformed_test_fixture,https://github.com/cyberight-cap/fewunderstand/blob/23a854c2a02e6b52e424844648d4026737361caa/spider/kaito-social-spider/tests/fixtures/kaito_p0_raw.json,,kaito_entity_mindshare_delta,对象关注份额变化,data.metrics.mindshare_current,kaito-social-spider.kaito_entity_mindshare_delta.data.metrics.mindshare_current,app,field,kaito,kaito-social-spider,kaito-social-spider.kaito_entity_mindshare_delta,sha256:f1620ffa32315698b375587fe1c122404db9b82a56c98e66940100518206b35c
Kaito 社交数据,关注份额变化,衡量指标,保留关注份额变化；需与相同口径的前期值比较。,例如筛选关注份额上升最快的项目，再检查绝对讨论量，避免小基数误导。 当前工具是否返回此指标仍待核对。,0.004,transformed_test_fixture,https://github.com/cyberight-cap/fewunderstand/blob/23a854c2a02e6b52e424844648d4026737361caa/spider/kaito-social-spider/tests/fixtures/kaito_p0_raw.json,,kaito_entity_mindshare_delta,对象关注份额变化,data.metrics.mindshare_delta,kaito-social-spider.kaito_entity_mindshare_delta.data.metrics.mindshare_delta,app,field,kaito,kaito-social-spider,kaito-social-spider.kaito_entity_mindshare_delta,sha256:f1620ffa32315698b375587fe1c122404db9b82a56c98e66940100518206b35c
Kaito 社交数据,上期排名,衡量指标,保留上一统计窗口的名次，用于计算排名变化。,例如在“对象关注份额变化”中按对象和时间窗比较这个值；计算前先核对单位与口径。 此指标是否由当前 Kaito 工具返回仍待核对。,,unavailable,,,kaito_entity_mindshare_delta,对象关注份额变化,data.metrics.previous_rank,kaito-social-spider.kaito_entity_mindshare_delta.data.metrics.previous_rank,app,field,kaito,kaito-social-spider,kaito-social-spider.kaito_entity_mindshare_delta,sha256:f1620ffa32315698b375587fe1c122404db9b82a56c98e66940100518206b35c
Kaito 社交数据,引用数,衡量指标,保留引用转发次数，用于观察内容传播。,例如在“对象关注份额变化”中按对象和时间窗比较这个值；计算前先核对单位与口径。 此指标是否由当前 Kaito 工具返回仍待核对。,,unavailable,,,kaito_entity_mindshare_delta,对象关注份额变化,data.metrics.quotes,kaito-social-spider.kaito_entity_mindshare_delta.data.metrics.quotes,app,field,kaito,kaito-social-spider,kaito-social-spider.kaito_entity_mindshare_delta,sha256:f1620ffa32315698b375587fe1c122404db9b82a56c98e66940100518206b35c
Kaito 社交数据,排名,衡量指标,保留当前名次，用于查看对象在同口径榜单中的位置。,例如追踪同一榜单中名次的连续变化，而不是只看单次排名。 当前工具是否返回此指标仍待核对。,21,transformed_test_fixture,https://github.com/cyberight-cap/fewunderstand/blob/23a854c2a02e6b52e424844648d4026737361caa/spider/kaito-social-spider/tests/fixtures/kaito_p0_raw.json,,kaito_entity_mindshare_delta,对象关注份额变化,data.metrics.rank,kaito-social-spider.kaito_entity_mindshare_delta.data.metrics.rank,app,field,kaito,kaito-social-spider,kaito-social-spider.kaito_entity_mindshare_delta,sha256:f1620ffa32315698b375587fe1c122404db9b82a56c98e66940100518206b35c
Kaito 社交数据,排名变化,衡量指标,保留名次变化；需要确认正负号代表的方向。,例如在“对象关注份额变化”中按对象和时间窗比较这个值；计算前先核对单位与口径。 此指标是否由当前 Kaito 工具返回仍待核对。,12,transformed_test_fixture,https://github.com/cyberight-cap/fewunderstand/blob/23a854c2a02e6b52e424844648d4026737361caa/spider/kaito-social-spider/tests/fixtures/kaito_p0_raw.json,,kaito_entity_mindshare_delta,对象关注份额变化,data.metrics.rank_change,kaito-social-spider.kaito_entity_mindshare_delta.data.metrics.rank_change,app,field,kaito,kaito-social-spider,kaito-social-spider.kaito_entity_mindshare_delta,sha256:f1620ffa32315698b375587fe1c122404db9b82a56c98e66940100518206b35c
Kaito 社交数据,回复数,衡量指标,保留回复次数，用于观察讨论参与。,例如在“对象关注份额变化”中按对象和时间窗比较这个值；计算前先核对单位与口径。 此指标是否由当前 Kaito 工具返回仍待核对。,,unavailable,,,kaito_entity_mindshare_delta,对象关注份额变化,data.metrics.replies,kaito-social-spider.kaito_entity_mindshare_delta.data.metrics.replies,app,field,kaito,kaito-social-spider,kaito-social-spider.kaito_entity_mindshare_delta,sha256:f1620ffa32315698b375587fe1c122404db9b82a56c98e66940100518206b35c
Kaito 社交数据,转发数,衡量指标,保留转发次数，用于观察内容传播。,例如在“对象关注份额变化”中按对象和时间窗比较这个值；计算前先核对单位与口径。 此指标是否由当前 Kaito 工具返回仍待核对。,,unavailable,,,kaito_entity_mindshare_delta,对象关注份额变化,data.metrics.retweets,kaito-social-spider.kaito_entity_mindshare_delta.data.metrics.retweets,app,field,kaito,kaito-social-spider,kaito-social-spider.kaito_entity_mindshare_delta,sha256:f1620ffa32315698b375587fe1c122404db9b82a56c98e66940100518206b35c
Kaito 社交数据,评分,衡量指标,保留工具返回的评分；不同工具的评分不能直接混算。,例如在“对象关注份额变化”中按对象和时间窗比较这个值；计算前先核对单位与口径。 此指标是否由当前 Kaito 工具返回仍待核对。,,unavailable,,,kaito_entity_mindshare_delta,对象关注份额变化,data.metrics.score,kaito-social-spider.kaito_entity_mindshare_delta.data.metrics.score,app,field,kaito,kaito-social-spider,kaito-social-spider.kaito_entity_mindshare_delta,sha256:f1620ffa32315698b375587fe1c122404db9b82a56c98e66940100518206b35c
Kaito 社交数据,情绪,衡量指标,保留情绪指标；量纲和正负含义需由对应工具确认。,例如把情绪变化与同一窗口的提及量一起看，避免少量帖子主导判断。 当前工具是否返回此指标仍待核对。,,unavailable,,,kaito_entity_mindshare_delta,对象关注份额变化,data.metrics.sentiment,kaito-social-spider.kaito_entity_mindshare_delta.data.metrics.sentiment,app,field,kaito,kaito-social-spider,kaito-social-spider.kaito_entity_mindshare_delta,sha256:f1620ffa32315698b375587fe1c122404db9b82a56c98e66940100518206b35c
Kaito 社交数据,情绪评分,衡量指标,保留情绪评分；与讨论量一起看更能判断可靠性。,例如把情绪评分与同一窗口的提及量一起看，避免少量帖子主导判断。 当前工具是否返回此指标仍待核对。,,unavailable,,,kaito_entity_mindshare_delta,对象关注份额变化,data.metrics.sentiment_score,kaito-social-spider.kaito_entity_mindshare_delta.data.metrics.sentiment_score,app,field,kaito,kaito-social-spider,kaito-social-spider.kaito_entity_mindshare_delta,sha256:f1620ffa32315698b375587fe1c122404db9b82a56c98e66940100518206b35c
Kaito 社交数据,高关注度账号互动量,衡量指标,保留高关注度账号的互动量；账号认定口径需核对。,例如观察高关注度账号的互动是否先于整体互动增加，作为待验证的早期关注线索。 当前工具是否返回此指标仍待核对。,,unavailable,,,kaito_entity_mindshare_delta,对象关注份额变化,data.metrics.smart_engagement,kaito-social-spider.kaito_entity_mindshare_delta.data.metrics.smart_engagement,app,field,kaito,kaito-social-spider,kaito-social-spider.kaito_entity_mindshare_delta,sha256:f1620ffa32315698b375587fe1c122404db9b82a56c98e66940100518206b35c
Kaito 社交数据,高关注度账号互动占比,衡量指标,保留高关注度账号互动占比；需核对分母。,例如在“对象关注份额变化”中按对象和时间窗比较这个值；计算前先核对单位与口径。 此指标是否由当前 Kaito 工具返回仍待核对。,,unavailable,,,kaito_entity_mindshare_delta,对象关注份额变化,data.metrics.smart_engagement_ratio,kaito-social-spider.kaito_entity_mindshare_delta.data.metrics.smart_engagement_ratio,app,field,kaito,kaito-social-spider,kaito-social-spider.kaito_entity_mindshare_delta,sha256:f1620ffa32315698b375587fe1c122404db9b82a56c98e66940100518206b35c
Kaito 社交数据,高关注度粉丝数,衡量指标,保留高关注度粉丝数；账号认定口径需核对。,例如比较同一账号连续两次的高关注度粉丝数，检查是否出现异常增长。 当前工具是否返回此指标仍待核对。,,unavailable,,,kaito_entity_mindshare_delta,对象关注份额变化,data.metrics.smart_followers,kaito-social-spider.kaito_entity_mindshare_delta.data.metrics.smart_followers,app,field,kaito,kaito-social-spider,kaito-social-spider.kaito_entity_mindshare_delta,sha256:f1620ffa32315698b375587fe1c122404db9b82a56c98e66940100518206b35c
Kaito 社交数据,指标时间,时间定位,标记指标对应的时间点，用于组成时间序列。,例如按同一时间窗分组，并检查记录是否过时。 此指标是否由当前 Kaito 工具返回仍待核对。,,unavailable,,,kaito_entity_mindshare_delta,对象关注份额变化,data.metrics.timestamp,kaito-social-spider.kaito_entity_mindshare_delta.data.metrics.timestamp,app,field,kaito,kaito-social-spider,kaito-social-spider.kaito_entity_mindshare_delta,sha256:f1620ffa32315698b375587fe1c122404db9b82a56c98e66940100518206b35c
Kaito 社交数据,总互动量,衡量指标,保留总互动量，用于观察讨论热度。,例如与提及次数一起比较，区分少数高互动内容和广泛讨论。 当前工具是否返回此指标仍待核对。,,unavailable,,,kaito_entity_mindshare_delta,对象关注份额变化,data.metrics.total_engagement,kaito-social-spider.kaito_entity_mindshare_delta.data.metrics.total_engagement,app,field,kaito,kaito-social-spider,kaito-social-spider.kaito_entity_mindshare_delta,sha256:f1620ffa32315698b375587fe1c122404db9b82a56c98e66940100518206b35c
Kaito 社交数据,指标值,衡量指标,保留时间序列或指标行的数值；含义取决于对应工具。,例如在“对象关注份额变化”中按对象和时间窗比较这个值；计算前先核对单位与口径。 此指标是否由当前 Kaito 工具返回仍待核对。,,unavailable,,,kaito_entity_mindshare_delta,对象关注份额变化,data.metrics.value,kaito-social-spider.kaito_entity_mindshare_delta.data.metrics.value,app,field,kaito,kaito-social-spider,kaito-social-spider.kaito_entity_mindshare_delta,sha256:f1620ffa32315698b375587fe1c122404db9b82a56c98e66940100518206b35c
Kaito 社交数据,浏览量,衡量指标,保留浏览次数，用于观察内容曝光。,例如用浏览量作曝光参考，再看互动量是否同步增长。 当前工具是否返回此指标仍待核对。,,unavailable,,,kaito_entity_mindshare_delta,对象关注份额变化,data.metrics.views,kaito-social-spider.kaito_entity_mindshare_delta.data.metrics.views,app,field,kaito,kaito-social-spider,kaito-social-spider.kaito_entity_mindshare_delta,sha256:f1620ffa32315698b375587fe1c122404db9b82a56c98e66940100518206b35c
Kaito 社交数据,平台,记录属性,标记内容所在的平台，便于区分来源渠道。,例如先用这个属性筛选可比较的记录，再查看对应的数值或内容。,kaito,transformed_test_fixture,https://github.com/cyberight-cap/fewunderstand/blob/23a854c2a02e6b52e424844648d4026737361caa/spider/kaito-social-spider/tests/fixtures/kaito_p0_raw.json,,kaito_entity_mindshare_delta,对象关注份额变化,data.platform,kaito-social-spider.kaito_entity_mindshare_delta.data.platform,app,field,kaito,kaito-social-spider,kaito-social-spider.kaito_entity_mindshare_delta,sha256:f1620ffa32315698b375587fe1c122404db9b82a56c98e66940100518206b35c
Kaito 社交数据,原始数据,原始或结构数据,保留该 Kaito 记录对应的原始返回行，用于回查未提取的键。,点开返回样本核对内部键，再决定是否需要提取为独立字段。,"{""entity_id"": ""pendle"", ""symbol"": ""PENDLE"", ""name"": ""Pendle"", ""mindshare"": 0.012, ""delta"": 0.004, ""rank"": 21, ""rank_change"": 12, ""direction"": ""gainers""}",transformed_test_fixture,https://github.com/cyberight-cap/fewunderstand/blob/23a854c2a02e6b52e424844648d4026737361caa/spider/kaito-social-spider/tests/fixtures/kaito_p0_raw.json,,kaito_entity_mindshare_delta,对象关注份额变化,data.raw,kaito-social-spider.kaito_entity_mindshare_delta.data.raw,app,field,kaito,kaito-social-spider,kaito-social-spider.kaito_entity_mindshare_delta,sha256:f1620ffa32315698b375587fe1c122404db9b82a56c98e66940100518206b35c
Kaito 社交数据,记录类型,来源与溯源,标记转换后的 Kaito 记录类型，便于选择正确的处理规则。,例如排查一条指标的来源或重复记录时，用它回到原始查询和处理链。,kaito_entity_mindshare_delta,transformed_test_fixture,https://github.com/cyberight-cap/fewunderstand/blob/23a854c2a02e6b52e424844648d4026737361caa/spider/kaito-social-spider/tests/fixtures/kaito_p0_raw.json,,kaito_entity_mindshare_delta,对象关注份额变化,data.record_type,kaito-social-spider.kaito_entity_mindshare_delta.data.record_type,v2,field,kaito,kaito-social-spider,kaito-social-spider.kaito_entity_mindshare_delta,sha256:f1620ffa32315698b375587fe1c122404db9b82a56c98e66940100518206b35c
Kaito 社交数据,请求信息,原始或结构数据,保存调用 Kaito 工具的请求元信息，用于核对查询条件。,点开返回样本核对内部键，再决定是否需要提取为独立字段。,"{""tool"": ""kaito_mindshare_entity_delta"", ""params_hash"": ""54c4b0ba997730b6"", ""window_start"": null, ""window_end"": null, ""window"": ""24h""}",transformed_test_fixture,https://github.com/cyberight-cap/fewunderstand/blob/23a854c2a02e6b52e424844648d4026737361caa/spider/kaito-social-spider/tests/fixtures/kaito_p0_raw.json,,kaito_entity_mindshare_delta,对象关注份额变化,data.request,kaito-social-spider.kaito_entity_mindshare_delta.data.request,app,field,kaito,kaito-social-spider,kaito-social-spider.kaito_entity_mindshare_delta,sha256:f1620ffa32315698b375587fe1c122404db9b82a56c98e66940100518206b35c
Kaito 社交数据,请求参数摘要,来源与溯源,保存脱敏后的请求参数摘要，用于识别同一次查询条件。,例如排查一条指标的来源或重复记录时，用它回到原始查询和处理链。,54c4b0ba997730b6,transformed_test_fixture,https://github.com/cyberight-cap/fewunderstand/blob/23a854c2a02e6b52e424844648d4026737361caa/spider/kaito-social-spider/tests/fixtures/kaito_p0_raw.json,,kaito_entity_mindshare_delta,对象关注份额变化,data.request.params_hash,kaito-social-spider.kaito_entity_mindshare_delta.data.request.params_hash,app,field,kaito,kaito-social-spider,kaito-social-spider.kaito_entity_mindshare_delta,sha256:f1620ffa32315698b375587fe1c122404db9b82a56c98e66940100518206b35c
Kaito 社交数据,请求工具,来源与溯源,指出产生这条记录的 Kaito 工具，用于核对指标口径。,例如排查一条指标的来源或重复记录时，用它回到原始查询和处理链。,kaito_mindshare_entity_delta,transformed_test_fixture,https://github.com/cyberight-cap/fewunderstand/blob/23a854c2a02e6b52e424844648d4026737361caa/spider/kaito-social-spider/tests/fixtures/kaito_p0_raw.json,,kaito_entity_mindshare_delta,对象关注份额变化,data.request.tool,kaito-social-spider.kaito_entity_mindshare_delta.data.request.tool,app,field,kaito,kaito-social-spider,kaito-social-spider.kaito_entity_mindshare_delta,sha256:f1620ffa32315698b375587fe1c122404db9b82a56c98e66940100518206b35c
Kaito 社交数据,请求时间窗口,来源与溯源,记录请求时使用的时间窗口，用于比较同口径数据。,例如排查一条指标的来源或重复记录时，用它回到原始查询和处理链。,24h,transformed_test_fixture,https://github.com/cyberight-cap/fewunderstand/blob/23a854c2a02e6b52e424844648d4026737361caa/spider/kaito-social-spider/tests/fixtures/kaito_p0_raw.json,,kaito_entity_mindshare_delta,对象关注份额变化,data.request.window,kaito-social-spider.kaito_entity_mindshare_delta.data.request.window,app,field,kaito,kaito-social-spider,kaito-social-spider.kaito_entity_mindshare_delta,sha256:f1620ffa32315698b375587fe1c122404db9b82a56c98e66940100518206b35c
Kaito 社交数据,请求窗口结束,来源与溯源,记录请求窗口的结束时间，用于界定统计区间。,例如排查一条指标的来源或重复记录时，用它回到原始查询和处理链。,,transformed_test_fixture,https://github.com/cyberight-cap/fewunderstand/blob/23a854c2a02e6b52e424844648d4026737361caa/spider/kaito-social-spider/tests/fixtures/kaito_p0_raw.json,,kaito_entity_mindshare_delta,对象关注份额变化,data.request.window_end,kaito-social-spider.kaito_entity_mindshare_delta.data.request.window_end,app,field,kaito,kaito-social-spider,kaito-social-spider.kaito_entity_mindshare_delta,sha256:f1620ffa32315698b375587fe1c122404db9b82a56c98e66940100518206b35c
Kaito 社交数据,请求窗口开始,来源与溯源,记录请求窗口的开始时间，用于界定统计区间。,例如排查一条指标的来源或重复记录时，用它回到原始查询和处理链。,,transformed_test_fixture,https://github.com/cyberight-cap/fewunderstand/blob/23a854c2a02e6b52e424844648d4026737361caa/spider/kaito-social-spider/tests/fixtures/kaito_p0_raw.json,,kaito_entity_mindshare_delta,对象关注份额变化,data.request.window_start,kaito-social-spider.kaito_entity_mindshare_delta.data.request.window_start,app,field,kaito,kaito-social-spider,kaito-social-spider.kaito_entity_mindshare_delta,sha256:f1620ffa32315698b375587fe1c122404db9b82a56c98e66940100518206b35c
Kaito 社交数据,统计窗口,时间定位,保存记录对应的统计窗口，用于避免混合不同时间跨度。,例如按同一时间窗分组，并检查记录是否过时。,24h,transformed_test_fixture,https://github.com/cyberight-cap/fewunderstand/blob/23a854c2a02e6b52e424844648d4026737361caa/spider/kaito-social-spider/tests/fixtures/kaito_p0_raw.json,,kaito_entity_mindshare_delta,对象关注份额变化,data.window,kaito-social-spider.kaito_entity_mindshare_delta.data.window,app,field,kaito,kaito-social-spider,kaito-social-spider.kaito_entity_mindshare_delta,sha256:f1620ffa32315698b375587fe1c122404db9b82a56c98e66940100518206b35c
Kaito 社交数据,处理溯源,来源与溯源,保存处理链路元信息，用于追查记录如何产生。,例如排查一条指标的来源或重复记录时，用它回到原始查询和处理链。,"{""event_id"": ""evt:a43289d8e39ddbc6f434747de242f63d"", ""trace_id"": ""evt:a43289d8e39ddbc6f434747de242f63d"", ""parent_event_ids"": [], ""source_event_id"": null, ""record_type"": ""kaito_entity_mindshare_delta"", ""schema_version"": ""pipeline-lineage/v1"", ""producer"": ""kaito-social-spider"", ""processing_stage"": ""ingest"", ""observed_at"": ""2026-07-19T00:00:00Z"", ""processed_at"": ""2026-07-19T00:00:00Z"", ""source_topic"": null, ""source_partition"": null, ""source_offset"": null, ""asset_id"": null}",transformed_test_fixture,https://github.com/cyberight-cap/fewunderstand/blob/23a854c2a02e6b52e424844648d4026737361caa/spider/kaito-social-spider/tests/fixtures/kaito_p0_raw.json,,kaito_entity_mindshare_delta,对象关注份额变化,lineage,kaito-social-spider.kaito_entity_mindshare_delta.lineage,app,field,kaito,kaito-social-spider,kaito-social-spider.kaito_entity_mindshare_delta,sha256:f1620ffa32315698b375587fe1c122404db9b82a56c98e66940100518206b35c
Kaito 社交数据,资产 ID,来源与溯源,保存解析后的内部资产 ID；未完成资产绑定时可能为空。,例如排查一条指标的来源或重复记录时，用它回到原始查询和处理链。,,transformed_test_fixture,https://github.com/cyberight-cap/fewunderstand/blob/23a854c2a02e6b52e424844648d4026737361caa/spider/kaito-social-spider/tests/fixtures/kaito_p0_raw.json,,kaito_entity_mindshare_delta,对象关注份额变化,lineage.asset_id,kaito-social-spider.kaito_entity_mindshare_delta.lineage.asset_id,app,field,kaito,kaito-social-spider,kaito-social-spider.kaito_entity_mindshare_delta,sha256:f1620ffa32315698b375587fe1c122404db9b82a56c98e66940100518206b35c
Kaito 社交数据,事件 ID,来源与溯源,稳定识别这条事件，用于追踪后续计算与结果。,例如排查一条指标的来源或重复记录时，用它回到原始查询和处理链。,evt:a43289d8e39ddbc6f434747de242f63d,transformed_test_fixture,https://github.com/cyberight-cap/fewunderstand/blob/23a854c2a02e6b52e424844648d4026737361caa/spider/kaito-social-spider/tests/fixtures/kaito_p0_raw.json,,kaito_entity_mindshare_delta,对象关注份额变化,lineage.event_id,kaito-social-spider.kaito_entity_mindshare_delta.lineage.event_id,app,field,kaito,kaito-social-spider,kaito-social-spider.kaito_entity_mindshare_delta,sha256:f1620ffa32315698b375587fe1c122404db9b82a56c98e66940100518206b35c
Kaito 社交数据,观察时间,来源与溯源,记录事实被观察的时间，用于确认原始数据时效。,例如排查一条指标的来源或重复记录时，用它回到原始查询和处理链。,2026-07-19T00:00:00Z,transformed_test_fixture,https://github.com/cyberight-cap/fewunderstand/blob/23a854c2a02e6b52e424844648d4026737361caa/spider/kaito-social-spider/tests/fixtures/kaito_p0_raw.json,,kaito_entity_mindshare_delta,对象关注份额变化,lineage.observed_at,kaito-social-spider.kaito_entity_mindshare_delta.lineage.observed_at,app,field,kaito,kaito-social-spider,kaito-social-spider.kaito_entity_mindshare_delta,sha256:f1620ffa32315698b375587fe1c122404db9b82a56c98e66940100518206b35c
Kaito 社交数据,上游事件 ID,来源与溯源,保存上游事件 ID，用于追溯派生结果的输入。,例如排查一条指标的来源或重复记录时，用它回到原始查询和处理链。,[],transformed_test_fixture,https://github.com/cyberight-cap/fewunderstand/blob/23a854c2a02e6b52e424844648d4026737361caa/spider/kaito-social-spider/tests/fixtures/kaito_p0_raw.json,,kaito_entity_mindshare_delta,对象关注份额变化,lineage.parent_event_ids,kaito-social-spider.kaito_entity_mindshare_delta.lineage.parent_event_ids,app,field,kaito,kaito-social-spider,kaito-social-spider.kaito_entity_mindshare_delta,sha256:f1620ffa32315698b375587fe1c122404db9b82a56c98e66940100518206b35c
Kaito 社交数据,处理时间,来源与溯源,记录处理程序生成消息的时间，用于定位处理延迟。,例如排查一条指标的来源或重复记录时，用它回到原始查询和处理链。,2026-07-19T00:00:00Z,transformed_test_fixture,https://github.com/cyberight-cap/fewunderstand/blob/23a854c2a02e6b52e424844648d4026737361caa/spider/kaito-social-spider/tests/fixtures/kaito_p0_raw.json,,kaito_entity_mindshare_delta,对象关注份额变化,lineage.processed_at,kaito-social-spider.kaito_entity_mindshare_delta.lineage.processed_at,app,field,kaito,kaito-social-spider,kaito-social-spider.kaito_entity_mindshare_delta,sha256:f1620ffa32315698b375587fe1c122404db9b82a56c98e66940100518206b35c
Kaito 社交数据,处理阶段,来源与溯源,标记当前处理阶段，用于区分采集与后续加工。,例如排查一条指标的来源或重复记录时，用它回到原始查询和处理链。,ingest,transformed_test_fixture,https://github.com/cyberight-cap/fewunderstand/blob/23a854c2a02e6b52e424844648d4026737361caa/spider/kaito-social-spider/tests/fixtures/kaito_p0_raw.json,,kaito_entity_mindshare_delta,对象关注份额变化,lineage.processing_stage,kaito-social-spider.kaito_entity_mindshare_delta.lineage.processing_stage,app,field,kaito,kaito-social-spider,kaito-social-spider.kaito_entity_mindshare_delta,sha256:f1620ffa32315698b375587fe1c122404db9b82a56c98e66940100518206b35c
Kaito 社交数据,生产程序,来源与溯源,标记生成这条消息的程序，用于核对生产来源。,例如排查一条指标的来源或重复记录时，用它回到原始查询和处理链。,kaito-social-spider,transformed_test_fixture,https://github.com/cyberight-cap/fewunderstand/blob/23a854c2a02e6b52e424844648d4026737361caa/spider/kaito-social-spider/tests/fixtures/kaito_p0_raw.json,,kaito_entity_mindshare_delta,对象关注份额变化,lineage.producer,kaito-social-spider.kaito_entity_mindshare_delta.lineage.producer,app,field,kaito,kaito-social-spider,kaito-social-spider.kaito_entity_mindshare_delta,sha256:f1620ffa32315698b375587fe1c122404db9b82a56c98e66940100518206b35c
Kaito 社交数据,溯源记录类型,来源与溯源,标记溯源信封里的记录类型，用于验证处理链路。,例如排查一条指标的来源或重复记录时，用它回到原始查询和处理链。,kaito_entity_mindshare_delta,transformed_test_fixture,https://github.com/cyberight-cap/fewunderstand/blob/23a854c2a02e6b52e424844648d4026737361caa/spider/kaito-social-spider/tests/fixtures/kaito_p0_raw.json,,kaito_entity_mindshare_delta,对象关注份额变化,lineage.record_type,kaito-social-spider.kaito_entity_mindshare_delta.lineage.record_type,app,field,kaito,kaito-social-spider,kaito-social-spider.kaito_entity_mindshare_delta,sha256:f1620ffa32315698b375587fe1c122404db9b82a56c98e66940100518206b35c
Kaito 社交数据,结构版本,来源与溯源,标记消息结构版本，用于兼容不同版本的处理代码。,例如排查一条指标的来源或重复记录时，用它回到原始查询和处理链。,pipeline-lineage/v1,transformed_test_fixture,https://github.com/cyberight-cap/fewunderstand/blob/23a854c2a02e6b52e424844648d4026737361caa/spider/kaito-social-spider/tests/fixtures/kaito_p0_raw.json,,kaito_entity_mindshare_delta,对象关注份额变化,lineage.schema_version,kaito-social-spider.kaito_entity_mindshare_delta.lineage.schema_version,app,field,kaito,kaito-social-spider,kaito-social-spider.kaito_entity_mindshare_delta,sha256:f1620ffa32315698b375587fe1c122404db9b82a56c98e66940100518206b35c
Kaito 社交数据,来源事件 ID,来源与溯源,保存来源系统的事件 ID，用于跨系统回查。,例如排查一条指标的来源或重复记录时，用它回到原始查询和处理链。,,transformed_test_fixture,https://github.com/cyberight-cap/fewunderstand/blob/23a854c2a02e6b52e424844648d4026737361caa/spider/kaito-social-spider/tests/fixtures/kaito_p0_raw.json,,kaito_entity_mindshare_delta,对象关注份额变化,lineage.source_event_id,kaito-social-spider.kaito_entity_mindshare_delta.lineage.source_event_id,app,field,kaito,kaito-social-spider,kaito-social-spider.kaito_entity_mindshare_delta,sha256:f1620ffa32315698b375587fe1c122404db9b82a56c98e66940100518206b35c
Kaito 社交数据,来源偏移量,来源与溯源,保存来源消息偏移量，用于定位消息流位置。,例如排查一条指标的来源或重复记录时，用它回到原始查询和处理链。,,transformed_test_fixture,https://github.com/cyberight-cap/fewunderstand/blob/23a854c2a02e6b52e424844648d4026737361caa/spider/kaito-social-spider/tests/fixtures/kaito_p0_raw.json,,kaito_entity_mindshare_delta,对象关注份额变化,lineage.source_offset,kaito-social-spider.kaito_entity_mindshare_delta.lineage.source_offset,app,field,kaito,kaito-social-spider,kaito-social-spider.kaito_entity_mindshare_delta,sha256:f1620ffa32315698b375587fe1c122404db9b82a56c98e66940100518206b35c
Kaito 社交数据,来源分区,来源与溯源,保存来源消息分区，用于定位消息流位置。,例如排查一条指标的来源或重复记录时，用它回到原始查询和处理链。,,transformed_test_fixture,https://github.com/cyberight-cap/fewunderstand/blob/23a854c2a02e6b52e424844648d4026737361caa/spider/kaito-social-spider/tests/fixtures/kaito_p0_raw.json,,kaito_entity_mindshare_delta,对象关注份额变化,lineage.source_partition,kaito-social-spider.kaito_entity_mindshare_delta.lineage.source_partition,app,field,kaito,kaito-social-spider,kaito-social-spider.kaito_entity_mindshare_delta,sha256:f1620ffa32315698b375587fe1c122404db9b82a56c98e66940100518206b35c
Kaito 社交数据,来源主题,来源与溯源,保存来源主题名称，用于定位消息流位置。,例如排查一条指标的来源或重复记录时，用它回到原始查询和处理链。,,transformed_test_fixture,https://github.com/cyberight-cap/fewunderstand/blob/23a854c2a02e6b52e424844648d4026737361caa/spider/kaito-social-spider/tests/fixtures/kaito_p0_raw.json,,kaito_entity_mindshare_delta,对象关注份额变化,lineage.source_topic,kaito-social-spider.kaito_entity_mindshare_delta.lineage.source_topic,app,field,kaito,kaito-social-spider,kaito-social-spider.kaito_entity_mindshare_delta,sha256:f1620ffa32315698b375587fe1c122404db9b82a56c98e66940100518206b35c
Kaito 社交数据,追踪 ID,来源与溯源,关联同一处理链路上的事件，用于端到端追踪。,例如排查一条指标的来源或重复记录时，用它回到原始查询和处理链。,evt:a43289d8e39ddbc6f434747de242f63d,transformed_test_fixture,https://github.com/cyberight-cap/fewunderstand/blob/23a854c2a02e6b52e424844648d4026737361caa/spider/kaito-social-spider/tests/fixtures/kaito_p0_raw.json,,kaito_entity_mindshare_delta,对象关注份额变化,lineage.trace_id,kaito-social-spider.kaito_entity_mindshare_delta.lineage.trace_id,app,field,kaito,kaito-social-spider,kaito-social-spider.kaito_entity_mindshare_delta,sha256:f1620ffa32315698b375587fe1c122404db9b82a56c98e66940100518206b35c
Kaito 社交数据,原始文本,内容理解,保留内容的原始文本，用于回查清洗前的信息。,例如筛选与目标项目相关的内容，再点回原文人工核查。,,unavailable,,,kaito_entity_mindshare_delta,对象关注份额变化,raw_text,kaito-social-spider.kaito_entity_mindshare_delta.raw_text,app,field,kaito,kaito-social-spider,kaito-social-spider.kaito_entity_mindshare_delta,sha256:f1620ffa32315698b375587fe1c122404db9b82a56c98e66940100518206b35c
Kaito 社交数据,来源,来源与溯源,标记这条记录的来源，用于筛选和核对数据出处。,例如排查一条指标的来源或重复记录时，用它回到原始查询和处理链。,kaito,transformed_test_fixture,https://github.com/cyberight-cap/fewunderstand/blob/23a854c2a02e6b52e424844648d4026737361caa/spider/kaito-social-spider/tests/fixtures/kaito_p0_raw.json,,kaito_entity_mindshare_delta,对象关注份额变化,source,kaito-social-spider.kaito_entity_mindshare_delta.source,app,field,kaito,kaito-social-spider,kaito-social-spider.kaito_entity_mindshare_delta,sha256:f1620ffa32315698b375587fe1c122404db9b82a56c98e66940100518206b35c
Kaito 社交数据,正文,内容理解,保存消息或帖子的正文，用于关键词、主题和事件分析。,例如查找项目名或事件关键词，并结合消息时间和来源做人工核对。,,unavailable,,,kaito_entity_mindshare_delta,对象关注份额变化,text,kaito-social-spider.kaito_entity_mindshare_delta.text,app,field,kaito,kaito-social-spider,kaito-social-spider.kaito_entity_mindshare_delta,sha256:f1620ffa32315698b375587fe1c122404db9b82a56c98e66940100518206b35c
Kaito 社交数据,记录时间,时间定位,记录该数据对应的时间点，用于排序或时间窗聚合。,例如按同一时间窗分组，并检查记录是否过时。,2026-07-19T00:00:00Z,transformed_test_fixture,https://github.com/cyberight-cap/fewunderstand/blob/23a854c2a02e6b52e424844648d4026737361caa/spider/kaito-social-spider/tests/fixtures/kaito_p0_raw.json,,kaito_entity_mindshare_delta,对象关注份额变化,timestamp,kaito-social-spider.kaito_entity_mindshare_delta.timestamp,app,field,kaito,kaito-social-spider,kaito-social-spider.kaito_entity_mindshare_delta,sha256:f1620ffa32315698b375587fe1c122404db9b82a56c98e66940100518206b35c
Kaito 社交数据,标题,内容理解,保存内容标题，用于快速判断主题。,例如先用标题筛选相关内容，再用正文或原文链接验证。,,unavailable,,,kaito_entity_mindshare_delta,对象关注份额变化,title,kaito-social-spider.kaito_entity_mindshare_delta.title,app,field,kaito,kaito-social-spider,kaito-social-spider.kaito_entity_mindshare_delta,sha256:f1620ffa32315698b375587fe1c122404db9b82a56c98e66940100518206b35c
Kaito 社交数据,链接地址,对象识别,保存内容原文地址，用于回查和去重。,例如把同一对象在不同时间的记录对齐，再比较指标变化。,,unavailable,,,kaito_entity_mindshare_delta,对象关注份额变化,url,kaito-social-spider.kaito_entity_mindshare_delta.url,app,field,kaito,kaito-social-spider,kaito-social-spider.kaito_entity_mindshare_delta,sha256:f1620ffa32315698b375587fe1c122404db9b82a56c98e66940100518206b35c
Kaito 社交数据,对象关注份额排名,记录类型,这类记录包含下列可展开的字段定义。,先选择记录类型，再查看字段用途与返回样本。,,unavailable,,,kaito_entity_mindshare_ranking,对象关注份额排名,kaito_entity_mindshare_ranking,kaito-social-spider.kaito_entity_mindshare_ranking,app,record_type,kaito,kaito-social-spider,kaito-social-spider.kaito_entity_mindshare_ranking,sha256:f1620ffa32315698b375587fe1c122404db9b82a56c98e66940100518206b35c
Kaito 社交数据,作者,内容理解,指出内容的作者，便于按发布者汇总或回到原帖。,例如筛选与目标项目相关的内容，再点回原文人工核查。,,unavailable,,,kaito_entity_mindshare_ranking,对象关注份额排名,author,kaito-social-spider.kaito_entity_mindshare_ranking.author,app,field,kaito,kaito-social-spider,kaito-social-spider.kaito_entity_mindshare_ranking,sha256:f1620ffa32315698b375587fe1c122404db9b82a56c98e66940100518206b35c
Kaito 社交数据,数据对象,原始或结构数据,装载这一类记录的主要业务数据；应继续展开具体子字段。,点开返回样本核对内部键，再决定是否需要提取为独立字段。,"{""platform"": ""kaito"", ""content_type"": ""social_intelligence"", ""record_type"": ""kaito_entity_mindshare_ranking"", ""entity"": {""kaito_id"": ""bitcoin"", ""symbol"": ""BTC"", ""name"": ""Bitcoin"", ""coingecko_slug"": null}, ""window"": ""7d"", ""metrics"": {""mindshare"": 0.18, ""rank"": 1, ""mindshare_current"": 0.18}, ""request"": {""tool"": ""kaito_mindshare_entity_arena"", ""params_hash"": ""f5e95aa0855eb289"", ""window_start"": null, ""window_end"": null, ""window"": ""7d""}, ""raw"": {""entity_id"": ""bitcoin"", ""symbol"": ""BTC"", ""name"": ""Bitcoin"", ""mindshare"": 0.18, ""rank"": 1}}",transformed_test_fixture,https://github.com/cyberight-cap/fewunderstand/blob/23a854c2a02e6b52e424844648d4026737361caa/spider/kaito-social-spider/tests/fixtures/kaito_p0_raw.json,,kaito_entity_mindshare_ranking,对象关注份额排名,data,kaito-social-spider.kaito_entity_mindshare_ranking.data,app,field,kaito,kaito-social-spider,kaito-social-spider.kaito_entity_mindshare_ranking,sha256:f1620ffa32315698b375587fe1c122404db9b82a56c98e66940100518206b35c
Kaito 社交数据,内容类型,记录属性,说明 Kaito 记录的内容类别，便于区分不同内容。,例如先用这个属性筛选可比较的记录，再查看对应的数值或内容。,social_intelligence,transformed_test_fixture,https://github.com/cyberight-cap/fewunderstand/blob/23a854c2a02e6b52e424844648d4026737361caa/spider/kaito-social-spider/tests/fixtures/kaito_p0_raw.json,,kaito_entity_mindshare_ranking,对象关注份额排名,data.content_type,kaito-social-spider.kaito_entity_mindshare_ranking.data.content_type,app,field,kaito,kaito-social-spider,kaito-social-spider.kaito_entity_mindshare_ranking,sha256:f1620ffa32315698b375587fe1c122404db9b82a56c98e66940100518206b35c
Kaito 社交数据,对象信息,原始或结构数据,保存被分析对象的身份信息，用于关联同一项目或资产。,点开返回样本核对内部键，再决定是否需要提取为独立字段。,"{""kaito_id"": ""bitcoin"", ""symbol"": ""BTC"", ""name"": ""Bitcoin"", ""coingecko_slug"": null}",transformed_test_fixture,https://github.com/cyberight-cap/fewunderstand/blob/23a854c2a02e6b52e424844648d4026737361caa/spider/kaito-social-spider/tests/fixtures/kaito_p0_raw.json,,kaito_entity_mindshare_ranking,对象关注份额排名,data.entity,kaito-social-spider.kaito_entity_mindshare_ranking.data.entity,app,field,kaito,kaito-social-spider,kaito-social-spider.kaito_entity_mindshare_ranking,sha256:f1620ffa32315698b375587fe1c122404db9b82a56c98e66940100518206b35c
Kaito 社交数据,CoinGecko 标识,对象识别,保存 CoinGecko 的对象标识，便于跨来源对齐同一资产。,例如把同一对象在不同时间的记录对齐，再比较指标变化。,,transformed_test_fixture,https://github.com/cyberight-cap/fewunderstand/blob/23a854c2a02e6b52e424844648d4026737361caa/spider/kaito-social-spider/tests/fixtures/kaito_p0_raw.json,,kaito_entity_mindshare_ranking,对象关注份额排名,data.entity.coingecko_slug,kaito-social-spider.kaito_entity_mindshare_ranking.data.entity.coingecko_slug,app,field,kaito,kaito-social-spider,kaito-social-spider.kaito_entity_mindshare_ranking,sha256:f1620ffa32315698b375587fe1c122404db9b82a56c98e66940100518206b35c
Kaito 社交数据,Kaito ID,对象识别,保存 Kaito 的对象标识，便于合并同一对象的多条记录。,例如把同一对象在不同时间的记录对齐，再比较指标变化。,bitcoin,transformed_test_fixture,https://github.com/cyberight-cap/fewunderstand/blob/23a854c2a02e6b52e424844648d4026737361caa/spider/kaito-social-spider/tests/fixtures/kaito_p0_raw.json,,kaito_entity_mindshare_ranking,对象关注份额排名,data.entity.kaito_id,kaito-social-spider.kaito_entity_mindshare_ranking.data.entity.kaito_id,app,field,kaito,kaito-social-spider,kaito-social-spider.kaito_entity_mindshare_ranking,sha256:f1620ffa32315698b375587fe1c122404db9b82a56c98e66940100518206b35c
Kaito 社交数据,对象名称,对象识别,显示被分析对象的名称，便于人工核对。,例如把同一对象在不同时间的记录对齐，再比较指标变化。,Bitcoin,transformed_test_fixture,https://github.com/cyberight-cap/fewunderstand/blob/23a854c2a02e6b52e424844648d4026737361caa/spider/kaito-social-spider/tests/fixtures/kaito_p0_raw.json,,kaito_entity_mindshare_ranking,对象关注份额排名,data.entity.name,kaito-social-spider.kaito_entity_mindshare_ranking.data.entity.name,app,field,kaito,kaito-social-spider,kaito-social-spider.kaito_entity_mindshare_ranking,sha256:f1620ffa32315698b375587fe1c122404db9b82a56c98e66940100518206b35c
Kaito 社交数据,资产代码,对象识别,保存对象的资产代码，便于与市场数据匹配；同名代码仍需核验。,例如把同一对象在不同时间的记录对齐，再比较指标变化。,BTC,transformed_test_fixture,https://github.com/cyberight-cap/fewunderstand/blob/23a854c2a02e6b52e424844648d4026737361caa/spider/kaito-social-spider/tests/fixtures/kaito_p0_raw.json,,kaito_entity_mindshare_ranking,对象关注份额排名,data.entity.symbol,kaito-social-spider.kaito_entity_mindshare_ranking.data.entity.symbol,v2,field,kaito,kaito-social-spider,kaito-social-spider.kaito_entity_mindshare_ranking,sha256:f1620ffa32315698b375587fe1c122404db9b82a56c98e66940100518206b35c
Kaito 社交数据,指标集合,原始或结构数据,装载 Kaito 返回行中提取出的指标；具体有哪些键取决于工具返回。,点开返回样本核对内部键，再决定是否需要提取为独立字段。,"{""mindshare"": 0.18, ""rank"": 1, ""mindshare_current"": 0.18}",transformed_test_fixture,https://github.com/cyberight-cap/fewunderstand/blob/23a854c2a02e6b52e424844648d4026737361caa/spider/kaito-social-spider/tests/fixtures/kaito_p0_raw.json,,kaito_entity_mindshare_ranking,对象关注份额排名,data.metrics,kaito-social-spider.kaito_entity_mindshare_ranking.data.metrics,app,field,kaito,kaito-social-spider,kaito-social-spider.kaito_entity_mindshare_ranking,sha256:f1620ffa32315698b375587fe1c122404db9b82a56c98e66940100518206b35c
Kaito 社交数据,看跌指标,衡量指标,保留返回行中的看跌指标；分值口径需由对应工具确认。,例如在“对象关注份额排名”中按对象和时间窗比较这个值；计算前先核对单位与口径。 此指标是否由当前 Kaito 工具返回仍待核对。,,unavailable,,,kaito_entity_mindshare_ranking,对象关注份额排名,data.metrics.bearish,kaito-social-spider.kaito_entity_mindshare_ranking.data.metrics.bearish,app,field,kaito,kaito-social-spider,kaito-social-spider.kaito_entity_mindshare_ranking,sha256:f1620ffa32315698b375587fe1c122404db9b82a56c98e66940100518206b35c
Kaito 社交数据,看涨指标,衡量指标,保留返回行中的看涨指标；分值口径需由对应工具确认。,例如在“对象关注份额排名”中按对象和时间窗比较这个值；计算前先核对单位与口径。 此指标是否由当前 Kaito 工具返回仍待核对。,,unavailable,,,kaito_entity_mindshare_ranking,对象关注份额排名,data.metrics.bullish,kaito-social-spider.kaito_entity_mindshare_ranking.data.metrics.bullish,app,field,kaito,kaito-social-spider,kaito-social-spider.kaito_entity_mindshare_ranking,sha256:f1620ffa32315698b375587fe1c122404db9b82a56c98e66940100518206b35c
Kaito 社交数据,变化量,衡量指标,保留返回行中的变化值；比较前需确认变化的基准。,例如在“对象关注份额排名”中按对象和时间窗比较这个值；计算前先核对单位与口径。 此指标是否由当前 Kaito 工具返回仍待核对。,,unavailable,,,kaito_entity_mindshare_ranking,对象关注份额排名,data.metrics.change,kaito-social-spider.kaito_entity_mindshare_ranking.data.metrics.change,app,field,kaito,kaito-social-spider,kaito-social-spider.kaito_entity_mindshare_ranking,sha256:f1620ffa32315698b375587fe1c122404db9b82a56c98e66940100518206b35c
Kaito 社交数据,当前关注份额,衡量指标,保留当前关注份额；分母和时间窗需由对应工具确认。,例如在“对象关注份额排名”中按对象和时间窗比较这个值；计算前先核对单位与口径。 此指标是否由当前 Kaito 工具返回仍待核对。,,unavailable,,,kaito_entity_mindshare_ranking,对象关注份额排名,data.metrics.current_mindshare,kaito-social-spider.kaito_entity_mindshare_ranking.data.metrics.current_mindshare,app,field,kaito,kaito-social-spider,kaito-social-spider.kaito_entity_mindshare_ranking,sha256:f1620ffa32315698b375587fe1c122404db9b82a56c98e66940100518206b35c
Kaito 社交数据,变化值,衡量指标,保留相对上一窗口的变化值；比较前需确认方向和单位。,例如在“对象关注份额排名”中按对象和时间窗比较这个值；计算前先核对单位与口径。 此指标是否由当前 Kaito 工具返回仍待核对。,,unavailable,,,kaito_entity_mindshare_ranking,对象关注份额排名,data.metrics.delta,kaito-social-spider.kaito_entity_mindshare_ranking.data.metrics.delta,app,field,kaito,kaito-social-spider,kaito-social-spider.kaito_entity_mindshare_ranking,sha256:f1620ffa32315698b375587fe1c122404db9b82a56c98e66940100518206b35c
Kaito 社交数据,绝对变化值,衡量指标,保留绝对变化值；不要与百分比变化混用。,例如在“对象关注份额排名”中按对象和时间窗比较这个值；计算前先核对单位与口径。 此指标是否由当前 Kaito 工具返回仍待核对。,,unavailable,,,kaito_entity_mindshare_ranking,对象关注份额排名,data.metrics.delta_abs,kaito-social-spider.kaito_entity_mindshare_ranking.data.metrics.delta_abs,app,field,kaito,kaito-social-spider,kaito-social-spider.kaito_entity_mindshare_ranking,sha256:f1620ffa32315698b375587fe1c122404db9b82a56c98e66940100518206b35c
Kaito 社交数据,变化百分比,衡量指标,保留百分比变化；需要核对上游使用的是小数还是百分数。,例如在“对象关注份额排名”中按对象和时间窗比较这个值；计算前先核对单位与口径。 此指标是否由当前 Kaito 工具返回仍待核对。,,unavailable,,,kaito_entity_mindshare_ranking,对象关注份额排名,data.metrics.delta_pct,kaito-social-spider.kaito_entity_mindshare_ranking.data.metrics.delta_pct,app,field,kaito,kaito-social-spider,kaito-social-spider.kaito_entity_mindshare_ranking,sha256:f1620ffa32315698b375587fe1c122404db9b82a56c98e66940100518206b35c
Kaito 社交数据,变化方向,记录属性,标记变化属于上升或下降等方向，用于区分增减。,例如先用这个属性筛选可比较的记录，再查看对应的数值或内容。 此指标是否由当前 Kaito 工具返回仍待核对。,,unavailable,,,kaito_entity_mindshare_ranking,对象关注份额排名,data.metrics.direction,kaito-social-spider.kaito_entity_mindshare_ranking.data.metrics.direction,app,field,kaito,kaito-social-spider,kaito-social-spider.kaito_entity_mindshare_ranking,sha256:f1620ffa32315698b375587fe1c122404db9b82a56c98e66940100518206b35c
Kaito 社交数据,互动量,衡量指标,保留返回行的互动量；需核对包含哪些互动行为。,例如统计同一对象在一个窗口内的互动量变化，再对照提及量判断热度来源。 当前工具是否返回此指标仍待核对。,,unavailable,,,kaito_entity_mindshare_ranking,对象关注份额排名,data.metrics.engagement,kaito-social-spider.kaito_entity_mindshare_ranking.data.metrics.engagement,app,field,kaito,kaito-social-spider,kaito-social-spider.kaito_entity_mindshare_ranking,sha256:f1620ffa32315698b375587fe1c122404db9b82a56c98e66940100518206b35c
Kaito 社交数据,粉丝数,衡量指标,保留返回行的粉丝数量；需核对统计对象。,例如在“对象关注份额排名”中按对象和时间窗比较这个值；计算前先核对单位与口径。 此指标是否由当前 Kaito 工具返回仍待核对。,,unavailable,,,kaito_entity_mindshare_ranking,对象关注份额排名,data.metrics.followers,kaito-social-spider.kaito_entity_mindshare_ranking.data.metrics.followers,app,field,kaito,kaito-social-spider,kaito-social-spider.kaito_entity_mindshare_ranking,sha256:f1620ffa32315698b375587fe1c122404db9b82a56c98e66940100518206b35c
Kaito 社交数据,点赞数,衡量指标,保留点赞次数，用于观察内容互动。,例如比较同一批帖子中的点赞分布，识别由少数爆款带来的热度。 当前工具是否返回此指标仍待核对。,,unavailable,,,kaito_entity_mindshare_ranking,对象关注份额排名,data.metrics.likes,kaito-social-spider.kaito_entity_mindshare_ranking.data.metrics.likes,app,field,kaito,kaito-social-spider,kaito-social-spider.kaito_entity_mindshare_ranking,sha256:f1620ffa32315698b375587fe1c122404db9b82a56c98e66940100518206b35c
Kaito 社交数据,提及次数,衡量指标,保留提及次数，用于观察讨论量。,例如按天计算项目提及次数，并与过去一周的基线比较。 当前工具是否返回此指标仍待核对。,,unavailable,,,kaito_entity_mindshare_ranking,对象关注份额排名,data.metrics.mention_count,kaito-social-spider.kaito_entity_mindshare_ranking.data.metrics.mention_count,app,field,kaito,kaito-social-spider,kaito-social-spider.kaito_entity_mindshare_ranking,sha256:f1620ffa32315698b375587fe1c122404db9b82a56c98e66940100518206b35c
Kaito 社交数据,提及量,衡量指标,保留提及量，用于观察讨论量。,例如按天观察项目被提及的频率，检查增长是否持续。 当前工具是否返回此指标仍待核对。,,unavailable,,,kaito_entity_mindshare_ranking,对象关注份额排名,data.metrics.mentions,kaito-social-spider.kaito_entity_mindshare_ranking.data.metrics.mentions,app,field,kaito,kaito-social-spider,kaito-social-spider.kaito_entity_mindshare_ranking,sha256:f1620ffa32315698b375587fe1c122404db9b82a56c98e66940100518206b35c
Kaito 社交数据,提及次数,衡量指标,保留提及次数，用于观察讨论量。,例如按天观察项目被提及的频率，检查增长是否持续。 当前工具是否返回此指标仍待核对。,,unavailable,,,kaito_entity_mindshare_ranking,对象关注份额排名,data.metrics.mentions_count,kaito-social-spider.kaito_entity_mindshare_ranking.data.metrics.mentions_count,app,field,kaito,kaito-social-spider,kaito-social-spider.kaito_entity_mindshare_ranking,sha256:f1620ffa32315698b375587fe1c122404db9b82a56c98e66940100518206b35c
Kaito 社交数据,关注份额,衡量指标,保留关注份额；比较前需确认分母、时间窗和来源范围。,例如比较同一来源、同一窗口的关注份额变化，检查项目讨论占比是否持续上升。 当前工具是否返回此指标仍待核对。,0.18,transformed_test_fixture,https://github.com/cyberight-cap/fewunderstand/blob/23a854c2a02e6b52e424844648d4026737361caa/spider/kaito-social-spider/tests/fixtures/kaito_p0_raw.json,,kaito_entity_mindshare_ranking,对象关注份额排名,data.metrics.mindshare,kaito-social-spider.kaito_entity_mindshare_ranking.data.metrics.mindshare,app,field,kaito,kaito-social-spider,kaito-social-spider.kaito_entity_mindshare_ranking,sha256:f1620ffa32315698b375587fe1c122404db9b82a56c98e66940100518206b35c
Kaito 社交数据,当前关注份额,衡量指标,保留当前关注份额；比较前需确认分母和时间窗。,例如在“对象关注份额排名”中按对象和时间窗比较这个值；计算前先核对单位与口径。 此指标是否由当前 Kaito 工具返回仍待核对。,0.18,transformed_test_fixture,https://github.com/cyberight-cap/fewunderstand/blob/23a854c2a02e6b52e424844648d4026737361caa/spider/kaito-social-spider/tests/fixtures/kaito_p0_raw.json,,kaito_entity_mindshare_ranking,对象关注份额排名,data.metrics.mindshare_current,kaito-social-spider.kaito_entity_mindshare_ranking.data.metrics.mindshare_current,app,field,kaito,kaito-social-spider,kaito-social-spider.kaito_entity_mindshare_ranking,sha256:f1620ffa32315698b375587fe1c122404db9b82a56c98e66940100518206b35c
Kaito 社交数据,关注份额变化,衡量指标,保留关注份额变化；需与相同口径的前期值比较。,例如筛选关注份额上升最快的项目，再检查绝对讨论量，避免小基数误导。 当前工具是否返回此指标仍待核对。,,unavailable,,,kaito_entity_mindshare_ranking,对象关注份额排名,data.metrics.mindshare_delta,kaito-social-spider.kaito_entity_mindshare_ranking.data.metrics.mindshare_delta,app,field,kaito,kaito-social-spider,kaito-social-spider.kaito_entity_mindshare_ranking,sha256:f1620ffa32315698b375587fe1c122404db9b82a56c98e66940100518206b35c
Kaito 社交数据,上期排名,衡量指标,保留上一统计窗口的名次，用于计算排名变化。,例如在“对象关注份额排名”中按对象和时间窗比较这个值；计算前先核对单位与口径。 此指标是否由当前 Kaito 工具返回仍待核对。,,unavailable,,,kaito_entity_mindshare_ranking,对象关注份额排名,data.metrics.previous_rank,kaito-social-spider.kaito_entity_mindshare_ranking.data.metrics.previous_rank,app,field,kaito,kaito-social-spider,kaito-social-spider.kaito_entity_mindshare_ranking,sha256:f1620ffa32315698b375587fe1c122404db9b82a56c98e66940100518206b35c
Kaito 社交数据,引用数,衡量指标,保留引用转发次数，用于观察内容传播。,例如在“对象关注份额排名”中按对象和时间窗比较这个值；计算前先核对单位与口径。 此指标是否由当前 Kaito 工具返回仍待核对。,,unavailable,,,kaito_entity_mindshare_ranking,对象关注份额排名,data.metrics.quotes,kaito-social-spider.kaito_entity_mindshare_ranking.data.metrics.quotes,app,field,kaito,kaito-social-spider,kaito-social-spider.kaito_entity_mindshare_ranking,sha256:f1620ffa32315698b375587fe1c122404db9b82a56c98e66940100518206b35c
Kaito 社交数据,排名,衡量指标,保留当前名次，用于查看对象在同口径榜单中的位置。,例如追踪同一榜单中名次的连续变化，而不是只看单次排名。 当前工具是否返回此指标仍待核对。,1,transformed_test_fixture,https://github.com/cyberight-cap/fewunderstand/blob/23a854c2a02e6b52e424844648d4026737361caa/spider/kaito-social-spider/tests/fixtures/kaito_p0_raw.json,,kaito_entity_mindshare_ranking,对象关注份额排名,data.metrics.rank,kaito-social-spider.kaito_entity_mindshare_ranking.data.metrics.rank,app,field,kaito,kaito-social-spider,kaito-social-spider.kaito_entity_mindshare_ranking,sha256:f1620ffa32315698b375587fe1c122404db9b82a56c98e66940100518206b35c
Kaito 社交数据,排名变化,衡量指标,保留名次变化；需要确认正负号代表的方向。,例如在“对象关注份额排名”中按对象和时间窗比较这个值；计算前先核对单位与口径。 此指标是否由当前 Kaito 工具返回仍待核对。,,unavailable,,,kaito_entity_mindshare_ranking,对象关注份额排名,data.metrics.rank_change,kaito-social-spider.kaito_entity_mindshare_ranking.data.metrics.rank_change,app,field,kaito,kaito-social-spider,kaito-social-spider.kaito_entity_mindshare_ranking,sha256:f1620ffa32315698b375587fe1c122404db9b82a56c98e66940100518206b35c
Kaito 社交数据,回复数,衡量指标,保留回复次数，用于观察讨论参与。,例如在“对象关注份额排名”中按对象和时间窗比较这个值；计算前先核对单位与口径。 此指标是否由当前 Kaito 工具返回仍待核对。,,unavailable,,,kaito_entity_mindshare_ranking,对象关注份额排名,data.metrics.replies,kaito-social-spider.kaito_entity_mindshare_ranking.data.metrics.replies,app,field,kaito,kaito-social-spider,kaito-social-spider.kaito_entity_mindshare_ranking,sha256:f1620ffa32315698b375587fe1c122404db9b82a56c98e66940100518206b35c
Kaito 社交数据,转发数,衡量指标,保留转发次数，用于观察内容传播。,例如在“对象关注份额排名”中按对象和时间窗比较这个值；计算前先核对单位与口径。 此指标是否由当前 Kaito 工具返回仍待核对。,,unavailable,,,kaito_entity_mindshare_ranking,对象关注份额排名,data.metrics.retweets,kaito-social-spider.kaito_entity_mindshare_ranking.data.metrics.retweets,app,field,kaito,kaito-social-spider,kaito-social-spider.kaito_entity_mindshare_ranking,sha256:f1620ffa32315698b375587fe1c122404db9b82a56c98e66940100518206b35c
Kaito 社交数据,评分,衡量指标,保留工具返回的评分；不同工具的评分不能直接混算。,例如在“对象关注份额排名”中按对象和时间窗比较这个值；计算前先核对单位与口径。 此指标是否由当前 Kaito 工具返回仍待核对。,,unavailable,,,kaito_entity_mindshare_ranking,对象关注份额排名,data.metrics.score,kaito-social-spider.kaito_entity_mindshare_ranking.data.metrics.score,app,field,kaito,kaito-social-spider,kaito-social-spider.kaito_entity_mindshare_ranking,sha256:f1620ffa32315698b375587fe1c122404db9b82a56c98e66940100518206b35c
Kaito 社交数据,情绪,衡量指标,保留情绪指标；量纲和正负含义需由对应工具确认。,例如把情绪变化与同一窗口的提及量一起看，避免少量帖子主导判断。 当前工具是否返回此指标仍待核对。,,unavailable,,,kaito_entity_mindshare_ranking,对象关注份额排名,data.metrics.sentiment,kaito-social-spider.kaito_entity_mindshare_ranking.data.metrics.sentiment,app,field,kaito,kaito-social-spider,kaito-social-spider.kaito_entity_mindshare_ranking,sha256:f1620ffa32315698b375587fe1c122404db9b82a56c98e66940100518206b35c
Kaito 社交数据,情绪评分,衡量指标,保留情绪评分；与讨论量一起看更能判断可靠性。,例如把情绪评分与同一窗口的提及量一起看，避免少量帖子主导判断。 当前工具是否返回此指标仍待核对。,,unavailable,,,kaito_entity_mindshare_ranking,对象关注份额排名,data.metrics.sentiment_score,kaito-social-spider.kaito_entity_mindshare_ranking.data.metrics.sentiment_score,app,field,kaito,kaito-social-spider,kaito-social-spider.kaito_entity_mindshare_ranking,sha256:f1620ffa32315698b375587fe1c122404db9b82a56c98e66940100518206b35c
Kaito 社交数据,高关注度账号互动量,衡量指标,保留高关注度账号的互动量；账号认定口径需核对。,例如观察高关注度账号的互动是否先于整体互动增加，作为待验证的早期关注线索。 当前工具是否返回此指标仍待核对。,,unavailable,,,kaito_entity_mindshare_ranking,对象关注份额排名,data.metrics.smart_engagement,kaito-social-spider.kaito_entity_mindshare_ranking.data.metrics.smart_engagement,app,field,kaito,kaito-social-spider,kaito-social-spider.kaito_entity_mindshare_ranking,sha256:f1620ffa32315698b375587fe1c122404db9b82a56c98e66940100518206b35c
Kaito 社交数据,高关注度账号互动占比,衡量指标,保留高关注度账号互动占比；需核对分母。,例如在“对象关注份额排名”中按对象和时间窗比较这个值；计算前先核对单位与口径。 此指标是否由当前 Kaito 工具返回仍待核对。,,unavailable,,,kaito_entity_mindshare_ranking,对象关注份额排名,data.metrics.smart_engagement_ratio,kaito-social-spider.kaito_entity_mindshare_ranking.data.metrics.smart_engagement_ratio,app,field,kaito,kaito-social-spider,kaito-social-spider.kaito_entity_mindshare_ranking,sha256:f1620ffa32315698b375587fe1c122404db9b82a56c98e66940100518206b35c
Kaito 社交数据,高关注度粉丝数,衡量指标,保留高关注度粉丝数；账号认定口径需核对。,例如比较同一账号连续两次的高关注度粉丝数，检查是否出现异常增长。 当前工具是否返回此指标仍待核对。,,unavailable,,,kaito_entity_mindshare_ranking,对象关注份额排名,data.metrics.smart_followers,kaito-social-spider.kaito_entity_mindshare_ranking.data.metrics.smart_followers,app,field,kaito,kaito-social-spider,kaito-social-spider.kaito_entity_mindshare_ranking,sha256:f1620ffa32315698b375587fe1c122404db9b82a56c98e66940100518206b35c
Kaito 社交数据,指标时间,时间定位,标记指标对应的时间点，用于组成时间序列。,例如按同一时间窗分组，并检查记录是否过时。 此指标是否由当前 Kaito 工具返回仍待核对。,,unavailable,,,kaito_entity_mindshare_ranking,对象关注份额排名,data.metrics.timestamp,kaito-social-spider.kaito_entity_mindshare_ranking.data.metrics.timestamp,app,field,kaito,kaito-social-spider,kaito-social-spider.kaito_entity_mindshare_ranking,sha256:f1620ffa32315698b375587fe1c122404db9b82a56c98e66940100518206b35c
Kaito 社交数据,总互动量,衡量指标,保留总互动量，用于观察讨论热度。,例如与提及次数一起比较，区分少数高互动内容和广泛讨论。 当前工具是否返回此指标仍待核对。,,unavailable,,,kaito_entity_mindshare_ranking,对象关注份额排名,data.metrics.total_engagement,kaito-social-spider.kaito_entity_mindshare_ranking.data.metrics.total_engagement,app,field,kaito,kaito-social-spider,kaito-social-spider.kaito_entity_mindshare_ranking,sha256:f1620ffa32315698b375587fe1c122404db9b82a56c98e66940100518206b35c
Kaito 社交数据,指标值,衡量指标,保留时间序列或指标行的数值；含义取决于对应工具。,例如在“对象关注份额排名”中按对象和时间窗比较这个值；计算前先核对单位与口径。 此指标是否由当前 Kaito 工具返回仍待核对。,,unavailable,,,kaito_entity_mindshare_ranking,对象关注份额排名,data.metrics.value,kaito-social-spider.kaito_entity_mindshare_ranking.data.metrics.value,app,field,kaito,kaito-social-spider,kaito-social-spider.kaito_entity_mindshare_ranking,sha256:f1620ffa32315698b375587fe1c122404db9b82a56c98e66940100518206b35c
Kaito 社交数据,浏览量,衡量指标,保留浏览次数，用于观察内容曝光。,例如用浏览量作曝光参考，再看互动量是否同步增长。 当前工具是否返回此指标仍待核对。,,unavailable,,,kaito_entity_mindshare_ranking,对象关注份额排名,data.metrics.views,kaito-social-spider.kaito_entity_mindshare_ranking.data.metrics.views,app,field,kaito,kaito-social-spider,kaito-social-spider.kaito_entity_mindshare_ranking,sha256:f1620ffa32315698b375587fe1c122404db9b82a56c98e66940100518206b35c
Kaito 社交数据,平台,记录属性,标记内容所在的平台，便于区分来源渠道。,例如先用这个属性筛选可比较的记录，再查看对应的数值或内容。,kaito,transformed_test_fixture,https://github.com/cyberight-cap/fewunderstand/blob/23a854c2a02e6b52e424844648d4026737361caa/spider/kaito-social-spider/tests/fixtures/kaito_p0_raw.json,,kaito_entity_mindshare_ranking,对象关注份额排名,data.platform,kaito-social-spider.kaito_entity_mindshare_ranking.data.platform,app,field,kaito,kaito-social-spider,kaito-social-spider.kaito_entity_mindshare_ranking,sha256:f1620ffa32315698b375587fe1c122404db9b82a56c98e66940100518206b35c
Kaito 社交数据,原始数据,原始或结构数据,保留该 Kaito 记录对应的原始返回行，用于回查未提取的键。,点开返回样本核对内部键，再决定是否需要提取为独立字段。,"{""entity_id"": ""bitcoin"", ""symbol"": ""BTC"", ""name"": ""Bitcoin"", ""mindshare"": 0.18, ""rank"": 1}",transformed_test_fixture,https://github.com/cyberight-cap/fewunderstand/blob/23a854c2a02e6b52e424844648d4026737361caa/spider/kaito-social-spider/tests/fixtures/kaito_p0_raw.json,,kaito_entity_mindshare_ranking,对象关注份额排名,data.raw,kaito-social-spider.kaito_entity_mindshare_ranking.data.raw,app,field,kaito,kaito-social-spider,kaito-social-spider.kaito_entity_mindshare_ranking,sha256:f1620ffa32315698b375587fe1c122404db9b82a56c98e66940100518206b35c
Kaito 社交数据,记录类型,来源与溯源,标记转换后的 Kaito 记录类型，便于选择正确的处理规则。,例如排查一条指标的来源或重复记录时，用它回到原始查询和处理链。,kaito_entity_mindshare_ranking,transformed_test_fixture,https://github.com/cyberight-cap/fewunderstand/blob/23a854c2a02e6b52e424844648d4026737361caa/spider/kaito-social-spider/tests/fixtures/kaito_p0_raw.json,,kaito_entity_mindshare_ranking,对象关注份额排名,data.record_type,kaito-social-spider.kaito_entity_mindshare_ranking.data.record_type,v2,field,kaito,kaito-social-spider,kaito-social-spider.kaito_entity_mindshare_ranking,sha256:f1620ffa32315698b375587fe1c122404db9b82a56c98e66940100518206b35c
Kaito 社交数据,请求信息,原始或结构数据,保存调用 Kaito 工具的请求元信息，用于核对查询条件。,点开返回样本核对内部键，再决定是否需要提取为独立字段。,"{""tool"": ""kaito_mindshare_entity_arena"", ""params_hash"": ""f5e95aa0855eb289"", ""window_start"": null, ""window_end"": null, ""window"": ""7d""}",transformed_test_fixture,https://github.com/cyberight-cap/fewunderstand/blob/23a854c2a02e6b52e424844648d4026737361caa/spider/kaito-social-spider/tests/fixtures/kaito_p0_raw.json,,kaito_entity_mindshare_ranking,对象关注份额排名,data.request,kaito-social-spider.kaito_entity_mindshare_ranking.data.request,app,field,kaito,kaito-social-spider,kaito-social-spider.kaito_entity_mindshare_ranking,sha256:f1620ffa32315698b375587fe1c122404db9b82a56c98e66940100518206b35c
Kaito 社交数据,请求参数摘要,来源与溯源,保存脱敏后的请求参数摘要，用于识别同一次查询条件。,例如排查一条指标的来源或重复记录时，用它回到原始查询和处理链。,f5e95aa0855eb289,transformed_test_fixture,https://github.com/cyberight-cap/fewunderstand/blob/23a854c2a02e6b52e424844648d4026737361caa/spider/kaito-social-spider/tests/fixtures/kaito_p0_raw.json,,kaito_entity_mindshare_ranking,对象关注份额排名,data.request.params_hash,kaito-social-spider.kaito_entity_mindshare_ranking.data.request.params_hash,app,field,kaito,kaito-social-spider,kaito-social-spider.kaito_entity_mindshare_ranking,sha256:f1620ffa32315698b375587fe1c122404db9b82a56c98e66940100518206b35c
Kaito 社交数据,请求工具,来源与溯源,指出产生这条记录的 Kaito 工具，用于核对指标口径。,例如排查一条指标的来源或重复记录时，用它回到原始查询和处理链。,kaito_mindshare_entity_arena,transformed_test_fixture,https://github.com/cyberight-cap/fewunderstand/blob/23a854c2a02e6b52e424844648d4026737361caa/spider/kaito-social-spider/tests/fixtures/kaito_p0_raw.json,,kaito_entity_mindshare_ranking,对象关注份额排名,data.request.tool,kaito-social-spider.kaito_entity_mindshare_ranking.data.request.tool,app,field,kaito,kaito-social-spider,kaito-social-spider.kaito_entity_mindshare_ranking,sha256:f1620ffa32315698b375587fe1c122404db9b82a56c98e66940100518206b35c
Kaito 社交数据,请求时间窗口,来源与溯源,记录请求时使用的时间窗口，用于比较同口径数据。,例如排查一条指标的来源或重复记录时，用它回到原始查询和处理链。,7d,transformed_test_fixture,https://github.com/cyberight-cap/fewunderstand/blob/23a854c2a02e6b52e424844648d4026737361caa/spider/kaito-social-spider/tests/fixtures/kaito_p0_raw.json,,kaito_entity_mindshare_ranking,对象关注份额排名,data.request.window,kaito-social-spider.kaito_entity_mindshare_ranking.data.request.window,app,field,kaito,kaito-social-spider,kaito-social-spider.kaito_entity_mindshare_ranking,sha256:f1620ffa32315698b375587fe1c122404db9b82a56c98e66940100518206b35c
Kaito 社交数据,请求窗口结束,来源与溯源,记录请求窗口的结束时间，用于界定统计区间。,例如排查一条指标的来源或重复记录时，用它回到原始查询和处理链。,,transformed_test_fixture,https://github.com/cyberight-cap/fewunderstand/blob/23a854c2a02e6b52e424844648d4026737361caa/spider/kaito-social-spider/tests/fixtures/kaito_p0_raw.json,,kaito_entity_mindshare_ranking,对象关注份额排名,data.request.window_end,kaito-social-spider.kaito_entity_mindshare_ranking.data.request.window_end,app,field,kaito,kaito-social-spider,kaito-social-spider.kaito_entity_mindshare_ranking,sha256:f1620ffa32315698b375587fe1c122404db9b82a56c98e66940100518206b35c
Kaito 社交数据,请求窗口开始,来源与溯源,记录请求窗口的开始时间，用于界定统计区间。,例如排查一条指标的来源或重复记录时，用它回到原始查询和处理链。,,transformed_test_fixture,https://github.com/cyberight-cap/fewunderstand/blob/23a854c2a02e6b52e424844648d4026737361caa/spider/kaito-social-spider/tests/fixtures/kaito_p0_raw.json,,kaito_entity_mindshare_ranking,对象关注份额排名,data.request.window_start,kaito-social-spider.kaito_entity_mindshare_ranking.data.request.window_start,app,field,kaito,kaito-social-spider,kaito-social-spider.kaito_entity_mindshare_ranking,sha256:f1620ffa32315698b375587fe1c122404db9b82a56c98e66940100518206b35c
Kaito 社交数据,统计窗口,时间定位,保存记录对应的统计窗口，用于避免混合不同时间跨度。,例如按同一时间窗分组，并检查记录是否过时。,7d,transformed_test_fixture,https://github.com/cyberight-cap/fewunderstand/blob/23a854c2a02e6b52e424844648d4026737361caa/spider/kaito-social-spider/tests/fixtures/kaito_p0_raw.json,,kaito_entity_mindshare_ranking,对象关注份额排名,data.window,kaito-social-spider.kaito_entity_mindshare_ranking.data.window,app,field,kaito,kaito-social-spider,kaito-social-spider.kaito_entity_mindshare_ranking,sha256:f1620ffa32315698b375587fe1c122404db9b82a56c98e66940100518206b35c
Kaito 社交数据,处理溯源,来源与溯源,保存处理链路元信息，用于追查记录如何产生。,例如排查一条指标的来源或重复记录时，用它回到原始查询和处理链。,"{""event_id"": ""evt:18eb62b7ad2676ea4338f82fbf7907d3"", ""trace_id"": ""evt:18eb62b7ad2676ea4338f82fbf7907d3"", ""parent_event_ids"": [], ""source_event_id"": null, ""record_type"": ""kaito_entity_mindshare_ranking"", ""schema_version"": ""pipeline-lineage/v1"", ""producer"": ""kaito-social-spider"", ""processing_stage"": ""ingest"", ""observed_at"": ""2026-07-19T00:00:00Z"", ""processed_at"": ""2026-07-19T00:00:00Z"", ""source_topic"": null, ""source_partition"": null, ""source_offset"": null, ""asset_id"": null}",transformed_test_fixture,https://github.com/cyberight-cap/fewunderstand/blob/23a854c2a02e6b52e424844648d4026737361caa/spider/kaito-social-spider/tests/fixtures/kaito_p0_raw.json,,kaito_entity_mindshare_ranking,对象关注份额排名,lineage,kaito-social-spider.kaito_entity_mindshare_ranking.lineage,app,field,kaito,kaito-social-spider,kaito-social-spider.kaito_entity_mindshare_ranking,sha256:f1620ffa32315698b375587fe1c122404db9b82a56c98e66940100518206b35c
Kaito 社交数据,资产 ID,来源与溯源,保存解析后的内部资产 ID；未完成资产绑定时可能为空。,例如排查一条指标的来源或重复记录时，用它回到原始查询和处理链。,,transformed_test_fixture,https://github.com/cyberight-cap/fewunderstand/blob/23a854c2a02e6b52e424844648d4026737361caa/spider/kaito-social-spider/tests/fixtures/kaito_p0_raw.json,,kaito_entity_mindshare_ranking,对象关注份额排名,lineage.asset_id,kaito-social-spider.kaito_entity_mindshare_ranking.lineage.asset_id,app,field,kaito,kaito-social-spider,kaito-social-spider.kaito_entity_mindshare_ranking,sha256:f1620ffa32315698b375587fe1c122404db9b82a56c98e66940100518206b35c
Kaito 社交数据,事件 ID,来源与溯源,稳定识别这条事件，用于追踪后续计算与结果。,例如排查一条指标的来源或重复记录时，用它回到原始查询和处理链。,evt:18eb62b7ad2676ea4338f82fbf7907d3,transformed_test_fixture,https://github.com/cyberight-cap/fewunderstand/blob/23a854c2a02e6b52e424844648d4026737361caa/spider/kaito-social-spider/tests/fixtures/kaito_p0_raw.json,,kaito_entity_mindshare_ranking,对象关注份额排名,lineage.event_id,kaito-social-spider.kaito_entity_mindshare_ranking.lineage.event_id,app,field,kaito,kaito-social-spider,kaito-social-spider.kaito_entity_mindshare_ranking,sha256:f1620ffa32315698b375587fe1c122404db9b82a56c98e66940100518206b35c
Kaito 社交数据,观察时间,来源与溯源,记录事实被观察的时间，用于确认原始数据时效。,例如排查一条指标的来源或重复记录时，用它回到原始查询和处理链。,2026-07-19T00:00:00Z,transformed_test_fixture,https://github.com/cyberight-cap/fewunderstand/blob/23a854c2a02e6b52e424844648d4026737361caa/spider/kaito-social-spider/tests/fixtures/kaito_p0_raw.json,,kaito_entity_mindshare_ranking,对象关注份额排名,lineage.observed_at,kaito-social-spider.kaito_entity_mindshare_ranking.lineage.observed_at,app,field,kaito,kaito-social-spider,kaito-social-spider.kaito_entity_mindshare_ranking,sha256:f1620ffa32315698b375587fe1c122404db9b82a56c98e66940100518206b35c
Kaito 社交数据,上游事件 ID,来源与溯源,保存上游事件 ID，用于追溯派生结果的输入。,例如排查一条指标的来源或重复记录时，用它回到原始查询和处理链。,[],transformed_test_fixture,https://github.com/cyberight-cap/fewunderstand/blob/23a854c2a02e6b52e424844648d4026737361caa/spider/kaito-social-spider/tests/fixtures/kaito_p0_raw.json,,kaito_entity_mindshare_ranking,对象关注份额排名,lineage.parent_event_ids,kaito-social-spider.kaito_entity_mindshare_ranking.lineage.parent_event_ids,app,field,kaito,kaito-social-spider,kaito-social-spider.kaito_entity_mindshare_ranking,sha256:f1620ffa32315698b375587fe1c122404db9b82a56c98e66940100518206b35c
Kaito 社交数据,处理时间,来源与溯源,记录处理程序生成消息的时间，用于定位处理延迟。,例如排查一条指标的来源或重复记录时，用它回到原始查询和处理链。,2026-07-19T00:00:00Z,transformed_test_fixture,https://github.com/cyberight-cap/fewunderstand/blob/23a854c2a02e6b52e424844648d4026737361caa/spider/kaito-social-spider/tests/fixtures/kaito_p0_raw.json,,kaito_entity_mindshare_ranking,对象关注份额排名,lineage.processed_at,kaito-social-spider.kaito_entity_mindshare_ranking.lineage.processed_at,app,field,kaito,kaito-social-spider,kaito-social-spider.kaito_entity_mindshare_ranking,sha256:f1620ffa32315698b375587fe1c122404db9b82a56c98e66940100518206b35c
Kaito 社交数据,处理阶段,来源与溯源,标记当前处理阶段，用于区分采集与后续加工。,例如排查一条指标的来源或重复记录时，用它回到原始查询和处理链。,ingest,transformed_test_fixture,https://github.com/cyberight-cap/fewunderstand/blob/23a854c2a02e6b52e424844648d4026737361caa/spider/kaito-social-spider/tests/fixtures/kaito_p0_raw.json,,kaito_entity_mindshare_ranking,对象关注份额排名,lineage.processing_stage,kaito-social-spider.kaito_entity_mindshare_ranking.lineage.processing_stage,app,field,kaito,kaito-social-spider,kaito-social-spider.kaito_entity_mindshare_ranking,sha256:f1620ffa32315698b375587fe1c122404db9b82a56c98e66940100518206b35c
Kaito 社交数据,生产程序,来源与溯源,标记生成这条消息的程序，用于核对生产来源。,例如排查一条指标的来源或重复记录时，用它回到原始查询和处理链。,kaito-social-spider,transformed_test_fixture,https://github.com/cyberight-cap/fewunderstand/blob/23a854c2a02e6b52e424844648d4026737361caa/spider/kaito-social-spider/tests/fixtures/kaito_p0_raw.json,,kaito_entity_mindshare_ranking,对象关注份额排名,lineage.producer,kaito-social-spider.kaito_entity_mindshare_ranking.lineage.producer,app,field,kaito,kaito-social-spider,kaito-social-spider.kaito_entity_mindshare_ranking,sha256:f1620ffa32315698b375587fe1c122404db9b82a56c98e66940100518206b35c
Kaito 社交数据,溯源记录类型,来源与溯源,标记溯源信封里的记录类型，用于验证处理链路。,例如排查一条指标的来源或重复记录时，用它回到原始查询和处理链。,kaito_entity_mindshare_ranking,transformed_test_fixture,https://github.com/cyberight-cap/fewunderstand/blob/23a854c2a02e6b52e424844648d4026737361caa/spider/kaito-social-spider/tests/fixtures/kaito_p0_raw.json,,kaito_entity_mindshare_ranking,对象关注份额排名,lineage.record_type,kaito-social-spider.kaito_entity_mindshare_ranking.lineage.record_type,app,field,kaito,kaito-social-spider,kaito-social-spider.kaito_entity_mindshare_ranking,sha256:f1620ffa32315698b375587fe1c122404db9b82a56c98e66940100518206b35c
Kaito 社交数据,结构版本,来源与溯源,标记消息结构版本，用于兼容不同版本的处理代码。,例如排查一条指标的来源或重复记录时，用它回到原始查询和处理链。,pipeline-lineage/v1,transformed_test_fixture,https://github.com/cyberight-cap/fewunderstand/blob/23a854c2a02e6b52e424844648d4026737361caa/spider/kaito-social-spider/tests/fixtures/kaito_p0_raw.json,,kaito_entity_mindshare_ranking,对象关注份额排名,lineage.schema_version,kaito-social-spider.kaito_entity_mindshare_ranking.lineage.schema_version,app,field,kaito,kaito-social-spider,kaito-social-spider.kaito_entity_mindshare_ranking,sha256:f1620ffa32315698b375587fe1c122404db9b82a56c98e66940100518206b35c
Kaito 社交数据,来源事件 ID,来源与溯源,保存来源系统的事件 ID，用于跨系统回查。,例如排查一条指标的来源或重复记录时，用它回到原始查询和处理链。,,transformed_test_fixture,https://github.com/cyberight-cap/fewunderstand/blob/23a854c2a02e6b52e424844648d4026737361caa/spider/kaito-social-spider/tests/fixtures/kaito_p0_raw.json,,kaito_entity_mindshare_ranking,对象关注份额排名,lineage.source_event_id,kaito-social-spider.kaito_entity_mindshare_ranking.lineage.source_event_id,app,field,kaito,kaito-social-spider,kaito-social-spider.kaito_entity_mindshare_ranking,sha256:f1620ffa32315698b375587fe1c122404db9b82a56c98e66940100518206b35c
Kaito 社交数据,来源偏移量,来源与溯源,保存来源消息偏移量，用于定位消息流位置。,例如排查一条指标的来源或重复记录时，用它回到原始查询和处理链。,,transformed_test_fixture,https://github.com/cyberight-cap/fewunderstand/blob/23a854c2a02e6b52e424844648d4026737361caa/spider/kaito-social-spider/tests/fixtures/kaito_p0_raw.json,,kaito_entity_mindshare_ranking,对象关注份额排名,lineage.source_offset,kaito-social-spider.kaito_entity_mindshare_ranking.lineage.source_offset,app,field,kaito,kaito-social-spider,kaito-social-spider.kaito_entity_mindshare_ranking,sha256:f1620ffa32315698b375587fe1c122404db9b82a56c98e66940100518206b35c
Kaito 社交数据,来源分区,来源与溯源,保存来源消息分区，用于定位消息流位置。,例如排查一条指标的来源或重复记录时，用它回到原始查询和处理链。,,transformed_test_fixture,https://github.com/cyberight-cap/fewunderstand/blob/23a854c2a02e6b52e424844648d4026737361caa/spider/kaito-social-spider/tests/fixtures/kaito_p0_raw.json,,kaito_entity_mindshare_ranking,对象关注份额排名,lineage.source_partition,kaito-social-spider.kaito_entity_mindshare_ranking.lineage.source_partition,app,field,kaito,kaito-social-spider,kaito-social-spider.kaito_entity_mindshare_ranking,sha256:f1620ffa32315698b375587fe1c122404db9b82a56c98e66940100518206b35c
Kaito 社交数据,来源主题,来源与溯源,保存来源主题名称，用于定位消息流位置。,例如排查一条指标的来源或重复记录时，用它回到原始查询和处理链。,,transformed_test_fixture,https://github.com/cyberight-cap/fewunderstand/blob/23a854c2a02e6b52e424844648d4026737361caa/spider/kaito-social-spider/tests/fixtures/kaito_p0_raw.json,,kaito_entity_mindshare_ranking,对象关注份额排名,lineage.source_topic,kaito-social-spider.kaito_entity_mindshare_ranking.lineage.source_topic,app,field,kaito,kaito-social-spider,kaito-social-spider.kaito_entity_mindshare_ranking,sha256:f1620ffa32315698b375587fe1c122404db9b82a56c98e66940100518206b35c
Kaito 社交数据,追踪 ID,来源与溯源,关联同一处理链路上的事件，用于端到端追踪。,例如排查一条指标的来源或重复记录时，用它回到原始查询和处理链。,evt:18eb62b7ad2676ea4338f82fbf7907d3,transformed_test_fixture,https://github.com/cyberight-cap/fewunderstand/blob/23a854c2a02e6b52e424844648d4026737361caa/spider/kaito-social-spider/tests/fixtures/kaito_p0_raw.json,,kaito_entity_mindshare_ranking,对象关注份额排名,lineage.trace_id,kaito-social-spider.kaito_entity_mindshare_ranking.lineage.trace_id,app,field,kaito,kaito-social-spider,kaito-social-spider.kaito_entity_mindshare_ranking,sha256:f1620ffa32315698b375587fe1c122404db9b82a56c98e66940100518206b35c
Kaito 社交数据,原始文本,内容理解,保留内容的原始文本，用于回查清洗前的信息。,例如筛选与目标项目相关的内容，再点回原文人工核查。,,unavailable,,,kaito_entity_mindshare_ranking,对象关注份额排名,raw_text,kaito-social-spider.kaito_entity_mindshare_ranking.raw_text,app,field,kaito,kaito-social-spider,kaito-social-spider.kaito_entity_mindshare_ranking,sha256:f1620ffa32315698b375587fe1c122404db9b82a56c98e66940100518206b35c
Kaito 社交数据,来源,来源与溯源,标记这条记录的来源，用于筛选和核对数据出处。,例如排查一条指标的来源或重复记录时，用它回到原始查询和处理链。,kaito,transformed_test_fixture,https://github.com/cyberight-cap/fewunderstand/blob/23a854c2a02e6b52e424844648d4026737361caa/spider/kaito-social-spider/tests/fixtures/kaito_p0_raw.json,,kaito_entity_mindshare_ranking,对象关注份额排名,source,kaito-social-spider.kaito_entity_mindshare_ranking.source,app,field,kaito,kaito-social-spider,kaito-social-spider.kaito_entity_mindshare_ranking,sha256:f1620ffa32315698b375587fe1c122404db9b82a56c98e66940100518206b35c
Kaito 社交数据,正文,内容理解,保存消息或帖子的正文，用于关键词、主题和事件分析。,例如查找项目名或事件关键词，并结合消息时间和来源做人工核对。,,unavailable,,,kaito_entity_mindshare_ranking,对象关注份额排名,text,kaito-social-spider.kaito_entity_mindshare_ranking.text,app,field,kaito,kaito-social-spider,kaito-social-spider.kaito_entity_mindshare_ranking,sha256:f1620ffa32315698b375587fe1c122404db9b82a56c98e66940100518206b35c
Kaito 社交数据,记录时间,时间定位,记录该数据对应的时间点，用于排序或时间窗聚合。,例如按同一时间窗分组，并检查记录是否过时。,2026-07-19T00:00:00Z,transformed_test_fixture,https://github.com/cyberight-cap/fewunderstand/blob/23a854c2a02e6b52e424844648d4026737361caa/spider/kaito-social-spider/tests/fixtures/kaito_p0_raw.json,,kaito_entity_mindshare_ranking,对象关注份额排名,timestamp,kaito-social-spider.kaito_entity_mindshare_ranking.timestamp,app,field,kaito,kaito-social-spider,kaito-social-spider.kaito_entity_mindshare_ranking,sha256:f1620ffa32315698b375587fe1c122404db9b82a56c98e66940100518206b35c
Kaito 社交数据,标题,内容理解,保存内容标题，用于快速判断主题。,例如先用标题筛选相关内容，再用正文或原文链接验证。,,unavailable,,,kaito_entity_mindshare_ranking,对象关注份额排名,title,kaito-social-spider.kaito_entity_mindshare_ranking.title,app,field,kaito,kaito-social-spider,kaito-social-spider.kaito_entity_mindshare_ranking,sha256:f1620ffa32315698b375587fe1c122404db9b82a56c98e66940100518206b35c
Kaito 社交数据,链接地址,对象识别,保存内容原文地址，用于回查和去重。,例如把同一对象在不同时间的记录对齐，再比较指标变化。,,unavailable,,,kaito_entity_mindshare_ranking,对象关注份额排名,url,kaito-social-spider.kaito_entity_mindshare_ranking.url,app,field,kaito,kaito-social-spider,kaito-social-spider.kaito_entity_mindshare_ranking,sha256:f1620ffa32315698b375587fe1c122404db9b82a56c98e66940100518206b35c
Kaito 社交数据,对象关注份额走势,记录类型,这类记录包含下列可展开的字段定义。,先选择记录类型，再查看字段用途与返回样本。,,unavailable,,,kaito_entity_mindshare_timeseries,对象关注份额走势,kaito_entity_mindshare_timeseries,kaito-social-spider.kaito_entity_mindshare_timeseries,app,record_type,kaito,kaito-social-spider,kaito-social-spider.kaito_entity_mindshare_timeseries,sha256:f1620ffa32315698b375587fe1c122404db9b82a56c98e66940100518206b35c
Kaito 社交数据,作者,内容理解,指出内容的作者，便于按发布者汇总或回到原帖。,例如筛选与目标项目相关的内容，再点回原文人工核查。,,unavailable,,,kaito_entity_mindshare_timeseries,对象关注份额走势,author,kaito-social-spider.kaito_entity_mindshare_timeseries.author,app,field,kaito,kaito-social-spider,kaito-social-spider.kaito_entity_mindshare_timeseries,sha256:f1620ffa32315698b375587fe1c122404db9b82a56c98e66940100518206b35c
Kaito 社交数据,数据对象,原始或结构数据,装载这一类记录的主要业务数据；应继续展开具体子字段。,点开返回样本核对内部键，再决定是否需要提取为独立字段。,"{""platform"": ""kaito"", ""content_type"": ""social_intelligence"", ""record_type"": ""kaito_entity_mindshare_timeseries"", ""entity"": {""kaito_id"": ""pendle"", ""symbol"": ""PENDLE"", ""name"": null, ""coingecko_slug"": null}, ""window"": ""30d"", ""metrics"": {""timestamp"": ""2026-07-19T00:00:00Z"", ""value"": 0.012, ""mindshare_current"": 0.012, ""engagement"": 0.012}, ""request"": {""tool"": ""kaito_mindshare_entity"", ""params_hash"": ""222c409f6e54f754"", ""window_start"": null, ""window_end"": null, ""window"": ""30d""}, ""raw"": {""entity_id"": ""pendle"", ""symbol"": ""PENDLE"", ""timestamp"": ""2026-07-19T00:00:00Z"", ""value"": 0.012}}",transformed_test_fixture,https://github.com/cyberight-cap/fewunderstand/blob/23a854c2a02e6b52e424844648d4026737361caa/spider/kaito-social-spider/tests/fixtures/kaito_p0_raw.json,,kaito_entity_mindshare_timeseries,对象关注份额走势,data,kaito-social-spider.kaito_entity_mindshare_timeseries.data,app,field,kaito,kaito-social-spider,kaito-social-spider.kaito_entity_mindshare_timeseries,sha256:f1620ffa32315698b375587fe1c122404db9b82a56c98e66940100518206b35c
Kaito 社交数据,内容类型,记录属性,说明 Kaito 记录的内容类别，便于区分不同内容。,例如先用这个属性筛选可比较的记录，再查看对应的数值或内容。,social_intelligence,transformed_test_fixture,https://github.com/cyberight-cap/fewunderstand/blob/23a854c2a02e6b52e424844648d4026737361caa/spider/kaito-social-spider/tests/fixtures/kaito_p0_raw.json,,kaito_entity_mindshare_timeseries,对象关注份额走势,data.content_type,kaito-social-spider.kaito_entity_mindshare_timeseries.data.content_type,app,field,kaito,kaito-social-spider,kaito-social-spider.kaito_entity_mindshare_timeseries,sha256:f1620ffa32315698b375587fe1c122404db9b82a56c98e66940100518206b35c
Kaito 社交数据,对象信息,原始或结构数据,保存被分析对象的身份信息，用于关联同一项目或资产。,点开返回样本核对内部键，再决定是否需要提取为独立字段。,"{""kaito_id"": ""pendle"", ""symbol"": ""PENDLE"", ""name"": null, ""coingecko_slug"": null}",transformed_test_fixture,https://github.com/cyberight-cap/fewunderstand/blob/23a854c2a02e6b52e424844648d4026737361caa/spider/kaito-social-spider/tests/fixtures/kaito_p0_raw.json,,kaito_entity_mindshare_timeseries,对象关注份额走势,data.entity,kaito-social-spider.kaito_entity_mindshare_timeseries.data.entity,app,field,kaito,kaito-social-spider,kaito-social-spider.kaito_entity_mindshare_timeseries,sha256:f1620ffa32315698b375587fe1c122404db9b82a56c98e66940100518206b35c
Kaito 社交数据,CoinGecko 标识,对象识别,保存 CoinGecko 的对象标识，便于跨来源对齐同一资产。,例如把同一对象在不同时间的记录对齐，再比较指标变化。,,transformed_test_fixture,https://github.com/cyberight-cap/fewunderstand/blob/23a854c2a02e6b52e424844648d4026737361caa/spider/kaito-social-spider/tests/fixtures/kaito_p0_raw.json,,kaito_entity_mindshare_timeseries,对象关注份额走势,data.entity.coingecko_slug,kaito-social-spider.kaito_entity_mindshare_timeseries.data.entity.coingecko_slug,app,field,kaito,kaito-social-spider,kaito-social-spider.kaito_entity_mindshare_timeseries,sha256:f1620ffa32315698b375587fe1c122404db9b82a56c98e66940100518206b35c
Kaito 社交数据,Kaito ID,对象识别,保存 Kaito 的对象标识，便于合并同一对象的多条记录。,例如把同一对象在不同时间的记录对齐，再比较指标变化。,pendle,transformed_test_fixture,https://github.com/cyberight-cap/fewunderstand/blob/23a854c2a02e6b52e424844648d4026737361caa/spider/kaito-social-spider/tests/fixtures/kaito_p0_raw.json,,kaito_entity_mindshare_timeseries,对象关注份额走势,data.entity.kaito_id,kaito-social-spider.kaito_entity_mindshare_timeseries.data.entity.kaito_id,app,field,kaito,kaito-social-spider,kaito-social-spider.kaito_entity_mindshare_timeseries,sha256:f1620ffa32315698b375587fe1c122404db9b82a56c98e66940100518206b35c
Kaito 社交数据,对象名称,对象识别,显示被分析对象的名称，便于人工核对。,例如把同一对象在不同时间的记录对齐，再比较指标变化。,,transformed_test_fixture,https://github.com/cyberight-cap/fewunderstand/blob/23a854c2a02e6b52e424844648d4026737361caa/spider/kaito-social-spider/tests/fixtures/kaito_p0_raw.json,,kaito_entity_mindshare_timeseries,对象关注份额走势,data.entity.name,kaito-social-spider.kaito_entity_mindshare_timeseries.data.entity.name,app,field,kaito,kaito-social-spider,kaito-social-spider.kaito_entity_mindshare_timeseries,sha256:f1620ffa32315698b375587fe1c122404db9b82a56c98e66940100518206b35c
Kaito 社交数据,资产代码,对象识别,保存对象的资产代码，便于与市场数据匹配；同名代码仍需核验。,例如把同一对象在不同时间的记录对齐，再比较指标变化。,PENDLE,transformed_test_fixture,https://github.com/cyberight-cap/fewunderstand/blob/23a854c2a02e6b52e424844648d4026737361caa/spider/kaito-social-spider/tests/fixtures/kaito_p0_raw.json,,kaito_entity_mindshare_timeseries,对象关注份额走势,data.entity.symbol,kaito-social-spider.kaito_entity_mindshare_timeseries.data.entity.symbol,v2,field,kaito,kaito-social-spider,kaito-social-spider.kaito_entity_mindshare_timeseries,sha256:f1620ffa32315698b375587fe1c122404db9b82a56c98e66940100518206b35c
Kaito 社交数据,指标集合,原始或结构数据,装载 Kaito 返回行中提取出的指标；具体有哪些键取决于工具返回。,点开返回样本核对内部键，再决定是否需要提取为独立字段。,"{""timestamp"": ""2026-07-19T00:00:00Z"", ""value"": 0.012, ""mindshare_current"": 0.012, ""engagement"": 0.012}",transformed_test_fixture,https://github.com/cyberight-cap/fewunderstand/blob/23a854c2a02e6b52e424844648d4026737361caa/spider/kaito-social-spider/tests/fixtures/kaito_p0_raw.json,,kaito_entity_mindshare_timeseries,对象关注份额走势,data.metrics,kaito-social-spider.kaito_entity_mindshare_timeseries.data.metrics,app,field,kaito,kaito-social-spider,kaito-social-spider.kaito_entity_mindshare_timeseries,sha256:f1620ffa32315698b375587fe1c122404db9b82a56c98e66940100518206b35c
Kaito 社交数据,看跌指标,衡量指标,保留返回行中的看跌指标；分值口径需由对应工具确认。,例如在“对象关注份额走势”中按对象和时间窗比较这个值；计算前先核对单位与口径。 此指标是否由当前 Kaito 工具返回仍待核对。,,unavailable,,,kaito_entity_mindshare_timeseries,对象关注份额走势,data.metrics.bearish,kaito-social-spider.kaito_entity_mindshare_timeseries.data.metrics.bearish,app,field,kaito,kaito-social-spider,kaito-social-spider.kaito_entity_mindshare_timeseries,sha256:f1620ffa32315698b375587fe1c122404db9b82a56c98e66940100518206b35c
Kaito 社交数据,看涨指标,衡量指标,保留返回行中的看涨指标；分值口径需由对应工具确认。,例如在“对象关注份额走势”中按对象和时间窗比较这个值；计算前先核对单位与口径。 此指标是否由当前 Kaito 工具返回仍待核对。,,unavailable,,,kaito_entity_mindshare_timeseries,对象关注份额走势,data.metrics.bullish,kaito-social-spider.kaito_entity_mindshare_timeseries.data.metrics.bullish,app,field,kaito,kaito-social-spider,kaito-social-spider.kaito_entity_mindshare_timeseries,sha256:f1620ffa32315698b375587fe1c122404db9b82a56c98e66940100518206b35c
Kaito 社交数据,变化量,衡量指标,保留返回行中的变化值；比较前需确认变化的基准。,例如在“对象关注份额走势”中按对象和时间窗比较这个值；计算前先核对单位与口径。 此指标是否由当前 Kaito 工具返回仍待核对。,,unavailable,,,kaito_entity_mindshare_timeseries,对象关注份额走势,data.metrics.change,kaito-social-spider.kaito_entity_mindshare_timeseries.data.metrics.change,app,field,kaito,kaito-social-spider,kaito-social-spider.kaito_entity_mindshare_timeseries,sha256:f1620ffa32315698b375587fe1c122404db9b82a56c98e66940100518206b35c
Kaito 社交数据,当前关注份额,衡量指标,保留当前关注份额；分母和时间窗需由对应工具确认。,例如在“对象关注份额走势”中按对象和时间窗比较这个值；计算前先核对单位与口径。 此指标是否由当前 Kaito 工具返回仍待核对。,,unavailable,,,kaito_entity_mindshare_timeseries,对象关注份额走势,data.metrics.current_mindshare,kaito-social-spider.kaito_entity_mindshare_timeseries.data.metrics.current_mindshare,app,field,kaito,kaito-social-spider,kaito-social-spider.kaito_entity_mindshare_timeseries,sha256:f1620ffa32315698b375587fe1c122404db9b82a56c98e66940100518206b35c
Kaito 社交数据,变化值,衡量指标,保留相对上一窗口的变化值；比较前需确认方向和单位。,例如在“对象关注份额走势”中按对象和时间窗比较这个值；计算前先核对单位与口径。 此指标是否由当前 Kaito 工具返回仍待核对。,,unavailable,,,kaito_entity_mindshare_timeseries,对象关注份额走势,data.metrics.delta,kaito-social-spider.kaito_entity_mindshare_timeseries.data.metrics.delta,app,field,kaito,kaito-social-spider,kaito-social-spider.kaito_entity_mindshare_timeseries,sha256:f1620ffa32315698b375587fe1c122404db9b82a56c98e66940100518206b35c
Kaito 社交数据,绝对变化值,衡量指标,保留绝对变化值；不要与百分比变化混用。,例如在“对象关注份额走势”中按对象和时间窗比较这个值；计算前先核对单位与口径。 此指标是否由当前 Kaito 工具返回仍待核对。,,unavailable,,,kaito_entity_mindshare_timeseries,对象关注份额走势,data.metrics.delta_abs,kaito-social-spider.kaito_entity_mindshare_timeseries.data.metrics.delta_abs,app,field,kaito,kaito-social-spider,kaito-social-spider.kaito_entity_mindshare_timeseries,sha256:f1620ffa32315698b375587fe1c122404db9b82a56c98e66940100518206b35c
Kaito 社交数据,变化百分比,衡量指标,保留百分比变化；需要核对上游使用的是小数还是百分数。,例如在“对象关注份额走势”中按对象和时间窗比较这个值；计算前先核对单位与口径。 此指标是否由当前 Kaito 工具返回仍待核对。,,unavailable,,,kaito_entity_mindshare_timeseries,对象关注份额走势,data.metrics.delta_pct,kaito-social-spider.kaito_entity_mindshare_timeseries.data.metrics.delta_pct,app,field,kaito,kaito-social-spider,kaito-social-spider.kaito_entity_mindshare_timeseries,sha256:f1620ffa32315698b375587fe1c122404db9b82a56c98e66940100518206b35c
Kaito 社交数据,变化方向,记录属性,标记变化属于上升或下降等方向，用于区分增减。,例如先用这个属性筛选可比较的记录，再查看对应的数值或内容。 此指标是否由当前 Kaito 工具返回仍待核对。,,unavailable,,,kaito_entity_mindshare_timeseries,对象关注份额走势,data.metrics.direction,kaito-social-spider.kaito_entity_mindshare_timeseries.data.metrics.direction,app,field,kaito,kaito-social-spider,kaito-social-spider.kaito_entity_mindshare_timeseries,sha256:f1620ffa32315698b375587fe1c122404db9b82a56c98e66940100518206b35c
Kaito 社交数据,互动量,衡量指标,保留返回行的互动量；需核对包含哪些互动行为。,例如统计同一对象在一个窗口内的互动量变化，再对照提及量判断热度来源。 当前工具是否返回此指标仍待核对。,0.012,transformed_test_fixture,https://github.com/cyberight-cap/fewunderstand/blob/23a854c2a02e6b52e424844648d4026737361caa/spider/kaito-social-spider/tests/fixtures/kaito_p0_raw.json,,kaito_entity_mindshare_timeseries,对象关注份额走势,data.metrics.engagement,kaito-social-spider.kaito_entity_mindshare_timeseries.data.metrics.engagement,app,field,kaito,kaito-social-spider,kaito-social-spider.kaito_entity_mindshare_timeseries,sha256:f1620ffa32315698b375587fe1c122404db9b82a56c98e66940100518206b35c
Kaito 社交数据,粉丝数,衡量指标,保留返回行的粉丝数量；需核对统计对象。,例如在“对象关注份额走势”中按对象和时间窗比较这个值；计算前先核对单位与口径。 此指标是否由当前 Kaito 工具返回仍待核对。,,unavailable,,,kaito_entity_mindshare_timeseries,对象关注份额走势,data.metrics.followers,kaito-social-spider.kaito_entity_mindshare_timeseries.data.metrics.followers,app,field,kaito,kaito-social-spider,kaito-social-spider.kaito_entity_mindshare_timeseries,sha256:f1620ffa32315698b375587fe1c122404db9b82a56c98e66940100518206b35c
Kaito 社交数据,点赞数,衡量指标,保留点赞次数，用于观察内容互动。,例如比较同一批帖子中的点赞分布，识别由少数爆款带来的热度。 当前工具是否返回此指标仍待核对。,,unavailable,,,kaito_entity_mindshare_timeseries,对象关注份额走势,data.metrics.likes,kaito-social-spider.kaito_entity_mindshare_timeseries.data.metrics.likes,app,field,kaito,kaito-social-spider,kaito-social-spider.kaito_entity_mindshare_timeseries,sha256:f1620ffa32315698b375587fe1c122404db9b82a56c98e66940100518206b35c
Kaito 社交数据,提及次数,衡量指标,保留提及次数，用于观察讨论量。,例如按天计算项目提及次数，并与过去一周的基线比较。 当前工具是否返回此指标仍待核对。,,unavailable,,,kaito_entity_mindshare_timeseries,对象关注份额走势,data.metrics.mention_count,kaito-social-spider.kaito_entity_mindshare_timeseries.data.metrics.mention_count,app,field,kaito,kaito-social-spider,kaito-social-spider.kaito_entity_mindshare_timeseries,sha256:f1620ffa32315698b375587fe1c122404db9b82a56c98e66940100518206b35c
Kaito 社交数据,提及量,衡量指标,保留提及量，用于观察讨论量。,例如按天观察项目被提及的频率，检查增长是否持续。 当前工具是否返回此指标仍待核对。,,unavailable,,,kaito_entity_mindshare_timeseries,对象关注份额走势,data.metrics.mentions,kaito-social-spider.kaito_entity_mindshare_timeseries.data.metrics.mentions,app,field,kaito,kaito-social-spider,kaito-social-spider.kaito_entity_mindshare_timeseries,sha256:f1620ffa32315698b375587fe1c122404db9b82a56c98e66940100518206b35c
Kaito 社交数据,提及次数,衡量指标,保留提及次数，用于观察讨论量。,例如按天观察项目被提及的频率，检查增长是否持续。 当前工具是否返回此指标仍待核对。,,unavailable,,,kaito_entity_mindshare_timeseries,对象关注份额走势,data.metrics.mentions_count,kaito-social-spider.kaito_entity_mindshare_timeseries.data.metrics.mentions_count,app,field,kaito,kaito-social-spider,kaito-social-spider.kaito_entity_mindshare_timeseries,sha256:f1620ffa32315698b375587fe1c122404db9b82a56c98e66940100518206b35c
Kaito 社交数据,关注份额,衡量指标,保留关注份额；比较前需确认分母、时间窗和来源范围。,例如比较同一来源、同一窗口的关注份额变化，检查项目讨论占比是否持续上升。 当前工具是否返回此指标仍待核对。,,unavailable,,,kaito_entity_mindshare_timeseries,对象关注份额走势,data.metrics.mindshare,kaito-social-spider.kaito_entity_mindshare_timeseries.data.metrics.mindshare,app,field,kaito,kaito-social-spider,kaito-social-spider.kaito_entity_mindshare_timeseries,sha256:f1620ffa32315698b375587fe1c122404db9b82a56c98e66940100518206b35c
Kaito 社交数据,当前关注份额,衡量指标,保留当前关注份额；比较前需确认分母和时间窗。,例如在“对象关注份额走势”中按对象和时间窗比较这个值；计算前先核对单位与口径。 此指标是否由当前 Kaito 工具返回仍待核对。,0.012,transformed_test_fixture,https://github.com/cyberight-cap/fewunderstand/blob/23a854c2a02e6b52e424844648d4026737361caa/spider/kaito-social-spider/tests/fixtures/kaito_p0_raw.json,,kaito_entity_mindshare_timeseries,对象关注份额走势,data.metrics.mindshare_current,kaito-social-spider.kaito_entity_mindshare_timeseries.data.metrics.mindshare_current,app,field,kaito,kaito-social-spider,kaito-social-spider.kaito_entity_mindshare_timeseries,sha256:f1620ffa32315698b375587fe1c122404db9b82a56c98e66940100518206b35c
Kaito 社交数据,关注份额变化,衡量指标,保留关注份额变化；需与相同口径的前期值比较。,例如筛选关注份额上升最快的项目，再检查绝对讨论量，避免小基数误导。 当前工具是否返回此指标仍待核对。,,unavailable,,,kaito_entity_mindshare_timeseries,对象关注份额走势,data.metrics.mindshare_delta,kaito-social-spider.kaito_entity_mindshare_timeseries.data.metrics.mindshare_delta,app,field,kaito,kaito-social-spider,kaito-social-spider.kaito_entity_mindshare_timeseries,sha256:f1620ffa32315698b375587fe1c122404db9b82a56c98e66940100518206b35c
Kaito 社交数据,上期排名,衡量指标,保留上一统计窗口的名次，用于计算排名变化。,例如在“对象关注份额走势”中按对象和时间窗比较这个值；计算前先核对单位与口径。 此指标是否由当前 Kaito 工具返回仍待核对。,,unavailable,,,kaito_entity_mindshare_timeseries,对象关注份额走势,data.metrics.previous_rank,kaito-social-spider.kaito_entity_mindshare_timeseries.data.metrics.previous_rank,app,field,kaito,kaito-social-spider,kaito-social-spider.kaito_entity_mindshare_timeseries,sha256:f1620ffa32315698b375587fe1c122404db9b82a56c98e66940100518206b35c
Kaito 社交数据,引用数,衡量指标,保留引用转发次数，用于观察内容传播。,例如在“对象关注份额走势”中按对象和时间窗比较这个值；计算前先核对单位与口径。 此指标是否由当前 Kaito 工具返回仍待核对。,,unavailable,,,kaito_entity_mindshare_timeseries,对象关注份额走势,data.metrics.quotes,kaito-social-spider.kaito_entity_mindshare_timeseries.data.metrics.quotes,app,field,kaito,kaito-social-spider,kaito-social-spider.kaito_entity_mindshare_timeseries,sha256:f1620ffa32315698b375587fe1c122404db9b82a56c98e66940100518206b35c
Kaito 社交数据,排名,衡量指标,保留当前名次，用于查看对象在同口径榜单中的位置。,例如追踪同一榜单中名次的连续变化，而不是只看单次排名。 当前工具是否返回此指标仍待核对。,,unavailable,,,kaito_entity_mindshare_timeseries,对象关注份额走势,data.metrics.rank,kaito-social-spider.kaito_entity_mindshare_timeseries.data.metrics.rank,app,field,kaito,kaito-social-spider,kaito-social-spider.kaito_entity_mindshare_timeseries,sha256:f1620ffa32315698b375587fe1c122404db9b82a56c98e66940100518206b35c
Kaito 社交数据,排名变化,衡量指标,保留名次变化；需要确认正负号代表的方向。,例如在“对象关注份额走势”中按对象和时间窗比较这个值；计算前先核对单位与口径。 此指标是否由当前 Kaito 工具返回仍待核对。,,unavailable,,,kaito_entity_mindshare_timeseries,对象关注份额走势,data.metrics.rank_change,kaito-social-spider.kaito_entity_mindshare_timeseries.data.metrics.rank_change,app,field,kaito,kaito-social-spider,kaito-social-spider.kaito_entity_mindshare_timeseries,sha256:f1620ffa32315698b375587fe1c122404db9b82a56c98e66940100518206b35c
Kaito 社交数据,回复数,衡量指标,保留回复次数，用于观察讨论参与。,例如在“对象关注份额走势”中按对象和时间窗比较这个值；计算前先核对单位与口径。 此指标是否由当前 Kaito 工具返回仍待核对。,,unavailable,,,kaito_entity_mindshare_timeseries,对象关注份额走势,data.metrics.replies,kaito-social-spider.kaito_entity_mindshare_timeseries.data.metrics.replies,app,field,kaito,kaito-social-spider,kaito-social-spider.kaito_entity_mindshare_timeseries,sha256:f1620ffa32315698b375587fe1c122404db9b82a56c98e66940100518206b35c
Kaito 社交数据,转发数,衡量指标,保留转发次数，用于观察内容传播。,例如在“对象关注份额走势”中按对象和时间窗比较这个值；计算前先核对单位与口径。 此指标是否由当前 Kaito 工具返回仍待核对。,,unavailable,,,kaito_entity_mindshare_timeseries,对象关注份额走势,data.metrics.retweets,kaito-social-spider.kaito_entity_mindshare_timeseries.data.metrics.retweets,app,field,kaito,kaito-social-spider,kaito-social-spider.kaito_entity_mindshare_timeseries,sha256:f1620ffa32315698b375587fe1c122404db9b82a56c98e66940100518206b35c
Kaito 社交数据,评分,衡量指标,保留工具返回的评分；不同工具的评分不能直接混算。,例如在“对象关注份额走势”中按对象和时间窗比较这个值；计算前先核对单位与口径。 此指标是否由当前 Kaito 工具返回仍待核对。,,unavailable,,,kaito_entity_mindshare_timeseries,对象关注份额走势,data.metrics.score,kaito-social-spider.kaito_entity_mindshare_timeseries.data.metrics.score,app,field,kaito,kaito-social-spider,kaito-social-spider.kaito_entity_mindshare_timeseries,sha256:f1620ffa32315698b375587fe1c122404db9b82a56c98e66940100518206b35c
Kaito 社交数据,情绪,衡量指标,保留情绪指标；量纲和正负含义需由对应工具确认。,例如把情绪变化与同一窗口的提及量一起看，避免少量帖子主导判断。 当前工具是否返回此指标仍待核对。,,unavailable,,,kaito_entity_mindshare_timeseries,对象关注份额走势,data.metrics.sentiment,kaito-social-spider.kaito_entity_mindshare_timeseries.data.metrics.sentiment,app,field,kaito,kaito-social-spider,kaito-social-spider.kaito_entity_mindshare_timeseries,sha256:f1620ffa32315698b375587fe1c122404db9b82a56c98e66940100518206b35c
Kaito 社交数据,情绪评分,衡量指标,保留情绪评分；与讨论量一起看更能判断可靠性。,例如把情绪评分与同一窗口的提及量一起看，避免少量帖子主导判断。 当前工具是否返回此指标仍待核对。,,unavailable,,,kaito_entity_mindshare_timeseries,对象关注份额走势,data.metrics.sentiment_score,kaito-social-spider.kaito_entity_mindshare_timeseries.data.metrics.sentiment_score,app,field,kaito,kaito-social-spider,kaito-social-spider.kaito_entity_mindshare_timeseries,sha256:f1620ffa32315698b375587fe1c122404db9b82a56c98e66940100518206b35c
Kaito 社交数据,高关注度账号互动量,衡量指标,保留高关注度账号的互动量；账号认定口径需核对。,例如观察高关注度账号的互动是否先于整体互动增加，作为待验证的早期关注线索。 当前工具是否返回此指标仍待核对。,,unavailable,,,kaito_entity_mindshare_timeseries,对象关注份额走势,data.metrics.smart_engagement,kaito-social-spider.kaito_entity_mindshare_timeseries.data.metrics.smart_engagement,app,field,kaito,kaito-social-spider,kaito-social-spider.kaito_entity_mindshare_timeseries,sha256:f1620ffa32315698b375587fe1c122404db9b82a56c98e66940100518206b35c
Kaito 社交数据,高关注度账号互动占比,衡量指标,保留高关注度账号互动占比；需核对分母。,例如在“对象关注份额走势”中按对象和时间窗比较这个值；计算前先核对单位与口径。 此指标是否由当前 Kaito 工具返回仍待核对。,,unavailable,,,kaito_entity_mindshare_timeseries,对象关注份额走势,data.metrics.smart_engagement_ratio,kaito-social-spider.kaito_entity_mindshare_timeseries.data.metrics.smart_engagement_ratio,app,field,kaito,kaito-social-spider,kaito-social-spider.kaito_entity_mindshare_timeseries,sha256:f1620ffa32315698b375587fe1c122404db9b82a56c98e66940100518206b35c
Kaito 社交数据,高关注度粉丝数,衡量指标,保留高关注度粉丝数；账号认定口径需核对。,例如比较同一账号连续两次的高关注度粉丝数，检查是否出现异常增长。 当前工具是否返回此指标仍待核对。,,unavailable,,,kaito_entity_mindshare_timeseries,对象关注份额走势,data.metrics.smart_followers,kaito-social-spider.kaito_entity_mindshare_timeseries.data.metrics.smart_followers,app,field,kaito,kaito-social-spider,kaito-social-spider.kaito_entity_mindshare_timeseries,sha256:f1620ffa32315698b375587fe1c122404db9b82a56c98e66940100518206b35c
Kaito 社交数据,指标时间,时间定位,标记指标对应的时间点，用于组成时间序列。,例如按同一时间窗分组，并检查记录是否过时。 此指标是否由当前 Kaito 工具返回仍待核对。,2026-07-19T00:00:00Z,transformed_test_fixture,https://github.com/cyberight-cap/fewunderstand/blob/23a854c2a02e6b52e424844648d4026737361caa/spider/kaito-social-spider/tests/fixtures/kaito_p0_raw.json,,kaito_entity_mindshare_timeseries,对象关注份额走势,data.metrics.timestamp,kaito-social-spider.kaito_entity_mindshare_timeseries.data.metrics.timestamp,app,field,kaito,kaito-social-spider,kaito-social-spider.kaito_entity_mindshare_timeseries,sha256:f1620ffa32315698b375587fe1c122404db9b82a56c98e66940100518206b35c
Kaito 社交数据,总互动量,衡量指标,保留总互动量，用于观察讨论热度。,例如与提及次数一起比较，区分少数高互动内容和广泛讨论。 当前工具是否返回此指标仍待核对。,,unavailable,,,kaito_entity_mindshare_timeseries,对象关注份额走势,data.metrics.total_engagement,kaito-social-spider.kaito_entity_mindshare_timeseries.data.metrics.total_engagement,app,field,kaito,kaito-social-spider,kaito-social-spider.kaito_entity_mindshare_timeseries,sha256:f1620ffa32315698b375587fe1c122404db9b82a56c98e66940100518206b35c
Kaito 社交数据,指标值,衡量指标,保留时间序列或指标行的数值；含义取决于对应工具。,例如在“对象关注份额走势”中按对象和时间窗比较这个值；计算前先核对单位与口径。 此指标是否由当前 Kaito 工具返回仍待核对。,0.012,transformed_test_fixture,https://github.com/cyberight-cap/fewunderstand/blob/23a854c2a02e6b52e424844648d4026737361caa/spider/kaito-social-spider/tests/fixtures/kaito_p0_raw.json,,kaito_entity_mindshare_timeseries,对象关注份额走势,data.metrics.value,kaito-social-spider.kaito_entity_mindshare_timeseries.data.metrics.value,app,field,kaito,kaito-social-spider,kaito-social-spider.kaito_entity_mindshare_timeseries,sha256:f1620ffa32315698b375587fe1c122404db9b82a56c98e66940100518206b35c
Kaito 社交数据,浏览量,衡量指标,保留浏览次数，用于观察内容曝光。,例如用浏览量作曝光参考，再看互动量是否同步增长。 当前工具是否返回此指标仍待核对。,,unavailable,,,kaito_entity_mindshare_timeseries,对象关注份额走势,data.metrics.views,kaito-social-spider.kaito_entity_mindshare_timeseries.data.metrics.views,app,field,kaito,kaito-social-spider,kaito-social-spider.kaito_entity_mindshare_timeseries,sha256:f1620ffa32315698b375587fe1c122404db9b82a56c98e66940100518206b35c
Kaito 社交数据,平台,记录属性,标记内容所在的平台，便于区分来源渠道。,例如先用这个属性筛选可比较的记录，再查看对应的数值或内容。,kaito,transformed_test_fixture,https://github.com/cyberight-cap/fewunderstand/blob/23a854c2a02e6b52e424844648d4026737361caa/spider/kaito-social-spider/tests/fixtures/kaito_p0_raw.json,,kaito_entity_mindshare_timeseries,对象关注份额走势,data.platform,kaito-social-spider.kaito_entity_mindshare_timeseries.data.platform,app,field,kaito,kaito-social-spider,kaito-social-spider.kaito_entity_mindshare_timeseries,sha256:f1620ffa32315698b375587fe1c122404db9b82a56c98e66940100518206b35c
Kaito 社交数据,原始数据,原始或结构数据,保留该 Kaito 记录对应的原始返回行，用于回查未提取的键。,点开返回样本核对内部键，再决定是否需要提取为独立字段。,"{""entity_id"": ""pendle"", ""symbol"": ""PENDLE"", ""timestamp"": ""2026-07-19T00:00:00Z"", ""value"": 0.012}",transformed_test_fixture,https://github.com/cyberight-cap/fewunderstand/blob/23a854c2a02e6b52e424844648d4026737361caa/spider/kaito-social-spider/tests/fixtures/kaito_p0_raw.json,,kaito_entity_mindshare_timeseries,对象关注份额走势,data.raw,kaito-social-spider.kaito_entity_mindshare_timeseries.data.raw,app,field,kaito,kaito-social-spider,kaito-social-spider.kaito_entity_mindshare_timeseries,sha256:f1620ffa32315698b375587fe1c122404db9b82a56c98e66940100518206b35c
Kaito 社交数据,记录类型,来源与溯源,标记转换后的 Kaito 记录类型，便于选择正确的处理规则。,例如排查一条指标的来源或重复记录时，用它回到原始查询和处理链。,kaito_entity_mindshare_timeseries,transformed_test_fixture,https://github.com/cyberight-cap/fewunderstand/blob/23a854c2a02e6b52e424844648d4026737361caa/spider/kaito-social-spider/tests/fixtures/kaito_p0_raw.json,,kaito_entity_mindshare_timeseries,对象关注份额走势,data.record_type,kaito-social-spider.kaito_entity_mindshare_timeseries.data.record_type,v2,field,kaito,kaito-social-spider,kaito-social-spider.kaito_entity_mindshare_timeseries,sha256:f1620ffa32315698b375587fe1c122404db9b82a56c98e66940100518206b35c
Kaito 社交数据,请求信息,原始或结构数据,保存调用 Kaito 工具的请求元信息，用于核对查询条件。,点开返回样本核对内部键，再决定是否需要提取为独立字段。,"{""tool"": ""kaito_mindshare_entity"", ""params_hash"": ""222c409f6e54f754"", ""window_start"": null, ""window_end"": null, ""window"": ""30d""}",transformed_test_fixture,https://github.com/cyberight-cap/fewunderstand/blob/23a854c2a02e6b52e424844648d4026737361caa/spider/kaito-social-spider/tests/fixtures/kaito_p0_raw.json,,kaito_entity_mindshare_timeseries,对象关注份额走势,data.request,kaito-social-spider.kaito_entity_mindshare_timeseries.data.request,app,field,kaito,kaito-social-spider,kaito-social-spider.kaito_entity_mindshare_timeseries,sha256:f1620ffa32315698b375587fe1c122404db9b82a56c98e66940100518206b35c
Kaito 社交数据,请求参数摘要,来源与溯源,保存脱敏后的请求参数摘要，用于识别同一次查询条件。,例如排查一条指标的来源或重复记录时，用它回到原始查询和处理链。,222c409f6e54f754,transformed_test_fixture,https://github.com/cyberight-cap/fewunderstand/blob/23a854c2a02e6b52e424844648d4026737361caa/spider/kaito-social-spider/tests/fixtures/kaito_p0_raw.json,,kaito_entity_mindshare_timeseries,对象关注份额走势,data.request.params_hash,kaito-social-spider.kaito_entity_mindshare_timeseries.data.request.params_hash,app,field,kaito,kaito-social-spider,kaito-social-spider.kaito_entity_mindshare_timeseries,sha256:f1620ffa32315698b375587fe1c122404db9b82a56c98e66940100518206b35c
Kaito 社交数据,请求工具,来源与溯源,指出产生这条记录的 Kaito 工具，用于核对指标口径。,例如排查一条指标的来源或重复记录时，用它回到原始查询和处理链。,kaito_mindshare_entity,transformed_test_fixture,https://github.com/cyberight-cap/fewunderstand/blob/23a854c2a02e6b52e424844648d4026737361caa/spider/kaito-social-spider/tests/fixtures/kaito_p0_raw.json,,kaito_entity_mindshare_timeseries,对象关注份额走势,data.request.tool,kaito-social-spider.kaito_entity_mindshare_timeseries.data.request.tool,app,field,kaito,kaito-social-spider,kaito-social-spider.kaito_entity_mindshare_timeseries,sha256:f1620ffa32315698b375587fe1c122404db9b82a56c98e66940100518206b35c
Kaito 社交数据,请求时间窗口,来源与溯源,记录请求时使用的时间窗口，用于比较同口径数据。,例如排查一条指标的来源或重复记录时，用它回到原始查询和处理链。,30d,transformed_test_fixture,https://github.com/cyberight-cap/fewunderstand/blob/23a854c2a02e6b52e424844648d4026737361caa/spider/kaito-social-spider/tests/fixtures/kaito_p0_raw.json,,kaito_entity_mindshare_timeseries,对象关注份额走势,data.request.window,kaito-social-spider.kaito_entity_mindshare_timeseries.data.request.window,app,field,kaito,kaito-social-spider,kaito-social-spider.kaito_entity_mindshare_timeseries,sha256:f1620ffa32315698b375587fe1c122404db9b82a56c98e66940100518206b35c
Kaito 社交数据,请求窗口结束,来源与溯源,记录请求窗口的结束时间，用于界定统计区间。,例如排查一条指标的来源或重复记录时，用它回到原始查询和处理链。,,transformed_test_fixture,https://github.com/cyberight-cap/fewunderstand/blob/23a854c2a02e6b52e424844648d4026737361caa/spider/kaito-social-spider/tests/fixtures/kaito_p0_raw.json,,kaito_entity_mindshare_timeseries,对象关注份额走势,data.request.window_end,kaito-social-spider.kaito_entity_mindshare_timeseries.data.request.window_end,app,field,kaito,kaito-social-spider,kaito-social-spider.kaito_entity_mindshare_timeseries,sha256:f1620ffa32315698b375587fe1c122404db9b82a56c98e66940100518206b35c
Kaito 社交数据,请求窗口开始,来源与溯源,记录请求窗口的开始时间，用于界定统计区间。,例如排查一条指标的来源或重复记录时，用它回到原始查询和处理链。,,transformed_test_fixture,https://github.com/cyberight-cap/fewunderstand/blob/23a854c2a02e6b52e424844648d4026737361caa/spider/kaito-social-spider/tests/fixtures/kaito_p0_raw.json,,kaito_entity_mindshare_timeseries,对象关注份额走势,data.request.window_start,kaito-social-spider.kaito_entity_mindshare_timeseries.data.request.window_start,app,field,kaito,kaito-social-spider,kaito-social-spider.kaito_entity_mindshare_timeseries,sha256:f1620ffa32315698b375587fe1c122404db9b82a56c98e66940100518206b35c
Kaito 社交数据,统计窗口,时间定位,保存记录对应的统计窗口，用于避免混合不同时间跨度。,例如按同一时间窗分组，并检查记录是否过时。,30d,transformed_test_fixture,https://github.com/cyberight-cap/fewunderstand/blob/23a854c2a02e6b52e424844648d4026737361caa/spider/kaito-social-spider/tests/fixtures/kaito_p0_raw.json,,kaito_entity_mindshare_timeseries,对象关注份额走势,data.window,kaito-social-spider.kaito_entity_mindshare_timeseries.data.window,app,field,kaito,kaito-social-spider,kaito-social-spider.kaito_entity_mindshare_timeseries,sha256:f1620ffa32315698b375587fe1c122404db9b82a56c98e66940100518206b35c
Kaito 社交数据,处理溯源,来源与溯源,保存处理链路元信息，用于追查记录如何产生。,例如排查一条指标的来源或重复记录时，用它回到原始查询和处理链。,"{""event_id"": ""evt:3bfad320ced7b61bc47f5a3db3b558bb"", ""trace_id"": ""evt:3bfad320ced7b61bc47f5a3db3b558bb"", ""parent_event_ids"": [], ""source_event_id"": null, ""record_type"": ""kaito_entity_mindshare_timeseries"", ""schema_version"": ""pipeline-lineage/v1"", ""producer"": ""kaito-social-spider"", ""processing_stage"": ""ingest"", ""observed_at"": ""2026-07-19T00:00:00Z"", ""processed_at"": ""2026-07-19T00:00:00Z"", ""source_topic"": null, ""source_partition"": null, ""source_offset"": null, ""asset_id"": null}",transformed_test_fixture,https://github.com/cyberight-cap/fewunderstand/blob/23a854c2a02e6b52e424844648d4026737361caa/spider/kaito-social-spider/tests/fixtures/kaito_p0_raw.json,,kaito_entity_mindshare_timeseries,对象关注份额走势,lineage,kaito-social-spider.kaito_entity_mindshare_timeseries.lineage,app,field,kaito,kaito-social-spider,kaito-social-spider.kaito_entity_mindshare_timeseries,sha256:f1620ffa32315698b375587fe1c122404db9b82a56c98e66940100518206b35c
Kaito 社交数据,资产 ID,来源与溯源,保存解析后的内部资产 ID；未完成资产绑定时可能为空。,例如排查一条指标的来源或重复记录时，用它回到原始查询和处理链。,,transformed_test_fixture,https://github.com/cyberight-cap/fewunderstand/blob/23a854c2a02e6b52e424844648d4026737361caa/spider/kaito-social-spider/tests/fixtures/kaito_p0_raw.json,,kaito_entity_mindshare_timeseries,对象关注份额走势,lineage.asset_id,kaito-social-spider.kaito_entity_mindshare_timeseries.lineage.asset_id,app,field,kaito,kaito-social-spider,kaito-social-spider.kaito_entity_mindshare_timeseries,sha256:f1620ffa32315698b375587fe1c122404db9b82a56c98e66940100518206b35c
Kaito 社交数据,事件 ID,来源与溯源,稳定识别这条事件，用于追踪后续计算与结果。,例如排查一条指标的来源或重复记录时，用它回到原始查询和处理链。,evt:3bfad320ced7b61bc47f5a3db3b558bb,transformed_test_fixture,https://github.com/cyberight-cap/fewunderstand/blob/23a854c2a02e6b52e424844648d4026737361caa/spider/kaito-social-spider/tests/fixtures/kaito_p0_raw.json,,kaito_entity_mindshare_timeseries,对象关注份额走势,lineage.event_id,kaito-social-spider.kaito_entity_mindshare_timeseries.lineage.event_id,app,field,kaito,kaito-social-spider,kaito-social-spider.kaito_entity_mindshare_timeseries,sha256:f1620ffa32315698b375587fe1c122404db9b82a56c98e66940100518206b35c
Kaito 社交数据,观察时间,来源与溯源,记录事实被观察的时间，用于确认原始数据时效。,例如排查一条指标的来源或重复记录时，用它回到原始查询和处理链。,2026-07-19T00:00:00Z,transformed_test_fixture,https://github.com/cyberight-cap/fewunderstand/blob/23a854c2a02e6b52e424844648d4026737361caa/spider/kaito-social-spider/tests/fixtures/kaito_p0_raw.json,,kaito_entity_mindshare_timeseries,对象关注份额走势,lineage.observed_at,kaito-social-spider.kaito_entity_mindshare_timeseries.lineage.observed_at,app,field,kaito,kaito-social-spider,kaito-social-spider.kaito_entity_mindshare_timeseries,sha256:f1620ffa32315698b375587fe1c122404db9b82a56c98e66940100518206b35c
Kaito 社交数据,上游事件 ID,来源与溯源,保存上游事件 ID，用于追溯派生结果的输入。,例如排查一条指标的来源或重复记录时，用它回到原始查询和处理链。,[],transformed_test_fixture,https://github.com/cyberight-cap/fewunderstand/blob/23a854c2a02e6b52e424844648d4026737361caa/spider/kaito-social-spider/tests/fixtures/kaito_p0_raw.json,,kaito_entity_mindshare_timeseries,对象关注份额走势,lineage.parent_event_ids,kaito-social-spider.kaito_entity_mindshare_timeseries.lineage.parent_event_ids,app,field,kaito,kaito-social-spider,kaito-social-spider.kaito_entity_mindshare_timeseries,sha256:f1620ffa32315698b375587fe1c122404db9b82a56c98e66940100518206b35c
Kaito 社交数据,处理时间,来源与溯源,记录处理程序生成消息的时间，用于定位处理延迟。,例如排查一条指标的来源或重复记录时，用它回到原始查询和处理链。,2026-07-19T00:00:00Z,transformed_test_fixture,https://github.com/cyberight-cap/fewunderstand/blob/23a854c2a02e6b52e424844648d4026737361caa/spider/kaito-social-spider/tests/fixtures/kaito_p0_raw.json,,kaito_entity_mindshare_timeseries,对象关注份额走势,lineage.processed_at,kaito-social-spider.kaito_entity_mindshare_timeseries.lineage.processed_at,app,field,kaito,kaito-social-spider,kaito-social-spider.kaito_entity_mindshare_timeseries,sha256:f1620ffa32315698b375587fe1c122404db9b82a56c98e66940100518206b35c
Kaito 社交数据,处理阶段,来源与溯源,标记当前处理阶段，用于区分采集与后续加工。,例如排查一条指标的来源或重复记录时，用它回到原始查询和处理链。,ingest,transformed_test_fixture,https://github.com/cyberight-cap/fewunderstand/blob/23a854c2a02e6b52e424844648d4026737361caa/spider/kaito-social-spider/tests/fixtures/kaito_p0_raw.json,,kaito_entity_mindshare_timeseries,对象关注份额走势,lineage.processing_stage,kaito-social-spider.kaito_entity_mindshare_timeseries.lineage.processing_stage,app,field,kaito,kaito-social-spider,kaito-social-spider.kaito_entity_mindshare_timeseries,sha256:f1620ffa32315698b375587fe1c122404db9b82a56c98e66940100518206b35c
Kaito 社交数据,生产程序,来源与溯源,标记生成这条消息的程序，用于核对生产来源。,例如排查一条指标的来源或重复记录时，用它回到原始查询和处理链。,kaito-social-spider,transformed_test_fixture,https://github.com/cyberight-cap/fewunderstand/blob/23a854c2a02e6b52e424844648d4026737361caa/spider/kaito-social-spider/tests/fixtures/kaito_p0_raw.json,,kaito_entity_mindshare_timeseries,对象关注份额走势,lineage.producer,kaito-social-spider.kaito_entity_mindshare_timeseries.lineage.producer,app,field,kaito,kaito-social-spider,kaito-social-spider.kaito_entity_mindshare_timeseries,sha256:f1620ffa32315698b375587fe1c122404db9b82a56c98e66940100518206b35c
Kaito 社交数据,溯源记录类型,来源与溯源,标记溯源信封里的记录类型，用于验证处理链路。,例如排查一条指标的来源或重复记录时，用它回到原始查询和处理链。,kaito_entity_mindshare_timeseries,transformed_test_fixture,https://github.com/cyberight-cap/fewunderstand/blob/23a854c2a02e6b52e424844648d4026737361caa/spider/kaito-social-spider/tests/fixtures/kaito_p0_raw.json,,kaito_entity_mindshare_timeseries,对象关注份额走势,lineage.record_type,kaito-social-spider.kaito_entity_mindshare_timeseries.lineage.record_type,app,field,kaito,kaito-social-spider,kaito-social-spider.kaito_entity_mindshare_timeseries,sha256:f1620ffa32315698b375587fe1c122404db9b82a56c98e66940100518206b35c
Kaito 社交数据,结构版本,来源与溯源,标记消息结构版本，用于兼容不同版本的处理代码。,例如排查一条指标的来源或重复记录时，用它回到原始查询和处理链。,pipeline-lineage/v1,transformed_test_fixture,https://github.com/cyberight-cap/fewunderstand/blob/23a854c2a02e6b52e424844648d4026737361caa/spider/kaito-social-spider/tests/fixtures/kaito_p0_raw.json,,kaito_entity_mindshare_timeseries,对象关注份额走势,lineage.schema_version,kaito-social-spider.kaito_entity_mindshare_timeseries.lineage.schema_version,app,field,kaito,kaito-social-spider,kaito-social-spider.kaito_entity_mindshare_timeseries,sha256:f1620ffa32315698b375587fe1c122404db9b82a56c98e66940100518206b35c
Kaito 社交数据,来源事件 ID,来源与溯源,保存来源系统的事件 ID，用于跨系统回查。,例如排查一条指标的来源或重复记录时，用它回到原始查询和处理链。,,transformed_test_fixture,https://github.com/cyberight-cap/fewunderstand/blob/23a854c2a02e6b52e424844648d4026737361caa/spider/kaito-social-spider/tests/fixtures/kaito_p0_raw.json,,kaito_entity_mindshare_timeseries,对象关注份额走势,lineage.source_event_id,kaito-social-spider.kaito_entity_mindshare_timeseries.lineage.source_event_id,app,field,kaito,kaito-social-spider,kaito-social-spider.kaito_entity_mindshare_timeseries,sha256:f1620ffa32315698b375587fe1c122404db9b82a56c98e66940100518206b35c
Kaito 社交数据,来源偏移量,来源与溯源,保存来源消息偏移量，用于定位消息流位置。,例如排查一条指标的来源或重复记录时，用它回到原始查询和处理链。,,transformed_test_fixture,https://github.com/cyberight-cap/fewunderstand/blob/23a854c2a02e6b52e424844648d4026737361caa/spider/kaito-social-spider/tests/fixtures/kaito_p0_raw.json,,kaito_entity_mindshare_timeseries,对象关注份额走势,lineage.source_offset,kaito-social-spider.kaito_entity_mindshare_timeseries.lineage.source_offset,app,field,kaito,kaito-social-spider,kaito-social-spider.kaito_entity_mindshare_timeseries,sha256:f1620ffa32315698b375587fe1c122404db9b82a56c98e66940100518206b35c
Kaito 社交数据,来源分区,来源与溯源,保存来源消息分区，用于定位消息流位置。,例如排查一条指标的来源或重复记录时，用它回到原始查询和处理链。,,transformed_test_fixture,https://github.com/cyberight-cap/fewunderstand/blob/23a854c2a02e6b52e424844648d4026737361caa/spider/kaito-social-spider/tests/fixtures/kaito_p0_raw.json,,kaito_entity_mindshare_timeseries,对象关注份额走势,lineage.source_partition,kaito-social-spider.kaito_entity_mindshare_timeseries.lineage.source_partition,app,field,kaito,kaito-social-spider,kaito-social-spider.kaito_entity_mindshare_timeseries,sha256:f1620ffa32315698b375587fe1c122404db9b82a56c98e66940100518206b35c
Kaito 社交数据,来源主题,来源与溯源,保存来源主题名称，用于定位消息流位置。,例如排查一条指标的来源或重复记录时，用它回到原始查询和处理链。,,transformed_test_fixture,https://github.com/cyberight-cap/fewunderstand/blob/23a854c2a02e6b52e424844648d4026737361caa/spider/kaito-social-spider/tests/fixtures/kaito_p0_raw.json,,kaito_entity_mindshare_timeseries,对象关注份额走势,lineage.source_topic,kaito-social-spider.kaito_entity_mindshare_timeseries.lineage.source_topic,app,field,kaito,kaito-social-spider,kaito-social-spider.kaito_entity_mindshare_timeseries,sha256:f1620ffa32315698b375587fe1c122404db9b82a56c98e66940100518206b35c
Kaito 社交数据,追踪 ID,来源与溯源,关联同一处理链路上的事件，用于端到端追踪。,例如排查一条指标的来源或重复记录时，用它回到原始查询和处理链。,evt:3bfad320ced7b61bc47f5a3db3b558bb,transformed_test_fixture,https://github.com/cyberight-cap/fewunderstand/blob/23a854c2a02e6b52e424844648d4026737361caa/spider/kaito-social-spider/tests/fixtures/kaito_p0_raw.json,,kaito_entity_mindshare_timeseries,对象关注份额走势,lineage.trace_id,kaito-social-spider.kaito_entity_mindshare_timeseries.lineage.trace_id,app,field,kaito,kaito-social-spider,kaito-social-spider.kaito_entity_mindshare_timeseries,sha256:f1620ffa32315698b375587fe1c122404db9b82a56c98e66940100518206b35c
Kaito 社交数据,原始文本,内容理解,保留内容的原始文本，用于回查清洗前的信息。,例如筛选与目标项目相关的内容，再点回原文人工核查。,,unavailable,,,kaito_entity_mindshare_timeseries,对象关注份额走势,raw_text,kaito-social-spider.kaito_entity_mindshare_timeseries.raw_text,app,field,kaito,kaito-social-spider,kaito-social-spider.kaito_entity_mindshare_timeseries,sha256:f1620ffa32315698b375587fe1c122404db9b82a56c98e66940100518206b35c
Kaito 社交数据,来源,来源与溯源,标记这条记录的来源，用于筛选和核对数据出处。,例如排查一条指标的来源或重复记录时，用它回到原始查询和处理链。,kaito,transformed_test_fixture,https://github.com/cyberight-cap/fewunderstand/blob/23a854c2a02e6b52e424844648d4026737361caa/spider/kaito-social-spider/tests/fixtures/kaito_p0_raw.json,,kaito_entity_mindshare_timeseries,对象关注份额走势,source,kaito-social-spider.kaito_entity_mindshare_timeseries.source,app,field,kaito,kaito-social-spider,kaito-social-spider.kaito_entity_mindshare_timeseries,sha256:f1620ffa32315698b375587fe1c122404db9b82a56c98e66940100518206b35c
Kaito 社交数据,正文,内容理解,保存消息或帖子的正文，用于关键词、主题和事件分析。,例如查找项目名或事件关键词，并结合消息时间和来源做人工核对。,,unavailable,,,kaito_entity_mindshare_timeseries,对象关注份额走势,text,kaito-social-spider.kaito_entity_mindshare_timeseries.text,app,field,kaito,kaito-social-spider,kaito-social-spider.kaito_entity_mindshare_timeseries,sha256:f1620ffa32315698b375587fe1c122404db9b82a56c98e66940100518206b35c
Kaito 社交数据,记录时间,时间定位,记录该数据对应的时间点，用于排序或时间窗聚合。,例如按同一时间窗分组，并检查记录是否过时。,2026-07-19T00:00:00Z,transformed_test_fixture,https://github.com/cyberight-cap/fewunderstand/blob/23a854c2a02e6b52e424844648d4026737361caa/spider/kaito-social-spider/tests/fixtures/kaito_p0_raw.json,,kaito_entity_mindshare_timeseries,对象关注份额走势,timestamp,kaito-social-spider.kaito_entity_mindshare_timeseries.timestamp,app,field,kaito,kaito-social-spider,kaito-social-spider.kaito_entity_mindshare_timeseries,sha256:f1620ffa32315698b375587fe1c122404db9b82a56c98e66940100518206b35c
Kaito 社交数据,标题,内容理解,保存内容标题，用于快速判断主题。,例如先用标题筛选相关内容，再用正文或原文链接验证。,,unavailable,,,kaito_entity_mindshare_timeseries,对象关注份额走势,title,kaito-social-spider.kaito_entity_mindshare_timeseries.title,app,field,kaito,kaito-social-spider,kaito-social-spider.kaito_entity_mindshare_timeseries,sha256:f1620ffa32315698b375587fe1c122404db9b82a56c98e66940100518206b35c
Kaito 社交数据,链接地址,对象识别,保存内容原文地址，用于回查和去重。,例如把同一对象在不同时间的记录对齐，再比较指标变化。,,unavailable,,,kaito_entity_mindshare_timeseries,对象关注份额走势,url,kaito-social-spider.kaito_entity_mindshare_timeseries.url,app,field,kaito,kaito-social-spider,kaito-social-spider.kaito_entity_mindshare_timeseries,sha256:f1620ffa32315698b375587fe1c122404db9b82a56c98e66940100518206b35c
Kaito 社交数据,对象资料,记录类型,这类记录包含下列可展开的字段定义。,先选择记录类型，再查看字段用途与返回样本。,,unavailable,,,kaito_entity_reference,对象资料,kaito_entity_reference,kaito-social-spider.kaito_entity_reference,app,record_type,kaito,kaito-social-spider,kaito-social-spider.kaito_entity_reference,sha256:f1620ffa32315698b375587fe1c122404db9b82a56c98e66940100518206b35c
Kaito 社交数据,作者,内容理解,指出内容的作者，便于按发布者汇总或回到原帖。,例如筛选与目标项目相关的内容，再点回原文人工核查。,,unavailable,,,kaito_entity_reference,对象资料,author,kaito-social-spider.kaito_entity_reference.author,app,field,kaito,kaito-social-spider,kaito-social-spider.kaito_entity_reference,sha256:f1620ffa32315698b375587fe1c122404db9b82a56c98e66940100518206b35c
Kaito 社交数据,数据对象,原始或结构数据,装载这一类记录的主要业务数据；应继续展开具体子字段。,点开返回样本核对内部键，再决定是否需要提取为独立字段。,"{""platform"": ""kaito"", ""content_type"": ""social_intelligence"", ""record_type"": ""kaito_entity_reference"", ""entity"": {""kaito_id"": ""pendle"", ""symbol"": ""PENDLE"", ""name"": ""Pendle"", ""coingecko_slug"": ""pendle""}, ""window"": null, ""metrics"": {}, ""request"": {""tool"": ""kaito_entities"", ""params_hash"": ""59676b023081bf7f"", ""window_start"": null, ""window_end"": null}, ""raw"": {""entity_id"": ""pendle"", ""symbol"": ""PENDLE"", ""name"": ""Pendle"", ""coingecko_id"": ""pendle""}}",transformed_test_fixture,https://github.com/cyberight-cap/fewunderstand/blob/23a854c2a02e6b52e424844648d4026737361caa/spider/kaito-social-spider/tests/fixtures/kaito_p0_raw.json,,kaito_entity_reference,对象资料,data,kaito-social-spider.kaito_entity_reference.data,app,field,kaito,kaito-social-spider,kaito-social-spider.kaito_entity_reference,sha256:f1620ffa32315698b375587fe1c122404db9b82a56c98e66940100518206b35c
Kaito 社交数据,内容类型,记录属性,说明 Kaito 记录的内容类别，便于区分不同内容。,例如先用这个属性筛选可比较的记录，再查看对应的数值或内容。,social_intelligence,transformed_test_fixture,https://github.com/cyberight-cap/fewunderstand/blob/23a854c2a02e6b52e424844648d4026737361caa/spider/kaito-social-spider/tests/fixtures/kaito_p0_raw.json,,kaito_entity_reference,对象资料,data.content_type,kaito-social-spider.kaito_entity_reference.data.content_type,app,field,kaito,kaito-social-spider,kaito-social-spider.kaito_entity_reference,sha256:f1620ffa32315698b375587fe1c122404db9b82a56c98e66940100518206b35c
Kaito 社交数据,对象信息,原始或结构数据,保存被分析对象的身份信息，用于关联同一项目或资产。,点开返回样本核对内部键，再决定是否需要提取为独立字段。,"{""kaito_id"": ""pendle"", ""symbol"": ""PENDLE"", ""name"": ""Pendle"", ""coingecko_slug"": ""pendle""}",transformed_test_fixture,https://github.com/cyberight-cap/fewunderstand/blob/23a854c2a02e6b52e424844648d4026737361caa/spider/kaito-social-spider/tests/fixtures/kaito_p0_raw.json,,kaito_entity_reference,对象资料,data.entity,kaito-social-spider.kaito_entity_reference.data.entity,app,field,kaito,kaito-social-spider,kaito-social-spider.kaito_entity_reference,sha256:f1620ffa32315698b375587fe1c122404db9b82a56c98e66940100518206b35c
Kaito 社交数据,CoinGecko 标识,对象识别,保存 CoinGecko 的对象标识，便于跨来源对齐同一资产。,例如把同一对象在不同时间的记录对齐，再比较指标变化。,pendle,transformed_test_fixture,https://github.com/cyberight-cap/fewunderstand/blob/23a854c2a02e6b52e424844648d4026737361caa/spider/kaito-social-spider/tests/fixtures/kaito_p0_raw.json,,kaito_entity_reference,对象资料,data.entity.coingecko_slug,kaito-social-spider.kaito_entity_reference.data.entity.coingecko_slug,app,field,kaito,kaito-social-spider,kaito-social-spider.kaito_entity_reference,sha256:f1620ffa32315698b375587fe1c122404db9b82a56c98e66940100518206b35c
Kaito 社交数据,Kaito ID,对象识别,保存 Kaito 的对象标识，便于合并同一对象的多条记录。,例如把同一对象在不同时间的记录对齐，再比较指标变化。,pendle,transformed_test_fixture,https://github.com/cyberight-cap/fewunderstand/blob/23a854c2a02e6b52e424844648d4026737361caa/spider/kaito-social-spider/tests/fixtures/kaito_p0_raw.json,,kaito_entity_reference,对象资料,data.entity.kaito_id,kaito-social-spider.kaito_entity_reference.data.entity.kaito_id,app,field,kaito,kaito-social-spider,kaito-social-spider.kaito_entity_reference,sha256:f1620ffa32315698b375587fe1c122404db9b82a56c98e66940100518206b35c
Kaito 社交数据,对象名称,对象识别,显示被分析对象的名称，便于人工核对。,例如把同一对象在不同时间的记录对齐，再比较指标变化。,Pendle,transformed_test_fixture,https://github.com/cyberight-cap/fewunderstand/blob/23a854c2a02e6b52e424844648d4026737361caa/spider/kaito-social-spider/tests/fixtures/kaito_p0_raw.json,,kaito_entity_reference,对象资料,data.entity.name,kaito-social-spider.kaito_entity_reference.data.entity.name,app,field,kaito,kaito-social-spider,kaito-social-spider.kaito_entity_reference,sha256:f1620ffa32315698b375587fe1c122404db9b82a56c98e66940100518206b35c
Kaito 社交数据,资产代码,对象识别,保存对象的资产代码，便于与市场数据匹配；同名代码仍需核验。,例如把同一对象在不同时间的记录对齐，再比较指标变化。,PENDLE,transformed_test_fixture,https://github.com/cyberight-cap/fewunderstand/blob/23a854c2a02e6b52e424844648d4026737361caa/spider/kaito-social-spider/tests/fixtures/kaito_p0_raw.json,,kaito_entity_reference,对象资料,data.entity.symbol,kaito-social-spider.kaito_entity_reference.data.entity.symbol,v2,field,kaito,kaito-social-spider,kaito-social-spider.kaito_entity_reference,sha256:f1620ffa32315698b375587fe1c122404db9b82a56c98e66940100518206b35c
Kaito 社交数据,指标集合,原始或结构数据,装载 Kaito 返回行中提取出的指标；具体有哪些键取决于工具返回。,点开返回样本核对内部键，再决定是否需要提取为独立字段。,{},transformed_test_fixture,https://github.com/cyberight-cap/fewunderstand/blob/23a854c2a02e6b52e424844648d4026737361caa/spider/kaito-social-spider/tests/fixtures/kaito_p0_raw.json,,kaito_entity_reference,对象资料,data.metrics,kaito-social-spider.kaito_entity_reference.data.metrics,app,field,kaito,kaito-social-spider,kaito-social-spider.kaito_entity_reference,sha256:f1620ffa32315698b375587fe1c122404db9b82a56c98e66940100518206b35c
Kaito 社交数据,看跌指标,衡量指标,保留返回行中的看跌指标；分值口径需由对应工具确认。,例如在“对象资料”中按对象和时间窗比较这个值；计算前先核对单位与口径。 此指标是否由当前 Kaito 工具返回仍待核对。,,unavailable,,,kaito_entity_reference,对象资料,data.metrics.bearish,kaito-social-spider.kaito_entity_reference.data.metrics.bearish,app,field,kaito,kaito-social-spider,kaito-social-spider.kaito_entity_reference,sha256:f1620ffa32315698b375587fe1c122404db9b82a56c98e66940100518206b35c
Kaito 社交数据,看涨指标,衡量指标,保留返回行中的看涨指标；分值口径需由对应工具确认。,例如在“对象资料”中按对象和时间窗比较这个值；计算前先核对单位与口径。 此指标是否由当前 Kaito 工具返回仍待核对。,,unavailable,,,kaito_entity_reference,对象资料,data.metrics.bullish,kaito-social-spider.kaito_entity_reference.data.metrics.bullish,app,field,kaito,kaito-social-spider,kaito-social-spider.kaito_entity_reference,sha256:f1620ffa32315698b375587fe1c122404db9b82a56c98e66940100518206b35c
Kaito 社交数据,变化量,衡量指标,保留返回行中的变化值；比较前需确认变化的基准。,例如在“对象资料”中按对象和时间窗比较这个值；计算前先核对单位与口径。 此指标是否由当前 Kaito 工具返回仍待核对。,,unavailable,,,kaito_entity_reference,对象资料,data.metrics.change,kaito-social-spider.kaito_entity_reference.data.metrics.change,app,field,kaito,kaito-social-spider,kaito-social-spider.kaito_entity_reference,sha256:f1620ffa32315698b375587fe1c122404db9b82a56c98e66940100518206b35c
Kaito 社交数据,当前关注份额,衡量指标,保留当前关注份额；分母和时间窗需由对应工具确认。,例如在“对象资料”中按对象和时间窗比较这个值；计算前先核对单位与口径。 此指标是否由当前 Kaito 工具返回仍待核对。,,unavailable,,,kaito_entity_reference,对象资料,data.metrics.current_mindshare,kaito-social-spider.kaito_entity_reference.data.metrics.current_mindshare,app,field,kaito,kaito-social-spider,kaito-social-spider.kaito_entity_reference,sha256:f1620ffa32315698b375587fe1c122404db9b82a56c98e66940100518206b35c
Kaito 社交数据,变化值,衡量指标,保留相对上一窗口的变化值；比较前需确认方向和单位。,例如在“对象资料”中按对象和时间窗比较这个值；计算前先核对单位与口径。 此指标是否由当前 Kaito 工具返回仍待核对。,,unavailable,,,kaito_entity_reference,对象资料,data.metrics.delta,kaito-social-spider.kaito_entity_reference.data.metrics.delta,app,field,kaito,kaito-social-spider,kaito-social-spider.kaito_entity_reference,sha256:f1620ffa32315698b375587fe1c122404db9b82a56c98e66940100518206b35c
Kaito 社交数据,绝对变化值,衡量指标,保留绝对变化值；不要与百分比变化混用。,例如在“对象资料”中按对象和时间窗比较这个值；计算前先核对单位与口径。 此指标是否由当前 Kaito 工具返回仍待核对。,,unavailable,,,kaito_entity_reference,对象资料,data.metrics.delta_abs,kaito-social-spider.kaito_entity_reference.data.metrics.delta_abs,app,field,kaito,kaito-social-spider,kaito-social-spider.kaito_entity_reference,sha256:f1620ffa32315698b375587fe1c122404db9b82a56c98e66940100518206b35c
Kaito 社交数据,变化百分比,衡量指标,保留百分比变化；需要核对上游使用的是小数还是百分数。,例如在“对象资料”中按对象和时间窗比较这个值；计算前先核对单位与口径。 此指标是否由当前 Kaito 工具返回仍待核对。,,unavailable,,,kaito_entity_reference,对象资料,data.metrics.delta_pct,kaito-social-spider.kaito_entity_reference.data.metrics.delta_pct,app,field,kaito,kaito-social-spider,kaito-social-spider.kaito_entity_reference,sha256:f1620ffa32315698b375587fe1c122404db9b82a56c98e66940100518206b35c
Kaito 社交数据,变化方向,记录属性,标记变化属于上升或下降等方向，用于区分增减。,例如先用这个属性筛选可比较的记录，再查看对应的数值或内容。 此指标是否由当前 Kaito 工具返回仍待核对。,,unavailable,,,kaito_entity_reference,对象资料,data.metrics.direction,kaito-social-spider.kaito_entity_reference.data.metrics.direction,app,field,kaito,kaito-social-spider,kaito-social-spider.kaito_entity_reference,sha256:f1620ffa32315698b375587fe1c122404db9b82a56c98e66940100518206b35c
Kaito 社交数据,互动量,衡量指标,保留返回行的互动量；需核对包含哪些互动行为。,例如统计同一对象在一个窗口内的互动量变化，再对照提及量判断热度来源。 当前工具是否返回此指标仍待核对。,,unavailable,,,kaito_entity_reference,对象资料,data.metrics.engagement,kaito-social-spider.kaito_entity_reference.data.metrics.engagement,app,field,kaito,kaito-social-spider,kaito-social-spider.kaito_entity_reference,sha256:f1620ffa32315698b375587fe1c122404db9b82a56c98e66940100518206b35c
Kaito 社交数据,粉丝数,衡量指标,保留返回行的粉丝数量；需核对统计对象。,例如在“对象资料”中按对象和时间窗比较这个值；计算前先核对单位与口径。 此指标是否由当前 Kaito 工具返回仍待核对。,,unavailable,,,kaito_entity_reference,对象资料,data.metrics.followers,kaito-social-spider.kaito_entity_reference.data.metrics.followers,app,field,kaito,kaito-social-spider,kaito-social-spider.kaito_entity_reference,sha256:f1620ffa32315698b375587fe1c122404db9b82a56c98e66940100518206b35c
Kaito 社交数据,点赞数,衡量指标,保留点赞次数，用于观察内容互动。,例如比较同一批帖子中的点赞分布，识别由少数爆款带来的热度。 当前工具是否返回此指标仍待核对。,,unavailable,,,kaito_entity_reference,对象资料,data.metrics.likes,kaito-social-spider.kaito_entity_reference.data.metrics.likes,app,field,kaito,kaito-social-spider,kaito-social-spider.kaito_entity_reference,sha256:f1620ffa32315698b375587fe1c122404db9b82a56c98e66940100518206b35c
Kaito 社交数据,提及次数,衡量指标,保留提及次数，用于观察讨论量。,例如按天计算项目提及次数，并与过去一周的基线比较。 当前工具是否返回此指标仍待核对。,,unavailable,,,kaito_entity_reference,对象资料,data.metrics.mention_count,kaito-social-spider.kaito_entity_reference.data.metrics.mention_count,app,field,kaito,kaito-social-spider,kaito-social-spider.kaito_entity_reference,sha256:f1620ffa32315698b375587fe1c122404db9b82a56c98e66940100518206b35c
Kaito 社交数据,提及量,衡量指标,保留提及量，用于观察讨论量。,例如按天观察项目被提及的频率，检查增长是否持续。 当前工具是否返回此指标仍待核对。,,unavailable,,,kaito_entity_reference,对象资料,data.metrics.mentions,kaito-social-spider.kaito_entity_reference.data.metrics.mentions,app,field,kaito,kaito-social-spider,kaito-social-spider.kaito_entity_reference,sha256:f1620ffa32315698b375587fe1c122404db9b82a56c98e66940100518206b35c
Kaito 社交数据,提及次数,衡量指标,保留提及次数，用于观察讨论量。,例如按天观察项目被提及的频率，检查增长是否持续。 当前工具是否返回此指标仍待核对。,,unavailable,,,kaito_entity_reference,对象资料,data.metrics.mentions_count,kaito-social-spider.kaito_entity_reference.data.metrics.mentions_count,app,field,kaito,kaito-social-spider,kaito-social-spider.kaito_entity_reference,sha256:f1620ffa32315698b375587fe1c122404db9b82a56c98e66940100518206b35c
Kaito 社交数据,关注份额,衡量指标,保留关注份额；比较前需确认分母、时间窗和来源范围。,例如比较同一来源、同一窗口的关注份额变化，检查项目讨论占比是否持续上升。 当前工具是否返回此指标仍待核对。,,unavailable,,,kaito_entity_reference,对象资料,data.metrics.mindshare,kaito-social-spider.kaito_entity_reference.data.metrics.mindshare,app,field,kaito,kaito-social-spider,kaito-social-spider.kaito_entity_reference,sha256:f1620ffa32315698b375587fe1c122404db9b82a56c98e66940100518206b35c
Kaito 社交数据,当前关注份额,衡量指标,保留当前关注份额；比较前需确认分母和时间窗。,例如在“对象资料”中按对象和时间窗比较这个值；计算前先核对单位与口径。 此指标是否由当前 Kaito 工具返回仍待核对。,,unavailable,,,kaito_entity_reference,对象资料,data.metrics.mindshare_current,kaito-social-spider.kaito_entity_reference.data.metrics.mindshare_current,app,field,kaito,kaito-social-spider,kaito-social-spider.kaito_entity_reference,sha256:f1620ffa32315698b375587fe1c122404db9b82a56c98e66940100518206b35c
Kaito 社交数据,关注份额变化,衡量指标,保留关注份额变化；需与相同口径的前期值比较。,例如筛选关注份额上升最快的项目，再检查绝对讨论量，避免小基数误导。 当前工具是否返回此指标仍待核对。,,unavailable,,,kaito_entity_reference,对象资料,data.metrics.mindshare_delta,kaito-social-spider.kaito_entity_reference.data.metrics.mindshare_delta,app,field,kaito,kaito-social-spider,kaito-social-spider.kaito_entity_reference,sha256:f1620ffa32315698b375587fe1c122404db9b82a56c98e66940100518206b35c
Kaito 社交数据,上期排名,衡量指标,保留上一统计窗口的名次，用于计算排名变化。,例如在“对象资料”中按对象和时间窗比较这个值；计算前先核对单位与口径。 此指标是否由当前 Kaito 工具返回仍待核对。,,unavailable,,,kaito_entity_reference,对象资料,data.metrics.previous_rank,kaito-social-spider.kaito_entity_reference.data.metrics.previous_rank,app,field,kaito,kaito-social-spider,kaito-social-spider.kaito_entity_reference,sha256:f1620ffa32315698b375587fe1c122404db9b82a56c98e66940100518206b35c
Kaito 社交数据,引用数,衡量指标,保留引用转发次数，用于观察内容传播。,例如在“对象资料”中按对象和时间窗比较这个值；计算前先核对单位与口径。 此指标是否由当前 Kaito 工具返回仍待核对。,,unavailable,,,kaito_entity_reference,对象资料,data.metrics.quotes,kaito-social-spider.kaito_entity_reference.data.metrics.quotes,app,field,kaito,kaito-social-spider,kaito-social-spider.kaito_entity_reference,sha256:f1620ffa32315698b375587fe1c122404db9b82a56c98e66940100518206b35c
Kaito 社交数据,排名,衡量指标,保留当前名次，用于查看对象在同口径榜单中的位置。,例如追踪同一榜单中名次的连续变化，而不是只看单次排名。 当前工具是否返回此指标仍待核对。,,unavailable,,,kaito_entity_reference,对象资料,data.metrics.rank,kaito-social-spider.kaito_entity_reference.data.metrics.rank,app,field,kaito,kaito-social-spider,kaito-social-spider.kaito_entity_reference,sha256:f1620ffa32315698b375587fe1c122404db9b82a56c98e66940100518206b35c
Kaito 社交数据,排名变化,衡量指标,保留名次变化；需要确认正负号代表的方向。,例如在“对象资料”中按对象和时间窗比较这个值；计算前先核对单位与口径。 此指标是否由当前 Kaito 工具返回仍待核对。,,unavailable,,,kaito_entity_reference,对象资料,data.metrics.rank_change,kaito-social-spider.kaito_entity_reference.data.metrics.rank_change,app,field,kaito,kaito-social-spider,kaito-social-spider.kaito_entity_reference,sha256:f1620ffa32315698b375587fe1c122404db9b82a56c98e66940100518206b35c
Kaito 社交数据,回复数,衡量指标,保留回复次数，用于观察讨论参与。,例如在“对象资料”中按对象和时间窗比较这个值；计算前先核对单位与口径。 此指标是否由当前 Kaito 工具返回仍待核对。,,unavailable,,,kaito_entity_reference,对象资料,data.metrics.replies,kaito-social-spider.kaito_entity_reference.data.metrics.replies,app,field,kaito,kaito-social-spider,kaito-social-spider.kaito_entity_reference,sha256:f1620ffa32315698b375587fe1c122404db9b82a56c98e66940100518206b35c
Kaito 社交数据,转发数,衡量指标,保留转发次数，用于观察内容传播。,例如在“对象资料”中按对象和时间窗比较这个值；计算前先核对单位与口径。 此指标是否由当前 Kaito 工具返回仍待核对。,,unavailable,,,kaito_entity_reference,对象资料,data.metrics.retweets,kaito-social-spider.kaito_entity_reference.data.metrics.retweets,app,field,kaito,kaito-social-spider,kaito-social-spider.kaito_entity_reference,sha256:f1620ffa32315698b375587fe1c122404db9b82a56c98e66940100518206b35c
Kaito 社交数据,评分,衡量指标,保留工具返回的评分；不同工具的评分不能直接混算。,例如在“对象资料”中按对象和时间窗比较这个值；计算前先核对单位与口径。 此指标是否由当前 Kaito 工具返回仍待核对。,,unavailable,,,kaito_entity_reference,对象资料,data.metrics.score,kaito-social-spider.kaito_entity_reference.data.metrics.score,app,field,kaito,kaito-social-spider,kaito-social-spider.kaito_entity_reference,sha256:f1620ffa32315698b375587fe1c122404db9b82a56c98e66940100518206b35c
Kaito 社交数据,情绪,衡量指标,保留情绪指标；量纲和正负含义需由对应工具确认。,例如把情绪变化与同一窗口的提及量一起看，避免少量帖子主导判断。 当前工具是否返回此指标仍待核对。,,unavailable,,,kaito_entity_reference,对象资料,data.metrics.sentiment,kaito-social-spider.kaito_entity_reference.data.metrics.sentiment,app,field,kaito,kaito-social-spider,kaito-social-spider.kaito_entity_reference,sha256:f1620ffa32315698b375587fe1c122404db9b82a56c98e66940100518206b35c
Kaito 社交数据,情绪评分,衡量指标,保留情绪评分；与讨论量一起看更能判断可靠性。,例如把情绪评分与同一窗口的提及量一起看，避免少量帖子主导判断。 当前工具是否返回此指标仍待核对。,,unavailable,,,kaito_entity_reference,对象资料,data.metrics.sentiment_score,kaito-social-spider.kaito_entity_reference.data.metrics.sentiment_score,app,field,kaito,kaito-social-spider,kaito-social-spider.kaito_entity_reference,sha256:f1620ffa32315698b375587fe1c122404db9b82a56c98e66940100518206b35c
Kaito 社交数据,高关注度账号互动量,衡量指标,保留高关注度账号的互动量；账号认定口径需核对。,例如观察高关注度账号的互动是否先于整体互动增加，作为待验证的早期关注线索。 当前工具是否返回此指标仍待核对。,,unavailable,,,kaito_entity_reference,对象资料,data.metrics.smart_engagement,kaito-social-spider.kaito_entity_reference.data.metrics.smart_engagement,app,field,kaito,kaito-social-spider,kaito-social-spider.kaito_entity_reference,sha256:f1620ffa32315698b375587fe1c122404db9b82a56c98e66940100518206b35c
Kaito 社交数据,高关注度账号互动占比,衡量指标,保留高关注度账号互动占比；需核对分母。,例如在“对象资料”中按对象和时间窗比较这个值；计算前先核对单位与口径。 此指标是否由当前 Kaito 工具返回仍待核对。,,unavailable,,,kaito_entity_reference,对象资料,data.metrics.smart_engagement_ratio,kaito-social-spider.kaito_entity_reference.data.metrics.smart_engagement_ratio,app,field,kaito,kaito-social-spider,kaito-social-spider.kaito_entity_reference,sha256:f1620ffa32315698b375587fe1c122404db9b82a56c98e66940100518206b35c
Kaito 社交数据,高关注度粉丝数,衡量指标,保留高关注度粉丝数；账号认定口径需核对。,例如比较同一账号连续两次的高关注度粉丝数，检查是否出现异常增长。 当前工具是否返回此指标仍待核对。,,unavailable,,,kaito_entity_reference,对象资料,data.metrics.smart_followers,kaito-social-spider.kaito_entity_reference.data.metrics.smart_followers,app,field,kaito,kaito-social-spider,kaito-social-spider.kaito_entity_reference,sha256:f1620ffa32315698b375587fe1c122404db9b82a56c98e66940100518206b35c
Kaito 社交数据,指标时间,时间定位,标记指标对应的时间点，用于组成时间序列。,例如按同一时间窗分组，并检查记录是否过时。 此指标是否由当前 Kaito 工具返回仍待核对。,,unavailable,,,kaito_entity_reference,对象资料,data.metrics.timestamp,kaito-social-spider.kaito_entity_reference.data.metrics.timestamp,app,field,kaito,kaito-social-spider,kaito-social-spider.kaito_entity_reference,sha256:f1620ffa32315698b375587fe1c122404db9b82a56c98e66940100518206b35c
Kaito 社交数据,总互动量,衡量指标,保留总互动量，用于观察讨论热度。,例如与提及次数一起比较，区分少数高互动内容和广泛讨论。 当前工具是否返回此指标仍待核对。,,unavailable,,,kaito_entity_reference,对象资料,data.metrics.total_engagement,kaito-social-spider.kaito_entity_reference.data.metrics.total_engagement,app,field,kaito,kaito-social-spider,kaito-social-spider.kaito_entity_reference,sha256:f1620ffa32315698b375587fe1c122404db9b82a56c98e66940100518206b35c
Kaito 社交数据,指标值,衡量指标,保留时间序列或指标行的数值；含义取决于对应工具。,例如在“对象资料”中按对象和时间窗比较这个值；计算前先核对单位与口径。 此指标是否由当前 Kaito 工具返回仍待核对。,,unavailable,,,kaito_entity_reference,对象资料,data.metrics.value,kaito-social-spider.kaito_entity_reference.data.metrics.value,app,field,kaito,kaito-social-spider,kaito-social-spider.kaito_entity_reference,sha256:f1620ffa32315698b375587fe1c122404db9b82a56c98e66940100518206b35c
Kaito 社交数据,浏览量,衡量指标,保留浏览次数，用于观察内容曝光。,例如用浏览量作曝光参考，再看互动量是否同步增长。 当前工具是否返回此指标仍待核对。,,unavailable,,,kaito_entity_reference,对象资料,data.metrics.views,kaito-social-spider.kaito_entity_reference.data.metrics.views,app,field,kaito,kaito-social-spider,kaito-social-spider.kaito_entity_reference,sha256:f1620ffa32315698b375587fe1c122404db9b82a56c98e66940100518206b35c
Kaito 社交数据,平台,记录属性,标记内容所在的平台，便于区分来源渠道。,例如先用这个属性筛选可比较的记录，再查看对应的数值或内容。,kaito,transformed_test_fixture,https://github.com/cyberight-cap/fewunderstand/blob/23a854c2a02e6b52e424844648d4026737361caa/spider/kaito-social-spider/tests/fixtures/kaito_p0_raw.json,,kaito_entity_reference,对象资料,data.platform,kaito-social-spider.kaito_entity_reference.data.platform,app,field,kaito,kaito-social-spider,kaito-social-spider.kaito_entity_reference,sha256:f1620ffa32315698b375587fe1c122404db9b82a56c98e66940100518206b35c
Kaito 社交数据,原始数据,原始或结构数据,保留该 Kaito 记录对应的原始返回行，用于回查未提取的键。,点开返回样本核对内部键，再决定是否需要提取为独立字段。,"{""entity_id"": ""pendle"", ""symbol"": ""PENDLE"", ""name"": ""Pendle"", ""coingecko_id"": ""pendle""}",transformed_test_fixture,https://github.com/cyberight-cap/fewunderstand/blob/23a854c2a02e6b52e424844648d4026737361caa/spider/kaito-social-spider/tests/fixtures/kaito_p0_raw.json,,kaito_entity_reference,对象资料,data.raw,kaito-social-spider.kaito_entity_reference.data.raw,app,field,kaito,kaito-social-spider,kaito-social-spider.kaito_entity_reference,sha256:f1620ffa32315698b375587fe1c122404db9b82a56c98e66940100518206b35c
Kaito 社交数据,记录类型,来源与溯源,标记转换后的 Kaito 记录类型，便于选择正确的处理规则。,例如排查一条指标的来源或重复记录时，用它回到原始查询和处理链。,kaito_entity_reference,transformed_test_fixture,https://github.com/cyberight-cap/fewunderstand/blob/23a854c2a02e6b52e424844648d4026737361caa/spider/kaito-social-spider/tests/fixtures/kaito_p0_raw.json,,kaito_entity_reference,对象资料,data.record_type,kaito-social-spider.kaito_entity_reference.data.record_type,v2,field,kaito,kaito-social-spider,kaito-social-spider.kaito_entity_reference,sha256:f1620ffa32315698b375587fe1c122404db9b82a56c98e66940100518206b35c
Kaito 社交数据,请求信息,原始或结构数据,保存调用 Kaito 工具的请求元信息，用于核对查询条件。,点开返回样本核对内部键，再决定是否需要提取为独立字段。,"{""tool"": ""kaito_entities"", ""params_hash"": ""59676b023081bf7f"", ""window_start"": null, ""window_end"": null}",transformed_test_fixture,https://github.com/cyberight-cap/fewunderstand/blob/23a854c2a02e6b52e424844648d4026737361caa/spider/kaito-social-spider/tests/fixtures/kaito_p0_raw.json,,kaito_entity_reference,对象资料,data.request,kaito-social-spider.kaito_entity_reference.data.request,app,field,kaito,kaito-social-spider,kaito-social-spider.kaito_entity_reference,sha256:f1620ffa32315698b375587fe1c122404db9b82a56c98e66940100518206b35c
Kaito 社交数据,请求参数摘要,来源与溯源,保存脱敏后的请求参数摘要，用于识别同一次查询条件。,例如排查一条指标的来源或重复记录时，用它回到原始查询和处理链。,59676b023081bf7f,transformed_test_fixture,https://github.com/cyberight-cap/fewunderstand/blob/23a854c2a02e6b52e424844648d4026737361caa/spider/kaito-social-spider/tests/fixtures/kaito_p0_raw.json,,kaito_entity_reference,对象资料,data.request.params_hash,kaito-social-spider.kaito_entity_reference.data.request.params_hash,app,field,kaito,kaito-social-spider,kaito-social-spider.kaito_entity_reference,sha256:f1620ffa32315698b375587fe1c122404db9b82a56c98e66940100518206b35c
Kaito 社交数据,请求工具,来源与溯源,指出产生这条记录的 Kaito 工具，用于核对指标口径。,例如排查一条指标的来源或重复记录时，用它回到原始查询和处理链。,kaito_entities,transformed_test_fixture,https://github.com/cyberight-cap/fewunderstand/blob/23a854c2a02e6b52e424844648d4026737361caa/spider/kaito-social-spider/tests/fixtures/kaito_p0_raw.json,,kaito_entity_reference,对象资料,data.request.tool,kaito-social-spider.kaito_entity_reference.data.request.tool,app,field,kaito,kaito-social-spider,kaito-social-spider.kaito_entity_reference,sha256:f1620ffa32315698b375587fe1c122404db9b82a56c98e66940100518206b35c
Kaito 社交数据,请求时间窗口,来源与溯源,记录请求时使用的时间窗口，用于比较同口径数据。,例如排查一条指标的来源或重复记录时，用它回到原始查询和处理链。,,unavailable,,,kaito_entity_reference,对象资料,data.request.window,kaito-social-spider.kaito_entity_reference.data.request.window,app,field,kaito,kaito-social-spider,kaito-social-spider.kaito_entity_reference,sha256:f1620ffa32315698b375587fe1c122404db9b82a56c98e66940100518206b35c
Kaito 社交数据,请求窗口结束,来源与溯源,记录请求窗口的结束时间，用于界定统计区间。,例如排查一条指标的来源或重复记录时，用它回到原始查询和处理链。,,transformed_test_fixture,https://github.com/cyberight-cap/fewunderstand/blob/23a854c2a02e6b52e424844648d4026737361caa/spider/kaito-social-spider/tests/fixtures/kaito_p0_raw.json,,kaito_entity_reference,对象资料,data.request.window_end,kaito-social-spider.kaito_entity_reference.data.request.window_end,app,field,kaito,kaito-social-spider,kaito-social-spider.kaito_entity_reference,sha256:f1620ffa32315698b375587fe1c122404db9b82a56c98e66940100518206b35c
Kaito 社交数据,请求窗口开始,来源与溯源,记录请求窗口的开始时间，用于界定统计区间。,例如排查一条指标的来源或重复记录时，用它回到原始查询和处理链。,,transformed_test_fixture,https://github.com/cyberight-cap/fewunderstand/blob/23a854c2a02e6b52e424844648d4026737361caa/spider/kaito-social-spider/tests/fixtures/kaito_p0_raw.json,,kaito_entity_reference,对象资料,data.request.window_start,kaito-social-spider.kaito_entity_reference.data.request.window_start,app,field,kaito,kaito-social-spider,kaito-social-spider.kaito_entity_reference,sha256:f1620ffa32315698b375587fe1c122404db9b82a56c98e66940100518206b35c
Kaito 社交数据,统计窗口,时间定位,保存记录对应的统计窗口，用于避免混合不同时间跨度。,例如按同一时间窗分组，并检查记录是否过时。,,transformed_test_fixture,https://github.com/cyberight-cap/fewunderstand/blob/23a854c2a02e6b52e424844648d4026737361caa/spider/kaito-social-spider/tests/fixtures/kaito_p0_raw.json,,kaito_entity_reference,对象资料,data.window,kaito-social-spider.kaito_entity_reference.data.window,app,field,kaito,kaito-social-spider,kaito-social-spider.kaito_entity_reference,sha256:f1620ffa32315698b375587fe1c122404db9b82a56c98e66940100518206b35c
Kaito 社交数据,处理溯源,来源与溯源,保存处理链路元信息，用于追查记录如何产生。,例如排查一条指标的来源或重复记录时，用它回到原始查询和处理链。,"{""event_id"": ""evt:2d53c3f7873776bdf5063e01d34a9fd6"", ""trace_id"": ""evt:2d53c3f7873776bdf5063e01d34a9fd6"", ""parent_event_ids"": [], ""source_event_id"": null, ""record_type"": ""kaito_entity_reference"", ""schema_version"": ""pipeline-lineage/v1"", ""producer"": ""kaito-social-spider"", ""processing_stage"": ""ingest"", ""observed_at"": ""2026-07-19T00:00:00Z"", ""processed_at"": ""2026-07-19T00:00:00Z"", ""source_topic"": null, ""source_partition"": null, ""source_offset"": null, ""asset_id"": null}",transformed_test_fixture,https://github.com/cyberight-cap/fewunderstand/blob/23a854c2a02e6b52e424844648d4026737361caa/spider/kaito-social-spider/tests/fixtures/kaito_p0_raw.json,,kaito_entity_reference,对象资料,lineage,kaito-social-spider.kaito_entity_reference.lineage,app,field,kaito,kaito-social-spider,kaito-social-spider.kaito_entity_reference,sha256:f1620ffa32315698b375587fe1c122404db9b82a56c98e66940100518206b35c
Kaito 社交数据,资产 ID,来源与溯源,保存解析后的内部资产 ID；未完成资产绑定时可能为空。,例如排查一条指标的来源或重复记录时，用它回到原始查询和处理链。,,transformed_test_fixture,https://github.com/cyberight-cap/fewunderstand/blob/23a854c2a02e6b52e424844648d4026737361caa/spider/kaito-social-spider/tests/fixtures/kaito_p0_raw.json,,kaito_entity_reference,对象资料,lineage.asset_id,kaito-social-spider.kaito_entity_reference.lineage.asset_id,app,field,kaito,kaito-social-spider,kaito-social-spider.kaito_entity_reference,sha256:f1620ffa32315698b375587fe1c122404db9b82a56c98e66940100518206b35c
Kaito 社交数据,事件 ID,来源与溯源,稳定识别这条事件，用于追踪后续计算与结果。,例如排查一条指标的来源或重复记录时，用它回到原始查询和处理链。,evt:2d53c3f7873776bdf5063e01d34a9fd6,transformed_test_fixture,https://github.com/cyberight-cap/fewunderstand/blob/23a854c2a02e6b52e424844648d4026737361caa/spider/kaito-social-spider/tests/fixtures/kaito_p0_raw.json,,kaito_entity_reference,对象资料,lineage.event_id,kaito-social-spider.kaito_entity_reference.lineage.event_id,app,field,kaito,kaito-social-spider,kaito-social-spider.kaito_entity_reference,sha256:f1620ffa32315698b375587fe1c122404db9b82a56c98e66940100518206b35c
Kaito 社交数据,观察时间,来源与溯源,记录事实被观察的时间，用于确认原始数据时效。,例如排查一条指标的来源或重复记录时，用它回到原始查询和处理链。,2026-07-19T00:00:00Z,transformed_test_fixture,https://github.com/cyberight-cap/fewunderstand/blob/23a854c2a02e6b52e424844648d4026737361caa/spider/kaito-social-spider/tests/fixtures/kaito_p0_raw.json,,kaito_entity_reference,对象资料,lineage.observed_at,kaito-social-spider.kaito_entity_reference.lineage.observed_at,app,field,kaito,kaito-social-spider,kaito-social-spider.kaito_entity_reference,sha256:f1620ffa32315698b375587fe1c122404db9b82a56c98e66940100518206b35c
Kaito 社交数据,上游事件 ID,来源与溯源,保存上游事件 ID，用于追溯派生结果的输入。,例如排查一条指标的来源或重复记录时，用它回到原始查询和处理链。,[],transformed_test_fixture,https://github.com/cyberight-cap/fewunderstand/blob/23a854c2a02e6b52e424844648d4026737361caa/spider/kaito-social-spider/tests/fixtures/kaito_p0_raw.json,,kaito_entity_reference,对象资料,lineage.parent_event_ids,kaito-social-spider.kaito_entity_reference.lineage.parent_event_ids,app,field,kaito,kaito-social-spider,kaito-social-spider.kaito_entity_reference,sha256:f1620ffa32315698b375587fe1c122404db9b82a56c98e66940100518206b35c
Kaito 社交数据,处理时间,来源与溯源,记录处理程序生成消息的时间，用于定位处理延迟。,例如排查一条指标的来源或重复记录时，用它回到原始查询和处理链。,2026-07-19T00:00:00Z,transformed_test_fixture,https://github.com/cyberight-cap/fewunderstand/blob/23a854c2a02e6b52e424844648d4026737361caa/spider/kaito-social-spider/tests/fixtures/kaito_p0_raw.json,,kaito_entity_reference,对象资料,lineage.processed_at,kaito-social-spider.kaito_entity_reference.lineage.processed_at,app,field,kaito,kaito-social-spider,kaito-social-spider.kaito_entity_reference,sha256:f1620ffa32315698b375587fe1c122404db9b82a56c98e66940100518206b35c
Kaito 社交数据,处理阶段,来源与溯源,标记当前处理阶段，用于区分采集与后续加工。,例如排查一条指标的来源或重复记录时，用它回到原始查询和处理链。,ingest,transformed_test_fixture,https://github.com/cyberight-cap/fewunderstand/blob/23a854c2a02e6b52e424844648d4026737361caa/spider/kaito-social-spider/tests/fixtures/kaito_p0_raw.json,,kaito_entity_reference,对象资料,lineage.processing_stage,kaito-social-spider.kaito_entity_reference.lineage.processing_stage,app,field,kaito,kaito-social-spider,kaito-social-spider.kaito_entity_reference,sha256:f1620ffa32315698b375587fe1c122404db9b82a56c98e66940100518206b35c
Kaito 社交数据,生产程序,来源与溯源,标记生成这条消息的程序，用于核对生产来源。,例如排查一条指标的来源或重复记录时，用它回到原始查询和处理链。,kaito-social-spider,transformed_test_fixture,https://github.com/cyberight-cap/fewunderstand/blob/23a854c2a02e6b52e424844648d4026737361caa/spider/kaito-social-spider/tests/fixtures/kaito_p0_raw.json,,kaito_entity_reference,对象资料,lineage.producer,kaito-social-spider.kaito_entity_reference.lineage.producer,app,field,kaito,kaito-social-spider,kaito-social-spider.kaito_entity_reference,sha256:f1620ffa32315698b375587fe1c122404db9b82a56c98e66940100518206b35c
Kaito 社交数据,溯源记录类型,来源与溯源,标记溯源信封里的记录类型，用于验证处理链路。,例如排查一条指标的来源或重复记录时，用它回到原始查询和处理链。,kaito_entity_reference,transformed_test_fixture,https://github.com/cyberight-cap/fewunderstand/blob/23a854c2a02e6b52e424844648d4026737361caa/spider/kaito-social-spider/tests/fixtures/kaito_p0_raw.json,,kaito_entity_reference,对象资料,lineage.record_type,kaito-social-spider.kaito_entity_reference.lineage.record_type,app,field,kaito,kaito-social-spider,kaito-social-spider.kaito_entity_reference,sha256:f1620ffa32315698b375587fe1c122404db9b82a56c98e66940100518206b35c
Kaito 社交数据,结构版本,来源与溯源,标记消息结构版本，用于兼容不同版本的处理代码。,例如排查一条指标的来源或重复记录时，用它回到原始查询和处理链。,pipeline-lineage/v1,transformed_test_fixture,https://github.com/cyberight-cap/fewunderstand/blob/23a854c2a02e6b52e424844648d4026737361caa/spider/kaito-social-spider/tests/fixtures/kaito_p0_raw.json,,kaito_entity_reference,对象资料,lineage.schema_version,kaito-social-spider.kaito_entity_reference.lineage.schema_version,app,field,kaito,kaito-social-spider,kaito-social-spider.kaito_entity_reference,sha256:f1620ffa32315698b375587fe1c122404db9b82a56c98e66940100518206b35c
Kaito 社交数据,来源事件 ID,来源与溯源,保存来源系统的事件 ID，用于跨系统回查。,例如排查一条指标的来源或重复记录时，用它回到原始查询和处理链。,,transformed_test_fixture,https://github.com/cyberight-cap/fewunderstand/blob/23a854c2a02e6b52e424844648d4026737361caa/spider/kaito-social-spider/tests/fixtures/kaito_p0_raw.json,,kaito_entity_reference,对象资料,lineage.source_event_id,kaito-social-spider.kaito_entity_reference.lineage.source_event_id,app,field,kaito,kaito-social-spider,kaito-social-spider.kaito_entity_reference,sha256:f1620ffa32315698b375587fe1c122404db9b82a56c98e66940100518206b35c
Kaito 社交数据,来源偏移量,来源与溯源,保存来源消息偏移量，用于定位消息流位置。,例如排查一条指标的来源或重复记录时，用它回到原始查询和处理链。,,transformed_test_fixture,https://github.com/cyberight-cap/fewunderstand/blob/23a854c2a02e6b52e424844648d4026737361caa/spider/kaito-social-spider/tests/fixtures/kaito_p0_raw.json,,kaito_entity_reference,对象资料,lineage.source_offset,kaito-social-spider.kaito_entity_reference.lineage.source_offset,app,field,kaito,kaito-social-spider,kaito-social-spider.kaito_entity_reference,sha256:f1620ffa32315698b375587fe1c122404db9b82a56c98e66940100518206b35c
Kaito 社交数据,来源分区,来源与溯源,保存来源消息分区，用于定位消息流位置。,例如排查一条指标的来源或重复记录时，用它回到原始查询和处理链。,,transformed_test_fixture,https://github.com/cyberight-cap/fewunderstand/blob/23a854c2a02e6b52e424844648d4026737361caa/spider/kaito-social-spider/tests/fixtures/kaito_p0_raw.json,,kaito_entity_reference,对象资料,lineage.source_partition,kaito-social-spider.kaito_entity_reference.lineage.source_partition,app,field,kaito,kaito-social-spider,kaito-social-spider.kaito_entity_reference,sha256:f1620ffa32315698b375587fe1c122404db9b82a56c98e66940100518206b35c
Kaito 社交数据,来源主题,来源与溯源,保存来源主题名称，用于定位消息流位置。,例如排查一条指标的来源或重复记录时，用它回到原始查询和处理链。,,transformed_test_fixture,https://github.com/cyberight-cap/fewunderstand/blob/23a854c2a02e6b52e424844648d4026737361caa/spider/kaito-social-spider/tests/fixtures/kaito_p0_raw.json,,kaito_entity_reference,对象资料,lineage.source_topic,kaito-social-spider.kaito_entity_reference.lineage.source_topic,app,field,kaito,kaito-social-spider,kaito-social-spider.kaito_entity_reference,sha256:f1620ffa32315698b375587fe1c122404db9b82a56c98e66940100518206b35c
Kaito 社交数据,追踪 ID,来源与溯源,关联同一处理链路上的事件，用于端到端追踪。,例如排查一条指标的来源或重复记录时，用它回到原始查询和处理链。,evt:2d53c3f7873776bdf5063e01d34a9fd6,transformed_test_fixture,https://github.com/cyberight-cap/fewunderstand/blob/23a854c2a02e6b52e424844648d4026737361caa/spider/kaito-social-spider/tests/fixtures/kaito_p0_raw.json,,kaito_entity_reference,对象资料,lineage.trace_id,kaito-social-spider.kaito_entity_reference.lineage.trace_id,app,field,kaito,kaito-social-spider,kaito-social-spider.kaito_entity_reference,sha256:f1620ffa32315698b375587fe1c122404db9b82a56c98e66940100518206b35c
Kaito 社交数据,原始文本,内容理解,保留内容的原始文本，用于回查清洗前的信息。,例如筛选与目标项目相关的内容，再点回原文人工核查。,,unavailable,,,kaito_entity_reference,对象资料,raw_text,kaito-social-spider.kaito_entity_reference.raw_text,app,field,kaito,kaito-social-spider,kaito-social-spider.kaito_entity_reference,sha256:f1620ffa32315698b375587fe1c122404db9b82a56c98e66940100518206b35c
Kaito 社交数据,来源,来源与溯源,标记这条记录的来源，用于筛选和核对数据出处。,例如排查一条指标的来源或重复记录时，用它回到原始查询和处理链。,kaito,transformed_test_fixture,https://github.com/cyberight-cap/fewunderstand/blob/23a854c2a02e6b52e424844648d4026737361caa/spider/kaito-social-spider/tests/fixtures/kaito_p0_raw.json,,kaito_entity_reference,对象资料,source,kaito-social-spider.kaito_entity_reference.source,app,field,kaito,kaito-social-spider,kaito-social-spider.kaito_entity_reference,sha256:f1620ffa32315698b375587fe1c122404db9b82a56c98e66940100518206b35c
Kaito 社交数据,正文,内容理解,保存消息或帖子的正文，用于关键词、主题和事件分析。,例如查找项目名或事件关键词，并结合消息时间和来源做人工核对。,,unavailable,,,kaito_entity_reference,对象资料,text,kaito-social-spider.kaito_entity_reference.text,app,field,kaito,kaito-social-spider,kaito-social-spider.kaito_entity_reference,sha256:f1620ffa32315698b375587fe1c122404db9b82a56c98e66940100518206b35c
Kaito 社交数据,记录时间,时间定位,记录该数据对应的时间点，用于排序或时间窗聚合。,例如按同一时间窗分组，并检查记录是否过时。,2026-07-19T00:00:00Z,transformed_test_fixture,https://github.com/cyberight-cap/fewunderstand/blob/23a854c2a02e6b52e424844648d4026737361caa/spider/kaito-social-spider/tests/fixtures/kaito_p0_raw.json,,kaito_entity_reference,对象资料,timestamp,kaito-social-spider.kaito_entity_reference.timestamp,app,field,kaito,kaito-social-spider,kaito-social-spider.kaito_entity_reference,sha256:f1620ffa32315698b375587fe1c122404db9b82a56c98e66940100518206b35c
Kaito 社交数据,标题,内容理解,保存内容标题，用于快速判断主题。,例如先用标题筛选相关内容，再用正文或原文链接验证。,,unavailable,,,kaito_entity_reference,对象资料,title,kaito-social-spider.kaito_entity_reference.title,app,field,kaito,kaito-social-spider,kaito-social-spider.kaito_entity_reference,sha256:f1620ffa32315698b375587fe1c122404db9b82a56c98e66940100518206b35c
Kaito 社交数据,链接地址,对象识别,保存内容原文地址，用于回查和去重。,例如把同一对象在不同时间的记录对齐，再比较指标变化。,,unavailable,,,kaito_entity_reference,对象资料,url,kaito-social-spider.kaito_entity_reference.url,app,field,kaito,kaito-social-spider,kaito-social-spider.kaito_entity_reference,sha256:f1620ffa32315698b375587fe1c122404db9b82a56c98e66940100518206b35c
Kaito 社交数据,对象情绪走势,记录类型,这类记录包含下列可展开的字段定义。,先选择记录类型，再查看字段用途与返回样本。,,unavailable,,,kaito_entity_sentiment_timeseries,对象情绪走势,kaito_entity_sentiment_timeseries,kaito-social-spider.kaito_entity_sentiment_timeseries,app,record_type,kaito,kaito-social-spider,kaito-social-spider.kaito_entity_sentiment_timeseries,sha256:f1620ffa32315698b375587fe1c122404db9b82a56c98e66940100518206b35c
Kaito 社交数据,作者,内容理解,指出内容的作者，便于按发布者汇总或回到原帖。,例如筛选与目标项目相关的内容，再点回原文人工核查。,,unavailable,,,kaito_entity_sentiment_timeseries,对象情绪走势,author,kaito-social-spider.kaito_entity_sentiment_timeseries.author,app,field,kaito,kaito-social-spider,kaito-social-spider.kaito_entity_sentiment_timeseries,sha256:f1620ffa32315698b375587fe1c122404db9b82a56c98e66940100518206b35c
Kaito 社交数据,数据对象,原始或结构数据,装载这一类记录的主要业务数据；应继续展开具体子字段。,点开返回样本核对内部键，再决定是否需要提取为独立字段。,"{""platform"": ""kaito"", ""content_type"": ""social_intelligence"", ""record_type"": ""kaito_entity_sentiment_timeseries"", ""entity"": {""kaito_id"": ""pendle"", ""symbol"": ""PENDLE"", ""name"": null, ""coingecko_slug"": null}, ""window"": ""30d"", ""metrics"": {""timestamp"": ""2026-07-19T00:00:00Z"", ""bullish"": 0.7, ""bearish"": 0.2, ""sentiment"": 0.62}, ""request"": {""tool"": ""kaito_sentiment_entity"", ""params_hash"": ""222c409f6e54f754"", ""window_start"": null, ""window_end"": null, ""window"": ""30d""}, ""raw"": {""entity_id"": ""pendle"", ""symbol"": ""PENDLE"", ""timestamp"": ""2026-07-19T00:00:00Z"", ""sentiment"": 0.62, ""bullish"": 0.7, ""bearish"": 0.2}}",transformed_test_fixture,https://github.com/cyberight-cap/fewunderstand/blob/23a854c2a02e6b52e424844648d4026737361caa/spider/kaito-social-spider/tests/fixtures/kaito_p0_raw.json,,kaito_entity_sentiment_timeseries,对象情绪走势,data,kaito-social-spider.kaito_entity_sentiment_timeseries.data,app,field,kaito,kaito-social-spider,kaito-social-spider.kaito_entity_sentiment_timeseries,sha256:f1620ffa32315698b375587fe1c122404db9b82a56c98e66940100518206b35c
Kaito 社交数据,内容类型,记录属性,说明 Kaito 记录的内容类别，便于区分不同内容。,例如先用这个属性筛选可比较的记录，再查看对应的数值或内容。,social_intelligence,transformed_test_fixture,https://github.com/cyberight-cap/fewunderstand/blob/23a854c2a02e6b52e424844648d4026737361caa/spider/kaito-social-spider/tests/fixtures/kaito_p0_raw.json,,kaito_entity_sentiment_timeseries,对象情绪走势,data.content_type,kaito-social-spider.kaito_entity_sentiment_timeseries.data.content_type,app,field,kaito,kaito-social-spider,kaito-social-spider.kaito_entity_sentiment_timeseries,sha256:f1620ffa32315698b375587fe1c122404db9b82a56c98e66940100518206b35c
Kaito 社交数据,对象信息,原始或结构数据,保存被分析对象的身份信息，用于关联同一项目或资产。,点开返回样本核对内部键，再决定是否需要提取为独立字段。,"{""kaito_id"": ""pendle"", ""symbol"": ""PENDLE"", ""name"": null, ""coingecko_slug"": null}",transformed_test_fixture,https://github.com/cyberight-cap/fewunderstand/blob/23a854c2a02e6b52e424844648d4026737361caa/spider/kaito-social-spider/tests/fixtures/kaito_p0_raw.json,,kaito_entity_sentiment_timeseries,对象情绪走势,data.entity,kaito-social-spider.kaito_entity_sentiment_timeseries.data.entity,app,field,kaito,kaito-social-spider,kaito-social-spider.kaito_entity_sentiment_timeseries,sha256:f1620ffa32315698b375587fe1c122404db9b82a56c98e66940100518206b35c
Kaito 社交数据,CoinGecko 标识,对象识别,保存 CoinGecko 的对象标识，便于跨来源对齐同一资产。,例如把同一对象在不同时间的记录对齐，再比较指标变化。,,transformed_test_fixture,https://github.com/cyberight-cap/fewunderstand/blob/23a854c2a02e6b52e424844648d4026737361caa/spider/kaito-social-spider/tests/fixtures/kaito_p0_raw.json,,kaito_entity_sentiment_timeseries,对象情绪走势,data.entity.coingecko_slug,kaito-social-spider.kaito_entity_sentiment_timeseries.data.entity.coingecko_slug,app,field,kaito,kaito-social-spider,kaito-social-spider.kaito_entity_sentiment_timeseries,sha256:f1620ffa32315698b375587fe1c122404db9b82a56c98e66940100518206b35c
Kaito 社交数据,Kaito ID,对象识别,保存 Kaito 的对象标识，便于合并同一对象的多条记录。,例如把同一对象在不同时间的记录对齐，再比较指标变化。,pendle,transformed_test_fixture,https://github.com/cyberight-cap/fewunderstand/blob/23a854c2a02e6b52e424844648d4026737361caa/spider/kaito-social-spider/tests/fixtures/kaito_p0_raw.json,,kaito_entity_sentiment_timeseries,对象情绪走势,data.entity.kaito_id,kaito-social-spider.kaito_entity_sentiment_timeseries.data.entity.kaito_id,app,field,kaito,kaito-social-spider,kaito-social-spider.kaito_entity_sentiment_timeseries,sha256:f1620ffa32315698b375587fe1c122404db9b82a56c98e66940100518206b35c
Kaito 社交数据,对象名称,对象识别,显示被分析对象的名称，便于人工核对。,例如把同一对象在不同时间的记录对齐，再比较指标变化。,,transformed_test_fixture,https://github.com/cyberight-cap/fewunderstand/blob/23a854c2a02e6b52e424844648d4026737361caa/spider/kaito-social-spider/tests/fixtures/kaito_p0_raw.json,,kaito_entity_sentiment_timeseries,对象情绪走势,data.entity.name,kaito-social-spider.kaito_entity_sentiment_timeseries.data.entity.name,app,field,kaito,kaito-social-spider,kaito-social-spider.kaito_entity_sentiment_timeseries,sha256:f1620ffa32315698b375587fe1c122404db9b82a56c98e66940100518206b35c
Kaito 社交数据,资产代码,对象识别,保存对象的资产代码，便于与市场数据匹配；同名代码仍需核验。,例如把同一对象在不同时间的记录对齐，再比较指标变化。,PENDLE,transformed_test_fixture,https://github.com/cyberight-cap/fewunderstand/blob/23a854c2a02e6b52e424844648d4026737361caa/spider/kaito-social-spider/tests/fixtures/kaito_p0_raw.json,,kaito_entity_sentiment_timeseries,对象情绪走势,data.entity.symbol,kaito-social-spider.kaito_entity_sentiment_timeseries.data.entity.symbol,v2,field,kaito,kaito-social-spider,kaito-social-spider.kaito_entity_sentiment_timeseries,sha256:f1620ffa32315698b375587fe1c122404db9b82a56c98e66940100518206b35c
Kaito 社交数据,指标集合,原始或结构数据,装载 Kaito 返回行中提取出的指标；具体有哪些键取决于工具返回。,点开返回样本核对内部键，再决定是否需要提取为独立字段。,"{""timestamp"": ""2026-07-19T00:00:00Z"", ""bullish"": 0.7, ""bearish"": 0.2, ""sentiment"": 0.62}",transformed_test_fixture,https://github.com/cyberight-cap/fewunderstand/blob/23a854c2a02e6b52e424844648d4026737361caa/spider/kaito-social-spider/tests/fixtures/kaito_p0_raw.json,,kaito_entity_sentiment_timeseries,对象情绪走势,data.metrics,kaito-social-spider.kaito_entity_sentiment_timeseries.data.metrics,app,field,kaito,kaito-social-spider,kaito-social-spider.kaito_entity_sentiment_timeseries,sha256:f1620ffa32315698b375587fe1c122404db9b82a56c98e66940100518206b35c
Kaito 社交数据,看跌指标,衡量指标,保留返回行中的看跌指标；分值口径需由对应工具确认。,例如在“对象情绪走势”中按对象和时间窗比较这个值；计算前先核对单位与口径。 此指标是否由当前 Kaito 工具返回仍待核对。,0.2,transformed_test_fixture,https://github.com/cyberight-cap/fewunderstand/blob/23a854c2a02e6b52e424844648d4026737361caa/spider/kaito-social-spider/tests/fixtures/kaito_p0_raw.json,,kaito_entity_sentiment_timeseries,对象情绪走势,data.metrics.bearish,kaito-social-spider.kaito_entity_sentiment_timeseries.data.metrics.bearish,app,field,kaito,kaito-social-spider,kaito-social-spider.kaito_entity_sentiment_timeseries,sha256:f1620ffa32315698b375587fe1c122404db9b82a56c98e66940100518206b35c
Kaito 社交数据,看涨指标,衡量指标,保留返回行中的看涨指标；分值口径需由对应工具确认。,例如在“对象情绪走势”中按对象和时间窗比较这个值；计算前先核对单位与口径。 此指标是否由当前 Kaito 工具返回仍待核对。,0.7,transformed_test_fixture,https://github.com/cyberight-cap/fewunderstand/blob/23a854c2a02e6b52e424844648d4026737361caa/spider/kaito-social-spider/tests/fixtures/kaito_p0_raw.json,,kaito_entity_sentiment_timeseries,对象情绪走势,data.metrics.bullish,kaito-social-spider.kaito_entity_sentiment_timeseries.data.metrics.bullish,app,field,kaito,kaito-social-spider,kaito-social-spider.kaito_entity_sentiment_timeseries,sha256:f1620ffa32315698b375587fe1c122404db9b82a56c98e66940100518206b35c
Kaito 社交数据,变化量,衡量指标,保留返回行中的变化值；比较前需确认变化的基准。,例如在“对象情绪走势”中按对象和时间窗比较这个值；计算前先核对单位与口径。 此指标是否由当前 Kaito 工具返回仍待核对。,,unavailable,,,kaito_entity_sentiment_timeseries,对象情绪走势,data.metrics.change,kaito-social-spider.kaito_entity_sentiment_timeseries.data.metrics.change,app,field,kaito,kaito-social-spider,kaito-social-spider.kaito_entity_sentiment_timeseries,sha256:f1620ffa32315698b375587fe1c122404db9b82a56c98e66940100518206b35c
Kaito 社交数据,当前关注份额,衡量指标,保留当前关注份额；分母和时间窗需由对应工具确认。,例如在“对象情绪走势”中按对象和时间窗比较这个值；计算前先核对单位与口径。 此指标是否由当前 Kaito 工具返回仍待核对。,,unavailable,,,kaito_entity_sentiment_timeseries,对象情绪走势,data.metrics.current_mindshare,kaito-social-spider.kaito_entity_sentiment_timeseries.data.metrics.current_mindshare,app,field,kaito,kaito-social-spider,kaito-social-spider.kaito_entity_sentiment_timeseries,sha256:f1620ffa32315698b375587fe1c122404db9b82a56c98e66940100518206b35c
Kaito 社交数据,变化值,衡量指标,保留相对上一窗口的变化值；比较前需确认方向和单位。,例如在“对象情绪走势”中按对象和时间窗比较这个值；计算前先核对单位与口径。 此指标是否由当前 Kaito 工具返回仍待核对。,,unavailable,,,kaito_entity_sentiment_timeseries,对象情绪走势,data.metrics.delta,kaito-social-spider.kaito_entity_sentiment_timeseries.data.metrics.delta,app,field,kaito,kaito-social-spider,kaito-social-spider.kaito_entity_sentiment_timeseries,sha256:f1620ffa32315698b375587fe1c122404db9b82a56c98e66940100518206b35c
Kaito 社交数据,绝对变化值,衡量指标,保留绝对变化值；不要与百分比变化混用。,例如在“对象情绪走势”中按对象和时间窗比较这个值；计算前先核对单位与口径。 此指标是否由当前 Kaito 工具返回仍待核对。,,unavailable,,,kaito_entity_sentiment_timeseries,对象情绪走势,data.metrics.delta_abs,kaito-social-spider.kaito_entity_sentiment_timeseries.data.metrics.delta_abs,app,field,kaito,kaito-social-spider,kaito-social-spider.kaito_entity_sentiment_timeseries,sha256:f1620ffa32315698b375587fe1c122404db9b82a56c98e66940100518206b35c
Kaito 社交数据,变化百分比,衡量指标,保留百分比变化；需要核对上游使用的是小数还是百分数。,例如在“对象情绪走势”中按对象和时间窗比较这个值；计算前先核对单位与口径。 此指标是否由当前 Kaito 工具返回仍待核对。,,unavailable,,,kaito_entity_sentiment_timeseries,对象情绪走势,data.metrics.delta_pct,kaito-social-spider.kaito_entity_sentiment_timeseries.data.metrics.delta_pct,app,field,kaito,kaito-social-spider,kaito-social-spider.kaito_entity_sentiment_timeseries,sha256:f1620ffa32315698b375587fe1c122404db9b82a56c98e66940100518206b35c
Kaito 社交数据,变化方向,记录属性,标记变化属于上升或下降等方向，用于区分增减。,例如先用这个属性筛选可比较的记录，再查看对应的数值或内容。 此指标是否由当前 Kaito 工具返回仍待核对。,,unavailable,,,kaito_entity_sentiment_timeseries,对象情绪走势,data.metrics.direction,kaito-social-spider.kaito_entity_sentiment_timeseries.data.metrics.direction,app,field,kaito,kaito-social-spider,kaito-social-spider.kaito_entity_sentiment_timeseries,sha256:f1620ffa32315698b375587fe1c122404db9b82a56c98e66940100518206b35c
Kaito 社交数据,互动量,衡量指标,保留返回行的互动量；需核对包含哪些互动行为。,例如统计同一对象在一个窗口内的互动量变化，再对照提及量判断热度来源。 当前工具是否返回此指标仍待核对。,,unavailable,,,kaito_entity_sentiment_timeseries,对象情绪走势,data.metrics.engagement,kaito-social-spider.kaito_entity_sentiment_timeseries.data.metrics.engagement,app,field,kaito,kaito-social-spider,kaito-social-spider.kaito_entity_sentiment_timeseries,sha256:f1620ffa32315698b375587fe1c122404db9b82a56c98e66940100518206b35c
Kaito 社交数据,粉丝数,衡量指标,保留返回行的粉丝数量；需核对统计对象。,例如在“对象情绪走势”中按对象和时间窗比较这个值；计算前先核对单位与口径。 此指标是否由当前 Kaito 工具返回仍待核对。,,unavailable,,,kaito_entity_sentiment_timeseries,对象情绪走势,data.metrics.followers,kaito-social-spider.kaito_entity_sentiment_timeseries.data.metrics.followers,app,field,kaito,kaito-social-spider,kaito-social-spider.kaito_entity_sentiment_timeseries,sha256:f1620ffa32315698b375587fe1c122404db9b82a56c98e66940100518206b35c
Kaito 社交数据,点赞数,衡量指标,保留点赞次数，用于观察内容互动。,例如比较同一批帖子中的点赞分布，识别由少数爆款带来的热度。 当前工具是否返回此指标仍待核对。,,unavailable,,,kaito_entity_sentiment_timeseries,对象情绪走势,data.metrics.likes,kaito-social-spider.kaito_entity_sentiment_timeseries.data.metrics.likes,app,field,kaito,kaito-social-spider,kaito-social-spider.kaito_entity_sentiment_timeseries,sha256:f1620ffa32315698b375587fe1c122404db9b82a56c98e66940100518206b35c
Kaito 社交数据,提及次数,衡量指标,保留提及次数，用于观察讨论量。,例如按天计算项目提及次数，并与过去一周的基线比较。 当前工具是否返回此指标仍待核对。,,unavailable,,,kaito_entity_sentiment_timeseries,对象情绪走势,data.metrics.mention_count,kaito-social-spider.kaito_entity_sentiment_timeseries.data.metrics.mention_count,app,field,kaito,kaito-social-spider,kaito-social-spider.kaito_entity_sentiment_timeseries,sha256:f1620ffa32315698b375587fe1c122404db9b82a56c98e66940100518206b35c
Kaito 社交数据,提及量,衡量指标,保留提及量，用于观察讨论量。,例如按天观察项目被提及的频率，检查增长是否持续。 当前工具是否返回此指标仍待核对。,,unavailable,,,kaito_entity_sentiment_timeseries,对象情绪走势,data.metrics.mentions,kaito-social-spider.kaito_entity_sentiment_timeseries.data.metrics.mentions,app,field,kaito,kaito-social-spider,kaito-social-spider.kaito_entity_sentiment_timeseries,sha256:f1620ffa32315698b375587fe1c122404db9b82a56c98e66940100518206b35c
Kaito 社交数据,提及次数,衡量指标,保留提及次数，用于观察讨论量。,例如按天观察项目被提及的频率，检查增长是否持续。 当前工具是否返回此指标仍待核对。,,unavailable,,,kaito_entity_sentiment_timeseries,对象情绪走势,data.metrics.mentions_count,kaito-social-spider.kaito_entity_sentiment_timeseries.data.metrics.mentions_count,app,field,kaito,kaito-social-spider,kaito-social-spider.kaito_entity_sentiment_timeseries,sha256:f1620ffa32315698b375587fe1c122404db9b82a56c98e66940100518206b35c
Kaito 社交数据,关注份额,衡量指标,保留关注份额；比较前需确认分母、时间窗和来源范围。,例如比较同一来源、同一窗口的关注份额变化，检查项目讨论占比是否持续上升。 当前工具是否返回此指标仍待核对。,,unavailable,,,kaito_entity_sentiment_timeseries,对象情绪走势,data.metrics.mindshare,kaito-social-spider.kaito_entity_sentiment_timeseries.data.metrics.mindshare,app,field,kaito,kaito-social-spider,kaito-social-spider.kaito_entity_sentiment_timeseries,sha256:f1620ffa32315698b375587fe1c122404db9b82a56c98e66940100518206b35c
Kaito 社交数据,当前关注份额,衡量指标,保留当前关注份额；比较前需确认分母和时间窗。,例如在“对象情绪走势”中按对象和时间窗比较这个值；计算前先核对单位与口径。 此指标是否由当前 Kaito 工具返回仍待核对。,,unavailable,,,kaito_entity_sentiment_timeseries,对象情绪走势,data.metrics.mindshare_current,kaito-social-spider.kaito_entity_sentiment_timeseries.data.metrics.mindshare_current,app,field,kaito,kaito-social-spider,kaito-social-spider.kaito_entity_sentiment_timeseries,sha256:f1620ffa32315698b375587fe1c122404db9b82a56c98e66940100518206b35c
Kaito 社交数据,关注份额变化,衡量指标,保留关注份额变化；需与相同口径的前期值比较。,例如筛选关注份额上升最快的项目，再检查绝对讨论量，避免小基数误导。 当前工具是否返回此指标仍待核对。,,unavailable,,,kaito_entity_sentiment_timeseries,对象情绪走势,data.metrics.mindshare_delta,kaito-social-spider.kaito_entity_sentiment_timeseries.data.metrics.mindshare_delta,app,field,kaito,kaito-social-spider,kaito-social-spider.kaito_entity_sentiment_timeseries,sha256:f1620ffa32315698b375587fe1c122404db9b82a56c98e66940100518206b35c
Kaito 社交数据,上期排名,衡量指标,保留上一统计窗口的名次，用于计算排名变化。,例如在“对象情绪走势”中按对象和时间窗比较这个值；计算前先核对单位与口径。 此指标是否由当前 Kaito 工具返回仍待核对。,,unavailable,,,kaito_entity_sentiment_timeseries,对象情绪走势,data.metrics.previous_rank,kaito-social-spider.kaito_entity_sentiment_timeseries.data.metrics.previous_rank,app,field,kaito,kaito-social-spider,kaito-social-spider.kaito_entity_sentiment_timeseries,sha256:f1620ffa32315698b375587fe1c122404db9b82a56c98e66940100518206b35c
Kaito 社交数据,引用数,衡量指标,保留引用转发次数，用于观察内容传播。,例如在“对象情绪走势”中按对象和时间窗比较这个值；计算前先核对单位与口径。 此指标是否由当前 Kaito 工具返回仍待核对。,,unavailable,,,kaito_entity_sentiment_timeseries,对象情绪走势,data.metrics.quotes,kaito-social-spider.kaito_entity_sentiment_timeseries.data.metrics.quotes,app,field,kaito,kaito-social-spider,kaito-social-spider.kaito_entity_sentiment_timeseries,sha256:f1620ffa32315698b375587fe1c122404db9b82a56c98e66940100518206b35c
Kaito 社交数据,排名,衡量指标,保留当前名次，用于查看对象在同口径榜单中的位置。,例如追踪同一榜单中名次的连续变化，而不是只看单次排名。 当前工具是否返回此指标仍待核对。,,unavailable,,,kaito_entity_sentiment_timeseries,对象情绪走势,data.metrics.rank,kaito-social-spider.kaito_entity_sentiment_timeseries.data.metrics.rank,app,field,kaito,kaito-social-spider,kaito-social-spider.kaito_entity_sentiment_timeseries,sha256:f1620ffa32315698b375587fe1c122404db9b82a56c98e66940100518206b35c
Kaito 社交数据,排名变化,衡量指标,保留名次变化；需要确认正负号代表的方向。,例如在“对象情绪走势”中按对象和时间窗比较这个值；计算前先核对单位与口径。 此指标是否由当前 Kaito 工具返回仍待核对。,,unavailable,,,kaito_entity_sentiment_timeseries,对象情绪走势,data.metrics.rank_change,kaito-social-spider.kaito_entity_sentiment_timeseries.data.metrics.rank_change,app,field,kaito,kaito-social-spider,kaito-social-spider.kaito_entity_sentiment_timeseries,sha256:f1620ffa32315698b375587fe1c122404db9b82a56c98e66940100518206b35c
Kaito 社交数据,回复数,衡量指标,保留回复次数，用于观察讨论参与。,例如在“对象情绪走势”中按对象和时间窗比较这个值；计算前先核对单位与口径。 此指标是否由当前 Kaito 工具返回仍待核对。,,unavailable,,,kaito_entity_sentiment_timeseries,对象情绪走势,data.metrics.replies,kaito-social-spider.kaito_entity_sentiment_timeseries.data.metrics.replies,app,field,kaito,kaito-social-spider,kaito-social-spider.kaito_entity_sentiment_timeseries,sha256:f1620ffa32315698b375587fe1c122404db9b82a56c98e66940100518206b35c
Kaito 社交数据,转发数,衡量指标,保留转发次数，用于观察内容传播。,例如在“对象情绪走势”中按对象和时间窗比较这个值；计算前先核对单位与口径。 此指标是否由当前 Kaito 工具返回仍待核对。,,unavailable,,,kaito_entity_sentiment_timeseries,对象情绪走势,data.metrics.retweets,kaito-social-spider.kaito_entity_sentiment_timeseries.data.metrics.retweets,app,field,kaito,kaito-social-spider,kaito-social-spider.kaito_entity_sentiment_timeseries,sha256:f1620ffa32315698b375587fe1c122404db9b82a56c98e66940100518206b35c
Kaito 社交数据,评分,衡量指标,保留工具返回的评分；不同工具的评分不能直接混算。,例如在“对象情绪走势”中按对象和时间窗比较这个值；计算前先核对单位与口径。 此指标是否由当前 Kaito 工具返回仍待核对。,,unavailable,,,kaito_entity_sentiment_timeseries,对象情绪走势,data.metrics.score,kaito-social-spider.kaito_entity_sentiment_timeseries.data.metrics.score,app,field,kaito,kaito-social-spider,kaito-social-spider.kaito_entity_sentiment_timeseries,sha256:f1620ffa32315698b375587fe1c122404db9b82a56c98e66940100518206b35c
Kaito 社交数据,情绪,衡量指标,保留情绪指标；量纲和正负含义需由对应工具确认。,例如把情绪变化与同一窗口的提及量一起看，避免少量帖子主导判断。 当前工具是否返回此指标仍待核对。,0.62,transformed_test_fixture,https://github.com/cyberight-cap/fewunderstand/blob/23a854c2a02e6b52e424844648d4026737361caa/spider/kaito-social-spider/tests/fixtures/kaito_p0_raw.json,,kaito_entity_sentiment_timeseries,对象情绪走势,data.metrics.sentiment,kaito-social-spider.kaito_entity_sentiment_timeseries.data.metrics.sentiment,app,field,kaito,kaito-social-spider,kaito-social-spider.kaito_entity_sentiment_timeseries,sha256:f1620ffa32315698b375587fe1c122404db9b82a56c98e66940100518206b35c
Kaito 社交数据,情绪评分,衡量指标,保留情绪评分；与讨论量一起看更能判断可靠性。,例如把情绪评分与同一窗口的提及量一起看，避免少量帖子主导判断。 当前工具是否返回此指标仍待核对。,,unavailable,,,kaito_entity_sentiment_timeseries,对象情绪走势,data.metrics.sentiment_score,kaito-social-spider.kaito_entity_sentiment_timeseries.data.metrics.sentiment_score,app,field,kaito,kaito-social-spider,kaito-social-spider.kaito_entity_sentiment_timeseries,sha256:f1620ffa32315698b375587fe1c122404db9b82a56c98e66940100518206b35c
Kaito 社交数据,高关注度账号互动量,衡量指标,保留高关注度账号的互动量；账号认定口径需核对。,例如观察高关注度账号的互动是否先于整体互动增加，作为待验证的早期关注线索。 当前工具是否返回此指标仍待核对。,,unavailable,,,kaito_entity_sentiment_timeseries,对象情绪走势,data.metrics.smart_engagement,kaito-social-spider.kaito_entity_sentiment_timeseries.data.metrics.smart_engagement,app,field,kaito,kaito-social-spider,kaito-social-spider.kaito_entity_sentiment_timeseries,sha256:f1620ffa32315698b375587fe1c122404db9b82a56c98e66940100518206b35c
Kaito 社交数据,高关注度账号互动占比,衡量指标,保留高关注度账号互动占比；需核对分母。,例如在“对象情绪走势”中按对象和时间窗比较这个值；计算前先核对单位与口径。 此指标是否由当前 Kaito 工具返回仍待核对。,,unavailable,,,kaito_entity_sentiment_timeseries,对象情绪走势,data.metrics.smart_engagement_ratio,kaito-social-spider.kaito_entity_sentiment_timeseries.data.metrics.smart_engagement_ratio,app,field,kaito,kaito-social-spider,kaito-social-spider.kaito_entity_sentiment_timeseries,sha256:f1620ffa32315698b375587fe1c122404db9b82a56c98e66940100518206b35c
Kaito 社交数据,高关注度粉丝数,衡量指标,保留高关注度粉丝数；账号认定口径需核对。,例如比较同一账号连续两次的高关注度粉丝数，检查是否出现异常增长。 当前工具是否返回此指标仍待核对。,,unavailable,,,kaito_entity_sentiment_timeseries,对象情绪走势,data.metrics.smart_followers,kaito-social-spider.kaito_entity_sentiment_timeseries.data.metrics.smart_followers,app,field,kaito,kaito-social-spider,kaito-social-spider.kaito_entity_sentiment_timeseries,sha256:f1620ffa32315698b375587fe1c122404db9b82a56c98e66940100518206b35c
Kaito 社交数据,指标时间,时间定位,标记指标对应的时间点，用于组成时间序列。,例如按同一时间窗分组，并检查记录是否过时。 此指标是否由当前 Kaito 工具返回仍待核对。,2026-07-19T00:00:00Z,transformed_test_fixture,https://github.com/cyberight-cap/fewunderstand/blob/23a854c2a02e6b52e424844648d4026737361caa/spider/kaito-social-spider/tests/fixtures/kaito_p0_raw.json,,kaito_entity_sentiment_timeseries,对象情绪走势,data.metrics.timestamp,kaito-social-spider.kaito_entity_sentiment_timeseries.data.metrics.timestamp,app,field,kaito,kaito-social-spider,kaito-social-spider.kaito_entity_sentiment_timeseries,sha256:f1620ffa32315698b375587fe1c122404db9b82a56c98e66940100518206b35c
Kaito 社交数据,总互动量,衡量指标,保留总互动量，用于观察讨论热度。,例如与提及次数一起比较，区分少数高互动内容和广泛讨论。 当前工具是否返回此指标仍待核对。,,unavailable,,,kaito_entity_sentiment_timeseries,对象情绪走势,data.metrics.total_engagement,kaito-social-spider.kaito_entity_sentiment_timeseries.data.metrics.total_engagement,app,field,kaito,kaito-social-spider,kaito-social-spider.kaito_entity_sentiment_timeseries,sha256:f1620ffa32315698b375587fe1c122404db9b82a56c98e66940100518206b35c
Kaito 社交数据,指标值,衡量指标,保留时间序列或指标行的数值；含义取决于对应工具。,例如在“对象情绪走势”中按对象和时间窗比较这个值；计算前先核对单位与口径。 此指标是否由当前 Kaito 工具返回仍待核对。,,unavailable,,,kaito_entity_sentiment_timeseries,对象情绪走势,data.metrics.value,kaito-social-spider.kaito_entity_sentiment_timeseries.data.metrics.value,app,field,kaito,kaito-social-spider,kaito-social-spider.kaito_entity_sentiment_timeseries,sha256:f1620ffa32315698b375587fe1c122404db9b82a56c98e66940100518206b35c
Kaito 社交数据,浏览量,衡量指标,保留浏览次数，用于观察内容曝光。,例如用浏览量作曝光参考，再看互动量是否同步增长。 当前工具是否返回此指标仍待核对。,,unavailable,,,kaito_entity_sentiment_timeseries,对象情绪走势,data.metrics.views,kaito-social-spider.kaito_entity_sentiment_timeseries.data.metrics.views,app,field,kaito,kaito-social-spider,kaito-social-spider.kaito_entity_sentiment_timeseries,sha256:f1620ffa32315698b375587fe1c122404db9b82a56c98e66940100518206b35c
Kaito 社交数据,平台,记录属性,标记内容所在的平台，便于区分来源渠道。,例如先用这个属性筛选可比较的记录，再查看对应的数值或内容。,kaito,transformed_test_fixture,https://github.com/cyberight-cap/fewunderstand/blob/23a854c2a02e6b52e424844648d4026737361caa/spider/kaito-social-spider/tests/fixtures/kaito_p0_raw.json,,kaito_entity_sentiment_timeseries,对象情绪走势,data.platform,kaito-social-spider.kaito_entity_sentiment_timeseries.data.platform,app,field,kaito,kaito-social-spider,kaito-social-spider.kaito_entity_sentiment_timeseries,sha256:f1620ffa32315698b375587fe1c122404db9b82a56c98e66940100518206b35c
Kaito 社交数据,原始数据,原始或结构数据,保留该 Kaito 记录对应的原始返回行，用于回查未提取的键。,点开返回样本核对内部键，再决定是否需要提取为独立字段。,"{""entity_id"": ""pendle"", ""symbol"": ""PENDLE"", ""timestamp"": ""2026-07-19T00:00:00Z"", ""sentiment"": 0.62, ""bullish"": 0.7, ""bearish"": 0.2}",transformed_test_fixture,https://github.com/cyberight-cap/fewunderstand/blob/23a854c2a02e6b52e424844648d4026737361caa/spider/kaito-social-spider/tests/fixtures/kaito_p0_raw.json,,kaito_entity_sentiment_timeseries,对象情绪走势,data.raw,kaito-social-spider.kaito_entity_sentiment_timeseries.data.raw,app,field,kaito,kaito-social-spider,kaito-social-spider.kaito_entity_sentiment_timeseries,sha256:f1620ffa32315698b375587fe1c122404db9b82a56c98e66940100518206b35c
Kaito 社交数据,记录类型,来源与溯源,标记转换后的 Kaito 记录类型，便于选择正确的处理规则。,例如排查一条指标的来源或重复记录时，用它回到原始查询和处理链。,kaito_entity_sentiment_timeseries,transformed_test_fixture,https://github.com/cyberight-cap/fewunderstand/blob/23a854c2a02e6b52e424844648d4026737361caa/spider/kaito-social-spider/tests/fixtures/kaito_p0_raw.json,,kaito_entity_sentiment_timeseries,对象情绪走势,data.record_type,kaito-social-spider.kaito_entity_sentiment_timeseries.data.record_type,v2,field,kaito,kaito-social-spider,kaito-social-spider.kaito_entity_sentiment_timeseries,sha256:f1620ffa32315698b375587fe1c122404db9b82a56c98e66940100518206b35c
Kaito 社交数据,请求信息,原始或结构数据,保存调用 Kaito 工具的请求元信息，用于核对查询条件。,点开返回样本核对内部键，再决定是否需要提取为独立字段。,"{""tool"": ""kaito_sentiment_entity"", ""params_hash"": ""222c409f6e54f754"", ""window_start"": null, ""window_end"": null, ""window"": ""30d""}",transformed_test_fixture,https://github.com/cyberight-cap/fewunderstand/blob/23a854c2a02e6b52e424844648d4026737361caa/spider/kaito-social-spider/tests/fixtures/kaito_p0_raw.json,,kaito_entity_sentiment_timeseries,对象情绪走势,data.request,kaito-social-spider.kaito_entity_sentiment_timeseries.data.request,app,field,kaito,kaito-social-spider,kaito-social-spider.kaito_entity_sentiment_timeseries,sha256:f1620ffa32315698b375587fe1c122404db9b82a56c98e66940100518206b35c
Kaito 社交数据,请求参数摘要,来源与溯源,保存脱敏后的请求参数摘要，用于识别同一次查询条件。,例如排查一条指标的来源或重复记录时，用它回到原始查询和处理链。,222c409f6e54f754,transformed_test_fixture,https://github.com/cyberight-cap/fewunderstand/blob/23a854c2a02e6b52e424844648d4026737361caa/spider/kaito-social-spider/tests/fixtures/kaito_p0_raw.json,,kaito_entity_sentiment_timeseries,对象情绪走势,data.request.params_hash,kaito-social-spider.kaito_entity_sentiment_timeseries.data.request.params_hash,app,field,kaito,kaito-social-spider,kaito-social-spider.kaito_entity_sentiment_timeseries,sha256:f1620ffa32315698b375587fe1c122404db9b82a56c98e66940100518206b35c
Kaito 社交数据,请求工具,来源与溯源,指出产生这条记录的 Kaito 工具，用于核对指标口径。,例如排查一条指标的来源或重复记录时，用它回到原始查询和处理链。,kaito_sentiment_entity,transformed_test_fixture,https://github.com/cyberight-cap/fewunderstand/blob/23a854c2a02e6b52e424844648d4026737361caa/spider/kaito-social-spider/tests/fixtures/kaito_p0_raw.json,,kaito_entity_sentiment_timeseries,对象情绪走势,data.request.tool,kaito-social-spider.kaito_entity_sentiment_timeseries.data.request.tool,app,field,kaito,kaito-social-spider,kaito-social-spider.kaito_entity_sentiment_timeseries,sha256:f1620ffa32315698b375587fe1c122404db9b82a56c98e66940100518206b35c
Kaito 社交数据,请求时间窗口,来源与溯源,记录请求时使用的时间窗口，用于比较同口径数据。,例如排查一条指标的来源或重复记录时，用它回到原始查询和处理链。,30d,transformed_test_fixture,https://github.com/cyberight-cap/fewunderstand/blob/23a854c2a02e6b52e424844648d4026737361caa/spider/kaito-social-spider/tests/fixtures/kaito_p0_raw.json,,kaito_entity_sentiment_timeseries,对象情绪走势,data.request.window,kaito-social-spider.kaito_entity_sentiment_timeseries.data.request.window,app,field,kaito,kaito-social-spider,kaito-social-spider.kaito_entity_sentiment_timeseries,sha256:f1620ffa32315698b375587fe1c122404db9b82a56c98e66940100518206b35c
Kaito 社交数据,请求窗口结束,来源与溯源,记录请求窗口的结束时间，用于界定统计区间。,例如排查一条指标的来源或重复记录时，用它回到原始查询和处理链。,,transformed_test_fixture,https://github.com/cyberight-cap/fewunderstand/blob/23a854c2a02e6b52e424844648d4026737361caa/spider/kaito-social-spider/tests/fixtures/kaito_p0_raw.json,,kaito_entity_sentiment_timeseries,对象情绪走势,data.request.window_end,kaito-social-spider.kaito_entity_sentiment_timeseries.data.request.window_end,app,field,kaito,kaito-social-spider,kaito-social-spider.kaito_entity_sentiment_timeseries,sha256:f1620ffa32315698b375587fe1c122404db9b82a56c98e66940100518206b35c
Kaito 社交数据,请求窗口开始,来源与溯源,记录请求窗口的开始时间，用于界定统计区间。,例如排查一条指标的来源或重复记录时，用它回到原始查询和处理链。,,transformed_test_fixture,https://github.com/cyberight-cap/fewunderstand/blob/23a854c2a02e6b52e424844648d4026737361caa/spider/kaito-social-spider/tests/fixtures/kaito_p0_raw.json,,kaito_entity_sentiment_timeseries,对象情绪走势,data.request.window_start,kaito-social-spider.kaito_entity_sentiment_timeseries.data.request.window_start,app,field,kaito,kaito-social-spider,kaito-social-spider.kaito_entity_sentiment_timeseries,sha256:f1620ffa32315698b375587fe1c122404db9b82a56c98e66940100518206b35c
Kaito 社交数据,统计窗口,时间定位,保存记录对应的统计窗口，用于避免混合不同时间跨度。,例如按同一时间窗分组，并检查记录是否过时。,30d,transformed_test_fixture,https://github.com/cyberight-cap/fewunderstand/blob/23a854c2a02e6b52e424844648d4026737361caa/spider/kaito-social-spider/tests/fixtures/kaito_p0_raw.json,,kaito_entity_sentiment_timeseries,对象情绪走势,data.window,kaito-social-spider.kaito_entity_sentiment_timeseries.data.window,app,field,kaito,kaito-social-spider,kaito-social-spider.kaito_entity_sentiment_timeseries,sha256:f1620ffa32315698b375587fe1c122404db9b82a56c98e66940100518206b35c
Kaito 社交数据,处理溯源,来源与溯源,保存处理链路元信息，用于追查记录如何产生。,例如排查一条指标的来源或重复记录时，用它回到原始查询和处理链。,"{""event_id"": ""evt:b8921aa0d76b9717882c07a61038a728"", ""trace_id"": ""evt:b8921aa0d76b9717882c07a61038a728"", ""parent_event_ids"": [], ""source_event_id"": null, ""record_type"": ""kaito_entity_sentiment_timeseries"", ""schema_version"": ""pipeline-lineage/v1"", ""producer"": ""kaito-social-spider"", ""processing_stage"": ""ingest"", ""observed_at"": ""2026-07-19T00:00:00Z"", ""processed_at"": ""2026-07-19T00:00:00Z"", ""source_topic"": null, ""source_partition"": null, ""source_offset"": null, ""asset_id"": null}",transformed_test_fixture,https://github.com/cyberight-cap/fewunderstand/blob/23a854c2a02e6b52e424844648d4026737361caa/spider/kaito-social-spider/tests/fixtures/kaito_p0_raw.json,,kaito_entity_sentiment_timeseries,对象情绪走势,lineage,kaito-social-spider.kaito_entity_sentiment_timeseries.lineage,app,field,kaito,kaito-social-spider,kaito-social-spider.kaito_entity_sentiment_timeseries,sha256:f1620ffa32315698b375587fe1c122404db9b82a56c98e66940100518206b35c
Kaito 社交数据,资产 ID,来源与溯源,保存解析后的内部资产 ID；未完成资产绑定时可能为空。,例如排查一条指标的来源或重复记录时，用它回到原始查询和处理链。,,transformed_test_fixture,https://github.com/cyberight-cap/fewunderstand/blob/23a854c2a02e6b52e424844648d4026737361caa/spider/kaito-social-spider/tests/fixtures/kaito_p0_raw.json,,kaito_entity_sentiment_timeseries,对象情绪走势,lineage.asset_id,kaito-social-spider.kaito_entity_sentiment_timeseries.lineage.asset_id,app,field,kaito,kaito-social-spider,kaito-social-spider.kaito_entity_sentiment_timeseries,sha256:f1620ffa32315698b375587fe1c122404db9b82a56c98e66940100518206b35c
Kaito 社交数据,事件 ID,来源与溯源,稳定识别这条事件，用于追踪后续计算与结果。,例如排查一条指标的来源或重复记录时，用它回到原始查询和处理链。,evt:b8921aa0d76b9717882c07a61038a728,transformed_test_fixture,https://github.com/cyberight-cap/fewunderstand/blob/23a854c2a02e6b52e424844648d4026737361caa/spider/kaito-social-spider/tests/fixtures/kaito_p0_raw.json,,kaito_entity_sentiment_timeseries,对象情绪走势,lineage.event_id,kaito-social-spider.kaito_entity_sentiment_timeseries.lineage.event_id,app,field,kaito,kaito-social-spider,kaito-social-spider.kaito_entity_sentiment_timeseries,sha256:f1620ffa32315698b375587fe1c122404db9b82a56c98e66940100518206b35c
Kaito 社交数据,观察时间,来源与溯源,记录事实被观察的时间，用于确认原始数据时效。,例如排查一条指标的来源或重复记录时，用它回到原始查询和处理链。,2026-07-19T00:00:00Z,transformed_test_fixture,https://github.com/cyberight-cap/fewunderstand/blob/23a854c2a02e6b52e424844648d4026737361caa/spider/kaito-social-spider/tests/fixtures/kaito_p0_raw.json,,kaito_entity_sentiment_timeseries,对象情绪走势,lineage.observed_at,kaito-social-spider.kaito_entity_sentiment_timeseries.lineage.observed_at,app,field,kaito,kaito-social-spider,kaito-social-spider.kaito_entity_sentiment_timeseries,sha256:f1620ffa32315698b375587fe1c122404db9b82a56c98e66940100518206b35c
Kaito 社交数据,上游事件 ID,来源与溯源,保存上游事件 ID，用于追溯派生结果的输入。,例如排查一条指标的来源或重复记录时，用它回到原始查询和处理链。,[],transformed_test_fixture,https://github.com/cyberight-cap/fewunderstand/blob/23a854c2a02e6b52e424844648d4026737361caa/spider/kaito-social-spider/tests/fixtures/kaito_p0_raw.json,,kaito_entity_sentiment_timeseries,对象情绪走势,lineage.parent_event_ids,kaito-social-spider.kaito_entity_sentiment_timeseries.lineage.parent_event_ids,app,field,kaito,kaito-social-spider,kaito-social-spider.kaito_entity_sentiment_timeseries,sha256:f1620ffa32315698b375587fe1c122404db9b82a56c98e66940100518206b35c
Kaito 社交数据,处理时间,来源与溯源,记录处理程序生成消息的时间，用于定位处理延迟。,例如排查一条指标的来源或重复记录时，用它回到原始查询和处理链。,2026-07-19T00:00:00Z,transformed_test_fixture,https://github.com/cyberight-cap/fewunderstand/blob/23a854c2a02e6b52e424844648d4026737361caa/spider/kaito-social-spider/tests/fixtures/kaito_p0_raw.json,,kaito_entity_sentiment_timeseries,对象情绪走势,lineage.processed_at,kaito-social-spider.kaito_entity_sentiment_timeseries.lineage.processed_at,app,field,kaito,kaito-social-spider,kaito-social-spider.kaito_entity_sentiment_timeseries,sha256:f1620ffa32315698b375587fe1c122404db9b82a56c98e66940100518206b35c
Kaito 社交数据,处理阶段,来源与溯源,标记当前处理阶段，用于区分采集与后续加工。,例如排查一条指标的来源或重复记录时，用它回到原始查询和处理链。,ingest,transformed_test_fixture,https://github.com/cyberight-cap/fewunderstand/blob/23a854c2a02e6b52e424844648d4026737361caa/spider/kaito-social-spider/tests/fixtures/kaito_p0_raw.json,,kaito_entity_sentiment_timeseries,对象情绪走势,lineage.processing_stage,kaito-social-spider.kaito_entity_sentiment_timeseries.lineage.processing_stage,app,field,kaito,kaito-social-spider,kaito-social-spider.kaito_entity_sentiment_timeseries,sha256:f1620ffa32315698b375587fe1c122404db9b82a56c98e66940100518206b35c
Kaito 社交数据,生产程序,来源与溯源,标记生成这条消息的程序，用于核对生产来源。,例如排查一条指标的来源或重复记录时，用它回到原始查询和处理链。,kaito-social-spider,transformed_test_fixture,https://github.com/cyberight-cap/fewunderstand/blob/23a854c2a02e6b52e424844648d4026737361caa/spider/kaito-social-spider/tests/fixtures/kaito_p0_raw.json,,kaito_entity_sentiment_timeseries,对象情绪走势,lineage.producer,kaito-social-spider.kaito_entity_sentiment_timeseries.lineage.producer,app,field,kaito,kaito-social-spider,kaito-social-spider.kaito_entity_sentiment_timeseries,sha256:f1620ffa32315698b375587fe1c122404db9b82a56c98e66940100518206b35c
Kaito 社交数据,溯源记录类型,来源与溯源,标记溯源信封里的记录类型，用于验证处理链路。,例如排查一条指标的来源或重复记录时，用它回到原始查询和处理链。,kaito_entity_sentiment_timeseries,transformed_test_fixture,https://github.com/cyberight-cap/fewunderstand/blob/23a854c2a02e6b52e424844648d4026737361caa/spider/kaito-social-spider/tests/fixtures/kaito_p0_raw.json,,kaito_entity_sentiment_timeseries,对象情绪走势,lineage.record_type,kaito-social-spider.kaito_entity_sentiment_timeseries.lineage.record_type,app,field,kaito,kaito-social-spider,kaito-social-spider.kaito_entity_sentiment_timeseries,sha256:f1620ffa32315698b375587fe1c122404db9b82a56c98e66940100518206b35c
Kaito 社交数据,结构版本,来源与溯源,标记消息结构版本，用于兼容不同版本的处理代码。,例如排查一条指标的来源或重复记录时，用它回到原始查询和处理链。,pipeline-lineage/v1,transformed_test_fixture,https://github.com/cyberight-cap/fewunderstand/blob/23a854c2a02e6b52e424844648d4026737361caa/spider/kaito-social-spider/tests/fixtures/kaito_p0_raw.json,,kaito_entity_sentiment_timeseries,对象情绪走势,lineage.schema_version,kaito-social-spider.kaito_entity_sentiment_timeseries.lineage.schema_version,app,field,kaito,kaito-social-spider,kaito-social-spider.kaito_entity_sentiment_timeseries,sha256:f1620ffa32315698b375587fe1c122404db9b82a56c98e66940100518206b35c
Kaito 社交数据,来源事件 ID,来源与溯源,保存来源系统的事件 ID，用于跨系统回查。,例如排查一条指标的来源或重复记录时，用它回到原始查询和处理链。,,transformed_test_fixture,https://github.com/cyberight-cap/fewunderstand/blob/23a854c2a02e6b52e424844648d4026737361caa/spider/kaito-social-spider/tests/fixtures/kaito_p0_raw.json,,kaito_entity_sentiment_timeseries,对象情绪走势,lineage.source_event_id,kaito-social-spider.kaito_entity_sentiment_timeseries.lineage.source_event_id,app,field,kaito,kaito-social-spider,kaito-social-spider.kaito_entity_sentiment_timeseries,sha256:f1620ffa32315698b375587fe1c122404db9b82a56c98e66940100518206b35c
Kaito 社交数据,来源偏移量,来源与溯源,保存来源消息偏移量，用于定位消息流位置。,例如排查一条指标的来源或重复记录时，用它回到原始查询和处理链。,,transformed_test_fixture,https://github.com/cyberight-cap/fewunderstand/blob/23a854c2a02e6b52e424844648d4026737361caa/spider/kaito-social-spider/tests/fixtures/kaito_p0_raw.json,,kaito_entity_sentiment_timeseries,对象情绪走势,lineage.source_offset,kaito-social-spider.kaito_entity_sentiment_timeseries.lineage.source_offset,app,field,kaito,kaito-social-spider,kaito-social-spider.kaito_entity_sentiment_timeseries,sha256:f1620ffa32315698b375587fe1c122404db9b82a56c98e66940100518206b35c
Kaito 社交数据,来源分区,来源与溯源,保存来源消息分区，用于定位消息流位置。,例如排查一条指标的来源或重复记录时，用它回到原始查询和处理链。,,transformed_test_fixture,https://github.com/cyberight-cap/fewunderstand/blob/23a854c2a02e6b52e424844648d4026737361caa/spider/kaito-social-spider/tests/fixtures/kaito_p0_raw.json,,kaito_entity_sentiment_timeseries,对象情绪走势,lineage.source_partition,kaito-social-spider.kaito_entity_sentiment_timeseries.lineage.source_partition,app,field,kaito,kaito-social-spider,kaito-social-spider.kaito_entity_sentiment_timeseries,sha256:f1620ffa32315698b375587fe1c122404db9b82a56c98e66940100518206b35c
Kaito 社交数据,来源主题,来源与溯源,保存来源主题名称，用于定位消息流位置。,例如排查一条指标的来源或重复记录时，用它回到原始查询和处理链。,,transformed_test_fixture,https://github.com/cyberight-cap/fewunderstand/blob/23a854c2a02e6b52e424844648d4026737361caa/spider/kaito-social-spider/tests/fixtures/kaito_p0_raw.json,,kaito_entity_sentiment_timeseries,对象情绪走势,lineage.source_topic,kaito-social-spider.kaito_entity_sentiment_timeseries.lineage.source_topic,app,field,kaito,kaito-social-spider,kaito-social-spider.kaito_entity_sentiment_timeseries,sha256:f1620ffa32315698b375587fe1c122404db9b82a56c98e66940100518206b35c
Kaito 社交数据,追踪 ID,来源与溯源,关联同一处理链路上的事件，用于端到端追踪。,例如排查一条指标的来源或重复记录时，用它回到原始查询和处理链。,evt:b8921aa0d76b9717882c07a61038a728,transformed_test_fixture,https://github.com/cyberight-cap/fewunderstand/blob/23a854c2a02e6b52e424844648d4026737361caa/spider/kaito-social-spider/tests/fixtures/kaito_p0_raw.json,,kaito_entity_sentiment_timeseries,对象情绪走势,lineage.trace_id,kaito-social-spider.kaito_entity_sentiment_timeseries.lineage.trace_id,app,field,kaito,kaito-social-spider,kaito-social-spider.kaito_entity_sentiment_timeseries,sha256:f1620ffa32315698b375587fe1c122404db9b82a56c98e66940100518206b35c
Kaito 社交数据,原始文本,内容理解,保留内容的原始文本，用于回查清洗前的信息。,例如筛选与目标项目相关的内容，再点回原文人工核查。,,unavailable,,,kaito_entity_sentiment_timeseries,对象情绪走势,raw_text,kaito-social-spider.kaito_entity_sentiment_timeseries.raw_text,app,field,kaito,kaito-social-spider,kaito-social-spider.kaito_entity_sentiment_timeseries,sha256:f1620ffa32315698b375587fe1c122404db9b82a56c98e66940100518206b35c
Kaito 社交数据,来源,来源与溯源,标记这条记录的来源，用于筛选和核对数据出处。,例如排查一条指标的来源或重复记录时，用它回到原始查询和处理链。,kaito,transformed_test_fixture,https://github.com/cyberight-cap/fewunderstand/blob/23a854c2a02e6b52e424844648d4026737361caa/spider/kaito-social-spider/tests/fixtures/kaito_p0_raw.json,,kaito_entity_sentiment_timeseries,对象情绪走势,source,kaito-social-spider.kaito_entity_sentiment_timeseries.source,app,field,kaito,kaito-social-spider,kaito-social-spider.kaito_entity_sentiment_timeseries,sha256:f1620ffa32315698b375587fe1c122404db9b82a56c98e66940100518206b35c
Kaito 社交数据,正文,内容理解,保存消息或帖子的正文，用于关键词、主题和事件分析。,例如查找项目名或事件关键词，并结合消息时间和来源做人工核对。,,unavailable,,,kaito_entity_sentiment_timeseries,对象情绪走势,text,kaito-social-spider.kaito_entity_sentiment_timeseries.text,app,field,kaito,kaito-social-spider,kaito-social-spider.kaito_entity_sentiment_timeseries,sha256:f1620ffa32315698b375587fe1c122404db9b82a56c98e66940100518206b35c
Kaito 社交数据,记录时间,时间定位,记录该数据对应的时间点，用于排序或时间窗聚合。,例如按同一时间窗分组，并检查记录是否过时。,2026-07-19T00:00:00Z,transformed_test_fixture,https://github.com/cyberight-cap/fewunderstand/blob/23a854c2a02e6b52e424844648d4026737361caa/spider/kaito-social-spider/tests/fixtures/kaito_p0_raw.json,,kaito_entity_sentiment_timeseries,对象情绪走势,timestamp,kaito-social-spider.kaito_entity_sentiment_timeseries.timestamp,app,field,kaito,kaito-social-spider,kaito-social-spider.kaito_entity_sentiment_timeseries,sha256:f1620ffa32315698b375587fe1c122404db9b82a56c98e66940100518206b35c
Kaito 社交数据,标题,内容理解,保存内容标题，用于快速判断主题。,例如先用标题筛选相关内容，再用正文或原文链接验证。,,unavailable,,,kaito_entity_sentiment_timeseries,对象情绪走势,title,kaito-social-spider.kaito_entity_sentiment_timeseries.title,app,field,kaito,kaito-social-spider,kaito-social-spider.kaito_entity_sentiment_timeseries,sha256:f1620ffa32315698b375587fe1c122404db9b82a56c98e66940100518206b35c
Kaito 社交数据,链接地址,对象识别,保存内容原文地址，用于回查和去重。,例如把同一对象在不同时间的记录对齐，再比较指标变化。,,unavailable,,,kaito_entity_sentiment_timeseries,对象情绪走势,url,kaito-social-spider.kaito_entity_sentiment_timeseries.url,app,field,kaito,kaito-social-spider,kaito-social-spider.kaito_entity_sentiment_timeseries,sha256:f1620ffa32315698b375587fe1c122404db9b82a56c98e66940100518206b35c
Kaito 社交数据,事件,记录类型,这类记录包含下列可展开的字段定义。,先选择记录类型，再查看字段用途与返回样本。,,unavailable,,,kaito_event,事件,kaito_event,kaito-social-spider.kaito_event,app,record_type,kaito,kaito-social-spider,kaito-social-spider.kaito_event,sha256:f1620ffa32315698b375587fe1c122404db9b82a56c98e66940100518206b35c
Kaito 社交数据,作者,内容理解,指出内容的作者，便于按发布者汇总或回到原帖。,例如筛选与目标项目相关的内容，再点回原文人工核查。,,unavailable,,,kaito_event,事件,author,kaito-social-spider.kaito_event.author,app,field,kaito,kaito-social-spider,kaito-social-spider.kaito_event,sha256:f1620ffa32315698b375587fe1c122404db9b82a56c98e66940100518206b35c
Kaito 社交数据,数据对象,原始或结构数据,装载这一类记录的主要业务数据；应继续展开具体子字段。,点开返回样本核对内部键，再决定是否需要提取为独立字段。,"{""platform"": ""kaito"", ""content_type"": ""social_intelligence"", ""record_type"": ""kaito_event"", ""entity"": {""kaito_id"": ""pendle"", ""symbol"": ""PENDLE"", ""name"": ""Pendle"", ""coingecko_slug"": null}, ""window"": ""next_14d"", ""metrics"": {""timestamp"": ""2026-07-25T00:00:00Z""}, ""request"": {""tool"": ""kaito_events"", ""params_hash"": ""22ab6f88a2be5419"", ""window_start"": null, ""window_end"": null, ""window"": ""next_14d""}, ""raw"": {""entity_id"": ""pendle"", ""symbol"": ""PENDLE"", ""name"": ""Pendle"", ""timestamp"": ""2026-07-25T00:00:00Z"", ""event_type"": ""unlock"", ""title"": ""Example catalyst""}}",transformed_test_fixture,https://github.com/cyberight-cap/fewunderstand/blob/23a854c2a02e6b52e424844648d4026737361caa/spider/kaito-social-spider/tests/fixtures/kaito_p0_raw.json,,kaito_event,事件,data,kaito-social-spider.kaito_event.data,app,field,kaito,kaito-social-spider,kaito-social-spider.kaito_event,sha256:f1620ffa32315698b375587fe1c122404db9b82a56c98e66940100518206b35c
Kaito 社交数据,内容类型,记录属性,说明 Kaito 记录的内容类别，便于区分不同内容。,例如先用这个属性筛选可比较的记录，再查看对应的数值或内容。,social_intelligence,transformed_test_fixture,https://github.com/cyberight-cap/fewunderstand/blob/23a854c2a02e6b52e424844648d4026737361caa/spider/kaito-social-spider/tests/fixtures/kaito_p0_raw.json,,kaito_event,事件,data.content_type,kaito-social-spider.kaito_event.data.content_type,app,field,kaito,kaito-social-spider,kaito-social-spider.kaito_event,sha256:f1620ffa32315698b375587fe1c122404db9b82a56c98e66940100518206b35c
Kaito 社交数据,对象信息,原始或结构数据,保存被分析对象的身份信息，用于关联同一项目或资产。,点开返回样本核对内部键，再决定是否需要提取为独立字段。,"{""kaito_id"": ""pendle"", ""symbol"": ""PENDLE"", ""name"": ""Pendle"", ""coingecko_slug"": null}",transformed_test_fixture,https://github.com/cyberight-cap/fewunderstand/blob/23a854c2a02e6b52e424844648d4026737361caa/spider/kaito-social-spider/tests/fixtures/kaito_p0_raw.json,,kaito_event,事件,data.entity,kaito-social-spider.kaito_event.data.entity,app,field,kaito,kaito-social-spider,kaito-social-spider.kaito_event,sha256:f1620ffa32315698b375587fe1c122404db9b82a56c98e66940100518206b35c
Kaito 社交数据,CoinGecko 标识,对象识别,保存 CoinGecko 的对象标识，便于跨来源对齐同一资产。,例如把同一对象在不同时间的记录对齐，再比较指标变化。,,transformed_test_fixture,https://github.com/cyberight-cap/fewunderstand/blob/23a854c2a02e6b52e424844648d4026737361caa/spider/kaito-social-spider/tests/fixtures/kaito_p0_raw.json,,kaito_event,事件,data.entity.coingecko_slug,kaito-social-spider.kaito_event.data.entity.coingecko_slug,app,field,kaito,kaito-social-spider,kaito-social-spider.kaito_event,sha256:f1620ffa32315698b375587fe1c122404db9b82a56c98e66940100518206b35c
Kaito 社交数据,Kaito ID,对象识别,保存 Kaito 的对象标识，便于合并同一对象的多条记录。,例如把同一对象在不同时间的记录对齐，再比较指标变化。,pendle,transformed_test_fixture,https://github.com/cyberight-cap/fewunderstand/blob/23a854c2a02e6b52e424844648d4026737361caa/spider/kaito-social-spider/tests/fixtures/kaito_p0_raw.json,,kaito_event,事件,data.entity.kaito_id,kaito-social-spider.kaito_event.data.entity.kaito_id,app,field,kaito,kaito-social-spider,kaito-social-spider.kaito_event,sha256:f1620ffa32315698b375587fe1c122404db9b82a56c98e66940100518206b35c
Kaito 社交数据,对象名称,对象识别,显示被分析对象的名称，便于人工核对。,例如把同一对象在不同时间的记录对齐，再比较指标变化。,Pendle,transformed_test_fixture,https://github.com/cyberight-cap/fewunderstand/blob/23a854c2a02e6b52e424844648d4026737361caa/spider/kaito-social-spider/tests/fixtures/kaito_p0_raw.json,,kaito_event,事件,data.entity.name,kaito-social-spider.kaito_event.data.entity.name,app,field,kaito,kaito-social-spider,kaito-social-spider.kaito_event,sha256:f1620ffa32315698b375587fe1c122404db9b82a56c98e66940100518206b35c
Kaito 社交数据,资产代码,对象识别,保存对象的资产代码，便于与市场数据匹配；同名代码仍需核验。,例如把同一对象在不同时间的记录对齐，再比较指标变化。,PENDLE,transformed_test_fixture,https://github.com/cyberight-cap/fewunderstand/blob/23a854c2a02e6b52e424844648d4026737361caa/spider/kaito-social-spider/tests/fixtures/kaito_p0_raw.json,,kaito_event,事件,data.entity.symbol,kaito-social-spider.kaito_event.data.entity.symbol,v2,field,kaito,kaito-social-spider,kaito-social-spider.kaito_event,sha256:f1620ffa32315698b375587fe1c122404db9b82a56c98e66940100518206b35c
Kaito 社交数据,指标集合,原始或结构数据,装载 Kaito 返回行中提取出的指标；具体有哪些键取决于工具返回。,点开返回样本核对内部键，再决定是否需要提取为独立字段。,"{""timestamp"": ""2026-07-25T00:00:00Z""}",transformed_test_fixture,https://github.com/cyberight-cap/fewunderstand/blob/23a854c2a02e6b52e424844648d4026737361caa/spider/kaito-social-spider/tests/fixtures/kaito_p0_raw.json,,kaito_event,事件,data.metrics,kaito-social-spider.kaito_event.data.metrics,app,field,kaito,kaito-social-spider,kaito-social-spider.kaito_event,sha256:f1620ffa32315698b375587fe1c122404db9b82a56c98e66940100518206b35c
Kaito 社交数据,看跌指标,衡量指标,保留返回行中的看跌指标；分值口径需由对应工具确认。,例如在“事件”中按对象和时间窗比较这个值；计算前先核对单位与口径。 此指标是否由当前 Kaito 工具返回仍待核对。,,unavailable,,,kaito_event,事件,data.metrics.bearish,kaito-social-spider.kaito_event.data.metrics.bearish,app,field,kaito,kaito-social-spider,kaito-social-spider.kaito_event,sha256:f1620ffa32315698b375587fe1c122404db9b82a56c98e66940100518206b35c
Kaito 社交数据,看涨指标,衡量指标,保留返回行中的看涨指标；分值口径需由对应工具确认。,例如在“事件”中按对象和时间窗比较这个值；计算前先核对单位与口径。 此指标是否由当前 Kaito 工具返回仍待核对。,,unavailable,,,kaito_event,事件,data.metrics.bullish,kaito-social-spider.kaito_event.data.metrics.bullish,app,field,kaito,kaito-social-spider,kaito-social-spider.kaito_event,sha256:f1620ffa32315698b375587fe1c122404db9b82a56c98e66940100518206b35c
Kaito 社交数据,变化量,衡量指标,保留返回行中的变化值；比较前需确认变化的基准。,例如在“事件”中按对象和时间窗比较这个值；计算前先核对单位与口径。 此指标是否由当前 Kaito 工具返回仍待核对。,,unavailable,,,kaito_event,事件,data.metrics.change,kaito-social-spider.kaito_event.data.metrics.change,app,field,kaito,kaito-social-spider,kaito-social-spider.kaito_event,sha256:f1620ffa32315698b375587fe1c122404db9b82a56c98e66940100518206b35c
Kaito 社交数据,当前关注份额,衡量指标,保留当前关注份额；分母和时间窗需由对应工具确认。,例如在“事件”中按对象和时间窗比较这个值；计算前先核对单位与口径。 此指标是否由当前 Kaito 工具返回仍待核对。,,unavailable,,,kaito_event,事件,data.metrics.current_mindshare,kaito-social-spider.kaito_event.data.metrics.current_mindshare,app,field,kaito,kaito-social-spider,kaito-social-spider.kaito_event,sha256:f1620ffa32315698b375587fe1c122404db9b82a56c98e66940100518206b35c
Kaito 社交数据,变化值,衡量指标,保留相对上一窗口的变化值；比较前需确认方向和单位。,例如在“事件”中按对象和时间窗比较这个值；计算前先核对单位与口径。 此指标是否由当前 Kaito 工具返回仍待核对。,,unavailable,,,kaito_event,事件,data.metrics.delta,kaito-social-spider.kaito_event.data.metrics.delta,app,field,kaito,kaito-social-spider,kaito-social-spider.kaito_event,sha256:f1620ffa32315698b375587fe1c122404db9b82a56c98e66940100518206b35c
Kaito 社交数据,绝对变化值,衡量指标,保留绝对变化值；不要与百分比变化混用。,例如在“事件”中按对象和时间窗比较这个值；计算前先核对单位与口径。 此指标是否由当前 Kaito 工具返回仍待核对。,,unavailable,,,kaito_event,事件,data.metrics.delta_abs,kaito-social-spider.kaito_event.data.metrics.delta_abs,app,field,kaito,kaito-social-spider,kaito-social-spider.kaito_event,sha256:f1620ffa32315698b375587fe1c122404db9b82a56c98e66940100518206b35c
Kaito 社交数据,变化百分比,衡量指标,保留百分比变化；需要核对上游使用的是小数还是百分数。,例如在“事件”中按对象和时间窗比较这个值；计算前先核对单位与口径。 此指标是否由当前 Kaito 工具返回仍待核对。,,unavailable,,,kaito_event,事件,data.metrics.delta_pct,kaito-social-spider.kaito_event.data.metrics.delta_pct,app,field,kaito,kaito-social-spider,kaito-social-spider.kaito_event,sha256:f1620ffa32315698b375587fe1c122404db9b82a56c98e66940100518206b35c
Kaito 社交数据,变化方向,记录属性,标记变化属于上升或下降等方向，用于区分增减。,例如先用这个属性筛选可比较的记录，再查看对应的数值或内容。 此指标是否由当前 Kaito 工具返回仍待核对。,,unavailable,,,kaito_event,事件,data.metrics.direction,kaito-social-spider.kaito_event.data.metrics.direction,app,field,kaito,kaito-social-spider,kaito-social-spider.kaito_event,sha256:f1620ffa32315698b375587fe1c122404db9b82a56c98e66940100518206b35c
Kaito 社交数据,互动量,衡量指标,保留返回行的互动量；需核对包含哪些互动行为。,例如统计同一对象在一个窗口内的互动量变化，再对照提及量判断热度来源。 当前工具是否返回此指标仍待核对。,,unavailable,,,kaito_event,事件,data.metrics.engagement,kaito-social-spider.kaito_event.data.metrics.engagement,app,field,kaito,kaito-social-spider,kaito-social-spider.kaito_event,sha256:f1620ffa32315698b375587fe1c122404db9b82a56c98e66940100518206b35c
Kaito 社交数据,粉丝数,衡量指标,保留返回行的粉丝数量；需核对统计对象。,例如在“事件”中按对象和时间窗比较这个值；计算前先核对单位与口径。 此指标是否由当前 Kaito 工具返回仍待核对。,,unavailable,,,kaito_event,事件,data.metrics.followers,kaito-social-spider.kaito_event.data.metrics.followers,app,field,kaito,kaito-social-spider,kaito-social-spider.kaito_event,sha256:f1620ffa32315698b375587fe1c122404db9b82a56c98e66940100518206b35c
Kaito 社交数据,点赞数,衡量指标,保留点赞次数，用于观察内容互动。,例如比较同一批帖子中的点赞分布，识别由少数爆款带来的热度。 当前工具是否返回此指标仍待核对。,,unavailable,,,kaito_event,事件,data.metrics.likes,kaito-social-spider.kaito_event.data.metrics.likes,app,field,kaito,kaito-social-spider,kaito-social-spider.kaito_event,sha256:f1620ffa32315698b375587fe1c122404db9b82a56c98e66940100518206b35c
Kaito 社交数据,提及次数,衡量指标,保留提及次数，用于观察讨论量。,例如按天计算项目提及次数，并与过去一周的基线比较。 当前工具是否返回此指标仍待核对。,,unavailable,,,kaito_event,事件,data.metrics.mention_count,kaito-social-spider.kaito_event.data.metrics.mention_count,app,field,kaito,kaito-social-spider,kaito-social-spider.kaito_event,sha256:f1620ffa32315698b375587fe1c122404db9b82a56c98e66940100518206b35c
Kaito 社交数据,提及量,衡量指标,保留提及量，用于观察讨论量。,例如按天观察项目被提及的频率，检查增长是否持续。 当前工具是否返回此指标仍待核对。,,unavailable,,,kaito_event,事件,data.metrics.mentions,kaito-social-spider.kaito_event.data.metrics.mentions,app,field,kaito,kaito-social-spider,kaito-social-spider.kaito_event,sha256:f1620ffa32315698b375587fe1c122404db9b82a56c98e66940100518206b35c
Kaito 社交数据,提及次数,衡量指标,保留提及次数，用于观察讨论量。,例如按天观察项目被提及的频率，检查增长是否持续。 当前工具是否返回此指标仍待核对。,,unavailable,,,kaito_event,事件,data.metrics.mentions_count,kaito-social-spider.kaito_event.data.metrics.mentions_count,app,field,kaito,kaito-social-spider,kaito-social-spider.kaito_event,sha256:f1620ffa32315698b375587fe1c122404db9b82a56c98e66940100518206b35c
Kaito 社交数据,关注份额,衡量指标,保留关注份额；比较前需确认分母、时间窗和来源范围。,例如比较同一来源、同一窗口的关注份额变化，检查项目讨论占比是否持续上升。 当前工具是否返回此指标仍待核对。,,unavailable,,,kaito_event,事件,data.metrics.mindshare,kaito-social-spider.kaito_event.data.metrics.mindshare,app,field,kaito,kaito-social-spider,kaito-social-spider.kaito_event,sha256:f1620ffa32315698b375587fe1c122404db9b82a56c98e66940100518206b35c
Kaito 社交数据,当前关注份额,衡量指标,保留当前关注份额；比较前需确认分母和时间窗。,例如在“事件”中按对象和时间窗比较这个值；计算前先核对单位与口径。 此指标是否由当前 Kaito 工具返回仍待核对。,,unavailable,,,kaito_event,事件,data.metrics.mindshare_current,kaito-social-spider.kaito_event.data.metrics.mindshare_current,app,field,kaito,kaito-social-spider,kaito-social-spider.kaito_event,sha256:f1620ffa32315698b375587fe1c122404db9b82a56c98e66940100518206b35c
Kaito 社交数据,关注份额变化,衡量指标,保留关注份额变化；需与相同口径的前期值比较。,例如筛选关注份额上升最快的项目，再检查绝对讨论量，避免小基数误导。 当前工具是否返回此指标仍待核对。,,unavailable,,,kaito_event,事件,data.metrics.mindshare_delta,kaito-social-spider.kaito_event.data.metrics.mindshare_delta,app,field,kaito,kaito-social-spider,kaito-social-spider.kaito_event,sha256:f1620ffa32315698b375587fe1c122404db9b82a56c98e66940100518206b35c
Kaito 社交数据,上期排名,衡量指标,保留上一统计窗口的名次，用于计算排名变化。,例如在“事件”中按对象和时间窗比较这个值；计算前先核对单位与口径。 此指标是否由当前 Kaito 工具返回仍待核对。,,unavailable,,,kaito_event,事件,data.metrics.previous_rank,kaito-social-spider.kaito_event.data.metrics.previous_rank,app,field,kaito,kaito-social-spider,kaito-social-spider.kaito_event,sha256:f1620ffa32315698b375587fe1c122404db9b82a56c98e66940100518206b35c
Kaito 社交数据,引用数,衡量指标,保留引用转发次数，用于观察内容传播。,例如在“事件”中按对象和时间窗比较这个值；计算前先核对单位与口径。 此指标是否由当前 Kaito 工具返回仍待核对。,,unavailable,,,kaito_event,事件,data.metrics.quotes,kaito-social-spider.kaito_event.data.metrics.quotes,app,field,kaito,kaito-social-spider,kaito-social-spider.kaito_event,sha256:f1620ffa32315698b375587fe1c122404db9b82a56c98e66940100518206b35c
Kaito 社交数据,排名,衡量指标,保留当前名次，用于查看对象在同口径榜单中的位置。,例如追踪同一榜单中名次的连续变化，而不是只看单次排名。 当前工具是否返回此指标仍待核对。,,unavailable,,,kaito_event,事件,data.metrics.rank,kaito-social-spider.kaito_event.data.metrics.rank,app,field,kaito,kaito-social-spider,kaito-social-spider.kaito_event,sha256:f1620ffa32315698b375587fe1c122404db9b82a56c98e66940100518206b35c
Kaito 社交数据,排名变化,衡量指标,保留名次变化；需要确认正负号代表的方向。,例如在“事件”中按对象和时间窗比较这个值；计算前先核对单位与口径。 此指标是否由当前 Kaito 工具返回仍待核对。,,unavailable,,,kaito_event,事件,data.metrics.rank_change,kaito-social-spider.kaito_event.data.metrics.rank_change,app,field,kaito,kaito-social-spider,kaito-social-spider.kaito_event,sha256:f1620ffa32315698b375587fe1c122404db9b82a56c98e66940100518206b35c
Kaito 社交数据,回复数,衡量指标,保留回复次数，用于观察讨论参与。,例如在“事件”中按对象和时间窗比较这个值；计算前先核对单位与口径。 此指标是否由当前 Kaito 工具返回仍待核对。,,unavailable,,,kaito_event,事件,data.metrics.replies,kaito-social-spider.kaito_event.data.metrics.replies,app,field,kaito,kaito-social-spider,kaito-social-spider.kaito_event,sha256:f1620ffa32315698b375587fe1c122404db9b82a56c98e66940100518206b35c
Kaito 社交数据,转发数,衡量指标,保留转发次数，用于观察内容传播。,例如在“事件”中按对象和时间窗比较这个值；计算前先核对单位与口径。 此指标是否由当前 Kaito 工具返回仍待核对。,,unavailable,,,kaito_event,事件,data.metrics.retweets,kaito-social-spider.kaito_event.data.metrics.retweets,app,field,kaito,kaito-social-spider,kaito-social-spider.kaito_event,sha256:f1620ffa32315698b375587fe1c122404db9b82a56c98e66940100518206b35c
Kaito 社交数据,评分,衡量指标,保留工具返回的评分；不同工具的评分不能直接混算。,例如在“事件”中按对象和时间窗比较这个值；计算前先核对单位与口径。 此指标是否由当前 Kaito 工具返回仍待核对。,,unavailable,,,kaito_event,事件,data.metrics.score,kaito-social-spider.kaito_event.data.metrics.score,app,field,kaito,kaito-social-spider,kaito-social-spider.kaito_event,sha256:f1620ffa32315698b375587fe1c122404db9b82a56c98e66940100518206b35c
Kaito 社交数据,情绪,衡量指标,保留情绪指标；量纲和正负含义需由对应工具确认。,例如把情绪变化与同一窗口的提及量一起看，避免少量帖子主导判断。 当前工具是否返回此指标仍待核对。,,unavailable,,,kaito_event,事件,data.metrics.sentiment,kaito-social-spider.kaito_event.data.metrics.sentiment,app,field,kaito,kaito-social-spider,kaito-social-spider.kaito_event,sha256:f1620ffa32315698b375587fe1c122404db9b82a56c98e66940100518206b35c
Kaito 社交数据,情绪评分,衡量指标,保留情绪评分；与讨论量一起看更能判断可靠性。,例如把情绪评分与同一窗口的提及量一起看，避免少量帖子主导判断。 当前工具是否返回此指标仍待核对。,,unavailable,,,kaito_event,事件,data.metrics.sentiment_score,kaito-social-spider.kaito_event.data.metrics.sentiment_score,app,field,kaito,kaito-social-spider,kaito-social-spider.kaito_event,sha256:f1620ffa32315698b375587fe1c122404db9b82a56c98e66940100518206b35c
Kaito 社交数据,高关注度账号互动量,衡量指标,保留高关注度账号的互动量；账号认定口径需核对。,例如观察高关注度账号的互动是否先于整体互动增加，作为待验证的早期关注线索。 当前工具是否返回此指标仍待核对。,,unavailable,,,kaito_event,事件,data.metrics.smart_engagement,kaito-social-spider.kaito_event.data.metrics.smart_engagement,app,field,kaito,kaito-social-spider,kaito-social-spider.kaito_event,sha256:f1620ffa32315698b375587fe1c122404db9b82a56c98e66940100518206b35c
Kaito 社交数据,高关注度账号互动占比,衡量指标,保留高关注度账号互动占比；需核对分母。,例如在“事件”中按对象和时间窗比较这个值；计算前先核对单位与口径。 此指标是否由当前 Kaito 工具返回仍待核对。,,unavailable,,,kaito_event,事件,data.metrics.smart_engagement_ratio,kaito-social-spider.kaito_event.data.metrics.smart_engagement_ratio,app,field,kaito,kaito-social-spider,kaito-social-spider.kaito_event,sha256:f1620ffa32315698b375587fe1c122404db9b82a56c98e66940100518206b35c
Kaito 社交数据,高关注度粉丝数,衡量指标,保留高关注度粉丝数；账号认定口径需核对。,例如比较同一账号连续两次的高关注度粉丝数，检查是否出现异常增长。 当前工具是否返回此指标仍待核对。,,unavailable,,,kaito_event,事件,data.metrics.smart_followers,kaito-social-spider.kaito_event.data.metrics.smart_followers,app,field,kaito,kaito-social-spider,kaito-social-spider.kaito_event,sha256:f1620ffa32315698b375587fe1c122404db9b82a56c98e66940100518206b35c
Kaito 社交数据,指标时间,时间定位,标记指标对应的时间点，用于组成时间序列。,例如按同一时间窗分组，并检查记录是否过时。 此指标是否由当前 Kaito 工具返回仍待核对。,2026-07-25T00:00:00Z,transformed_test_fixture,https://github.com/cyberight-cap/fewunderstand/blob/23a854c2a02e6b52e424844648d4026737361caa/spider/kaito-social-spider/tests/fixtures/kaito_p0_raw.json,,kaito_event,事件,data.metrics.timestamp,kaito-social-spider.kaito_event.data.metrics.timestamp,app,field,kaito,kaito-social-spider,kaito-social-spider.kaito_event,sha256:f1620ffa32315698b375587fe1c122404db9b82a56c98e66940100518206b35c
Kaito 社交数据,总互动量,衡量指标,保留总互动量，用于观察讨论热度。,例如与提及次数一起比较，区分少数高互动内容和广泛讨论。 当前工具是否返回此指标仍待核对。,,unavailable,,,kaito_event,事件,data.metrics.total_engagement,kaito-social-spider.kaito_event.data.metrics.total_engagement,app,field,kaito,kaito-social-spider,kaito-social-spider.kaito_event,sha256:f1620ffa32315698b375587fe1c122404db9b82a56c98e66940100518206b35c
Kaito 社交数据,指标值,衡量指标,保留时间序列或指标行的数值；含义取决于对应工具。,例如在“事件”中按对象和时间窗比较这个值；计算前先核对单位与口径。 此指标是否由当前 Kaito 工具返回仍待核对。,,unavailable,,,kaito_event,事件,data.metrics.value,kaito-social-spider.kaito_event.data.metrics.value,app,field,kaito,kaito-social-spider,kaito-social-spider.kaito_event,sha256:f1620ffa32315698b375587fe1c122404db9b82a56c98e66940100518206b35c
Kaito 社交数据,浏览量,衡量指标,保留浏览次数，用于观察内容曝光。,例如用浏览量作曝光参考，再看互动量是否同步增长。 当前工具是否返回此指标仍待核对。,,unavailable,,,kaito_event,事件,data.metrics.views,kaito-social-spider.kaito_event.data.metrics.views,app,field,kaito,kaito-social-spider,kaito-social-spider.kaito_event,sha256:f1620ffa32315698b375587fe1c122404db9b82a56c98e66940100518206b35c
Kaito 社交数据,平台,记录属性,标记内容所在的平台，便于区分来源渠道。,例如先用这个属性筛选可比较的记录，再查看对应的数值或内容。,kaito,transformed_test_fixture,https://github.com/cyberight-cap/fewunderstand/blob/23a854c2a02e6b52e424844648d4026737361caa/spider/kaito-social-spider/tests/fixtures/kaito_p0_raw.json,,kaito_event,事件,data.platform,kaito-social-spider.kaito_event.data.platform,app,field,kaito,kaito-social-spider,kaito-social-spider.kaito_event,sha256:f1620ffa32315698b375587fe1c122404db9b82a56c98e66940100518206b35c
Kaito 社交数据,原始数据,原始或结构数据,保留该 Kaito 记录对应的原始返回行，用于回查未提取的键。,点开返回样本核对内部键，再决定是否需要提取为独立字段。,"{""entity_id"": ""pendle"", ""symbol"": ""PENDLE"", ""name"": ""Pendle"", ""timestamp"": ""2026-07-25T00:00:00Z"", ""event_type"": ""unlock"", ""title"": ""Example catalyst""}",transformed_test_fixture,https://github.com/cyberight-cap/fewunderstand/blob/23a854c2a02e6b52e424844648d4026737361caa/spider/kaito-social-spider/tests/fixtures/kaito_p0_raw.json,,kaito_event,事件,data.raw,kaito-social-spider.kaito_event.data.raw,app,field,kaito,kaito-social-spider,kaito-social-spider.kaito_event,sha256:f1620ffa32315698b375587fe1c122404db9b82a56c98e66940100518206b35c
Kaito 社交数据,记录类型,来源与溯源,标记转换后的 Kaito 记录类型，便于选择正确的处理规则。,例如排查一条指标的来源或重复记录时，用它回到原始查询和处理链。,kaito_event,transformed_test_fixture,https://github.com/cyberight-cap/fewunderstand/blob/23a854c2a02e6b52e424844648d4026737361caa/spider/kaito-social-spider/tests/fixtures/kaito_p0_raw.json,,kaito_event,事件,data.record_type,kaito-social-spider.kaito_event.data.record_type,v2,field,kaito,kaito-social-spider,kaito-social-spider.kaito_event,sha256:f1620ffa32315698b375587fe1c122404db9b82a56c98e66940100518206b35c
Kaito 社交数据,请求信息,原始或结构数据,保存调用 Kaito 工具的请求元信息，用于核对查询条件。,点开返回样本核对内部键，再决定是否需要提取为独立字段。,"{""tool"": ""kaito_events"", ""params_hash"": ""22ab6f88a2be5419"", ""window_start"": null, ""window_end"": null, ""window"": ""next_14d""}",transformed_test_fixture,https://github.com/cyberight-cap/fewunderstand/blob/23a854c2a02e6b52e424844648d4026737361caa/spider/kaito-social-spider/tests/fixtures/kaito_p0_raw.json,,kaito_event,事件,data.request,kaito-social-spider.kaito_event.data.request,app,field,kaito,kaito-social-spider,kaito-social-spider.kaito_event,sha256:f1620ffa32315698b375587fe1c122404db9b82a56c98e66940100518206b35c
Kaito 社交数据,请求参数摘要,来源与溯源,保存脱敏后的请求参数摘要，用于识别同一次查询条件。,例如排查一条指标的来源或重复记录时，用它回到原始查询和处理链。,22ab6f88a2be5419,transformed_test_fixture,https://github.com/cyberight-cap/fewunderstand/blob/23a854c2a02e6b52e424844648d4026737361caa/spider/kaito-social-spider/tests/fixtures/kaito_p0_raw.json,,kaito_event,事件,data.request.params_hash,kaito-social-spider.kaito_event.data.request.params_hash,app,field,kaito,kaito-social-spider,kaito-social-spider.kaito_event,sha256:f1620ffa32315698b375587fe1c122404db9b82a56c98e66940100518206b35c
Kaito 社交数据,请求工具,来源与溯源,指出产生这条记录的 Kaito 工具，用于核对指标口径。,例如排查一条指标的来源或重复记录时，用它回到原始查询和处理链。,kaito_events,transformed_test_fixture,https://github.com/cyberight-cap/fewunderstand/blob/23a854c2a02e6b52e424844648d4026737361caa/spider/kaito-social-spider/tests/fixtures/kaito_p0_raw.json,,kaito_event,事件,data.request.tool,kaito-social-spider.kaito_event.data.request.tool,app,field,kaito,kaito-social-spider,kaito-social-spider.kaito_event,sha256:f1620ffa32315698b375587fe1c122404db9b82a56c98e66940100518206b35c
Kaito 社交数据,请求时间窗口,来源与溯源,记录请求时使用的时间窗口，用于比较同口径数据。,例如排查一条指标的来源或重复记录时，用它回到原始查询和处理链。,next_14d,transformed_test_fixture,https://github.com/cyberight-cap/fewunderstand/blob/23a854c2a02e6b52e424844648d4026737361caa/spider/kaito-social-spider/tests/fixtures/kaito_p0_raw.json,,kaito_event,事件,data.request.window,kaito-social-spider.kaito_event.data.request.window,app,field,kaito,kaito-social-spider,kaito-social-spider.kaito_event,sha256:f1620ffa32315698b375587fe1c122404db9b82a56c98e66940100518206b35c
Kaito 社交数据,请求窗口结束,来源与溯源,记录请求窗口的结束时间，用于界定统计区间。,例如排查一条指标的来源或重复记录时，用它回到原始查询和处理链。,,transformed_test_fixture,https://github.com/cyberight-cap/fewunderstand/blob/23a854c2a02e6b52e424844648d4026737361caa/spider/kaito-social-spider/tests/fixtures/kaito_p0_raw.json,,kaito_event,事件,data.request.window_end,kaito-social-spider.kaito_event.data.request.window_end,app,field,kaito,kaito-social-spider,kaito-social-spider.kaito_event,sha256:f1620ffa32315698b375587fe1c122404db9b82a56c98e66940100518206b35c
Kaito 社交数据,请求窗口开始,来源与溯源,记录请求窗口的开始时间，用于界定统计区间。,例如排查一条指标的来源或重复记录时，用它回到原始查询和处理链。,,transformed_test_fixture,https://github.com/cyberight-cap/fewunderstand/blob/23a854c2a02e6b52e424844648d4026737361caa/spider/kaito-social-spider/tests/fixtures/kaito_p0_raw.json,,kaito_event,事件,data.request.window_start,kaito-social-spider.kaito_event.data.request.window_start,app,field,kaito,kaito-social-spider,kaito-social-spider.kaito_event,sha256:f1620ffa32315698b375587fe1c122404db9b82a56c98e66940100518206b35c
Kaito 社交数据,统计窗口,时间定位,保存记录对应的统计窗口，用于避免混合不同时间跨度。,例如按同一时间窗分组，并检查记录是否过时。,next_14d,transformed_test_fixture,https://github.com/cyberight-cap/fewunderstand/blob/23a854c2a02e6b52e424844648d4026737361caa/spider/kaito-social-spider/tests/fixtures/kaito_p0_raw.json,,kaito_event,事件,data.window,kaito-social-spider.kaito_event.data.window,app,field,kaito,kaito-social-spider,kaito-social-spider.kaito_event,sha256:f1620ffa32315698b375587fe1c122404db9b82a56c98e66940100518206b35c
Kaito 社交数据,处理溯源,来源与溯源,保存处理链路元信息，用于追查记录如何产生。,例如排查一条指标的来源或重复记录时，用它回到原始查询和处理链。,"{""event_id"": ""evt:c66d96e880b4940b22904f8c10070f14"", ""trace_id"": ""evt:c66d96e880b4940b22904f8c10070f14"", ""parent_event_ids"": [], ""source_event_id"": null, ""record_type"": ""kaito_event"", ""schema_version"": ""pipeline-lineage/v1"", ""producer"": ""kaito-social-spider"", ""processing_stage"": ""ingest"", ""observed_at"": ""2026-07-25T00:00:00Z"", ""processed_at"": ""2026-07-19T00:00:00Z"", ""source_topic"": null, ""source_partition"": null, ""source_offset"": null, ""asset_id"": null}",transformed_test_fixture,https://github.com/cyberight-cap/fewunderstand/blob/23a854c2a02e6b52e424844648d4026737361caa/spider/kaito-social-spider/tests/fixtures/kaito_p0_raw.json,,kaito_event,事件,lineage,kaito-social-spider.kaito_event.lineage,app,field,kaito,kaito-social-spider,kaito-social-spider.kaito_event,sha256:f1620ffa32315698b375587fe1c122404db9b82a56c98e66940100518206b35c
Kaito 社交数据,资产 ID,来源与溯源,保存解析后的内部资产 ID；未完成资产绑定时可能为空。,例如排查一条指标的来源或重复记录时，用它回到原始查询和处理链。,,transformed_test_fixture,https://github.com/cyberight-cap/fewunderstand/blob/23a854c2a02e6b52e424844648d4026737361caa/spider/kaito-social-spider/tests/fixtures/kaito_p0_raw.json,,kaito_event,事件,lineage.asset_id,kaito-social-spider.kaito_event.lineage.asset_id,app,field,kaito,kaito-social-spider,kaito-social-spider.kaito_event,sha256:f1620ffa32315698b375587fe1c122404db9b82a56c98e66940100518206b35c
Kaito 社交数据,事件 ID,来源与溯源,稳定识别这条事件，用于追踪后续计算与结果。,例如排查一条指标的来源或重复记录时，用它回到原始查询和处理链。,evt:c66d96e880b4940b22904f8c10070f14,transformed_test_fixture,https://github.com/cyberight-cap/fewunderstand/blob/23a854c2a02e6b52e424844648d4026737361caa/spider/kaito-social-spider/tests/fixtures/kaito_p0_raw.json,,kaito_event,事件,lineage.event_id,kaito-social-spider.kaito_event.lineage.event_id,app,field,kaito,kaito-social-spider,kaito-social-spider.kaito_event,sha256:f1620ffa32315698b375587fe1c122404db9b82a56c98e66940100518206b35c
Kaito 社交数据,观察时间,来源与溯源,记录事实被观察的时间，用于确认原始数据时效。,例如排查一条指标的来源或重复记录时，用它回到原始查询和处理链。,2026-07-25T00:00:00Z,transformed_test_fixture,https://github.com/cyberight-cap/fewunderstand/blob/23a854c2a02e6b52e424844648d4026737361caa/spider/kaito-social-spider/tests/fixtures/kaito_p0_raw.json,,kaito_event,事件,lineage.observed_at,kaito-social-spider.kaito_event.lineage.observed_at,app,field,kaito,kaito-social-spider,kaito-social-spider.kaito_event,sha256:f1620ffa32315698b375587fe1c122404db9b82a56c98e66940100518206b35c
Kaito 社交数据,上游事件 ID,来源与溯源,保存上游事件 ID，用于追溯派生结果的输入。,例如排查一条指标的来源或重复记录时，用它回到原始查询和处理链。,[],transformed_test_fixture,https://github.com/cyberight-cap/fewunderstand/blob/23a854c2a02e6b52e424844648d4026737361caa/spider/kaito-social-spider/tests/fixtures/kaito_p0_raw.json,,kaito_event,事件,lineage.parent_event_ids,kaito-social-spider.kaito_event.lineage.parent_event_ids,app,field,kaito,kaito-social-spider,kaito-social-spider.kaito_event,sha256:f1620ffa32315698b375587fe1c122404db9b82a56c98e66940100518206b35c
Kaito 社交数据,处理时间,来源与溯源,记录处理程序生成消息的时间，用于定位处理延迟。,例如排查一条指标的来源或重复记录时，用它回到原始查询和处理链。,2026-07-19T00:00:00Z,transformed_test_fixture,https://github.com/cyberight-cap/fewunderstand/blob/23a854c2a02e6b52e424844648d4026737361caa/spider/kaito-social-spider/tests/fixtures/kaito_p0_raw.json,,kaito_event,事件,lineage.processed_at,kaito-social-spider.kaito_event.lineage.processed_at,app,field,kaito,kaito-social-spider,kaito-social-spider.kaito_event,sha256:f1620ffa32315698b375587fe1c122404db9b82a56c98e66940100518206b35c
Kaito 社交数据,处理阶段,来源与溯源,标记当前处理阶段，用于区分采集与后续加工。,例如排查一条指标的来源或重复记录时，用它回到原始查询和处理链。,ingest,transformed_test_fixture,https://github.com/cyberight-cap/fewunderstand/blob/23a854c2a02e6b52e424844648d4026737361caa/spider/kaito-social-spider/tests/fixtures/kaito_p0_raw.json,,kaito_event,事件,lineage.processing_stage,kaito-social-spider.kaito_event.lineage.processing_stage,app,field,kaito,kaito-social-spider,kaito-social-spider.kaito_event,sha256:f1620ffa32315698b375587fe1c122404db9b82a56c98e66940100518206b35c
Kaito 社交数据,生产程序,来源与溯源,标记生成这条消息的程序，用于核对生产来源。,例如排查一条指标的来源或重复记录时，用它回到原始查询和处理链。,kaito-social-spider,transformed_test_fixture,https://github.com/cyberight-cap/fewunderstand/blob/23a854c2a02e6b52e424844648d4026737361caa/spider/kaito-social-spider/tests/fixtures/kaito_p0_raw.json,,kaito_event,事件,lineage.producer,kaito-social-spider.kaito_event.lineage.producer,app,field,kaito,kaito-social-spider,kaito-social-spider.kaito_event,sha256:f1620ffa32315698b375587fe1c122404db9b82a56c98e66940100518206b35c
Kaito 社交数据,溯源记录类型,来源与溯源,标记溯源信封里的记录类型，用于验证处理链路。,例如排查一条指标的来源或重复记录时，用它回到原始查询和处理链。,kaito_event,transformed_test_fixture,https://github.com/cyberight-cap/fewunderstand/blob/23a854c2a02e6b52e424844648d4026737361caa/spider/kaito-social-spider/tests/fixtures/kaito_p0_raw.json,,kaito_event,事件,lineage.record_type,kaito-social-spider.kaito_event.lineage.record_type,app,field,kaito,kaito-social-spider,kaito-social-spider.kaito_event,sha256:f1620ffa32315698b375587fe1c122404db9b82a56c98e66940100518206b35c
Kaito 社交数据,结构版本,来源与溯源,标记消息结构版本，用于兼容不同版本的处理代码。,例如排查一条指标的来源或重复记录时，用它回到原始查询和处理链。,pipeline-lineage/v1,transformed_test_fixture,https://github.com/cyberight-cap/fewunderstand/blob/23a854c2a02e6b52e424844648d4026737361caa/spider/kaito-social-spider/tests/fixtures/kaito_p0_raw.json,,kaito_event,事件,lineage.schema_version,kaito-social-spider.kaito_event.lineage.schema_version,app,field,kaito,kaito-social-spider,kaito-social-spider.kaito_event,sha256:f1620ffa32315698b375587fe1c122404db9b82a56c98e66940100518206b35c
Kaito 社交数据,来源事件 ID,来源与溯源,保存来源系统的事件 ID，用于跨系统回查。,例如排查一条指标的来源或重复记录时，用它回到原始查询和处理链。,,transformed_test_fixture,https://github.com/cyberight-cap/fewunderstand/blob/23a854c2a02e6b52e424844648d4026737361caa/spider/kaito-social-spider/tests/fixtures/kaito_p0_raw.json,,kaito_event,事件,lineage.source_event_id,kaito-social-spider.kaito_event.lineage.source_event_id,app,field,kaito,kaito-social-spider,kaito-social-spider.kaito_event,sha256:f1620ffa32315698b375587fe1c122404db9b82a56c98e66940100518206b35c
Kaito 社交数据,来源偏移量,来源与溯源,保存来源消息偏移量，用于定位消息流位置。,例如排查一条指标的来源或重复记录时，用它回到原始查询和处理链。,,transformed_test_fixture,https://github.com/cyberight-cap/fewunderstand/blob/23a854c2a02e6b52e424844648d4026737361caa/spider/kaito-social-spider/tests/fixtures/kaito_p0_raw.json,,kaito_event,事件,lineage.source_offset,kaito-social-spider.kaito_event.lineage.source_offset,app,field,kaito,kaito-social-spider,kaito-social-spider.kaito_event,sha256:f1620ffa32315698b375587fe1c122404db9b82a56c98e66940100518206b35c
Kaito 社交数据,来源分区,来源与溯源,保存来源消息分区，用于定位消息流位置。,例如排查一条指标的来源或重复记录时，用它回到原始查询和处理链。,,transformed_test_fixture,https://github.com/cyberight-cap/fewunderstand/blob/23a854c2a02e6b52e424844648d4026737361caa/spider/kaito-social-spider/tests/fixtures/kaito_p0_raw.json,,kaito_event,事件,lineage.source_partition,kaito-social-spider.kaito_event.lineage.source_partition,app,field,kaito,kaito-social-spider,kaito-social-spider.kaito_event,sha256:f1620ffa32315698b375587fe1c122404db9b82a56c98e66940100518206b35c
Kaito 社交数据,来源主题,来源与溯源,保存来源主题名称，用于定位消息流位置。,例如排查一条指标的来源或重复记录时，用它回到原始查询和处理链。,,transformed_test_fixture,https://github.com/cyberight-cap/fewunderstand/blob/23a854c2a02e6b52e424844648d4026737361caa/spider/kaito-social-spider/tests/fixtures/kaito_p0_raw.json,,kaito_event,事件,lineage.source_topic,kaito-social-spider.kaito_event.lineage.source_topic,app,field,kaito,kaito-social-spider,kaito-social-spider.kaito_event,sha256:f1620ffa32315698b375587fe1c122404db9b82a56c98e66940100518206b35c
Kaito 社交数据,追踪 ID,来源与溯源,关联同一处理链路上的事件，用于端到端追踪。,例如排查一条指标的来源或重复记录时，用它回到原始查询和处理链。,evt:c66d96e880b4940b22904f8c10070f14,transformed_test_fixture,https://github.com/cyberight-cap/fewunderstand/blob/23a854c2a02e6b52e424844648d4026737361caa/spider/kaito-social-spider/tests/fixtures/kaito_p0_raw.json,,kaito_event,事件,lineage.trace_id,kaito-social-spider.kaito_event.lineage.trace_id,app,field,kaito,kaito-social-spider,kaito-social-spider.kaito_event,sha256:f1620ffa32315698b375587fe1c122404db9b82a56c98e66940100518206b35c
Kaito 社交数据,原始文本,内容理解,保留内容的原始文本，用于回查清洗前的信息。,例如筛选与目标项目相关的内容，再点回原文人工核查。,,unavailable,,,kaito_event,事件,raw_text,kaito-social-spider.kaito_event.raw_text,app,field,kaito,kaito-social-spider,kaito-social-spider.kaito_event,sha256:f1620ffa32315698b375587fe1c122404db9b82a56c98e66940100518206b35c
Kaito 社交数据,来源,来源与溯源,标记这条记录的来源，用于筛选和核对数据出处。,例如排查一条指标的来源或重复记录时，用它回到原始查询和处理链。,kaito,transformed_test_fixture,https://github.com/cyberight-cap/fewunderstand/blob/23a854c2a02e6b52e424844648d4026737361caa/spider/kaito-social-spider/tests/fixtures/kaito_p0_raw.json,,kaito_event,事件,source,kaito-social-spider.kaito_event.source,app,field,kaito,kaito-social-spider,kaito-social-spider.kaito_event,sha256:f1620ffa32315698b375587fe1c122404db9b82a56c98e66940100518206b35c
Kaito 社交数据,正文,内容理解,保存消息或帖子的正文，用于关键词、主题和事件分析。,例如查找项目名或事件关键词，并结合消息时间和来源做人工核对。,,unavailable,,,kaito_event,事件,text,kaito-social-spider.kaito_event.text,app,field,kaito,kaito-social-spider,kaito-social-spider.kaito_event,sha256:f1620ffa32315698b375587fe1c122404db9b82a56c98e66940100518206b35c
Kaito 社交数据,记录时间,时间定位,记录该数据对应的时间点，用于排序或时间窗聚合。,例如按同一时间窗分组，并检查记录是否过时。,2026-07-25T00:00:00Z,transformed_test_fixture,https://github.com/cyberight-cap/fewunderstand/blob/23a854c2a02e6b52e424844648d4026737361caa/spider/kaito-social-spider/tests/fixtures/kaito_p0_raw.json,,kaito_event,事件,timestamp,kaito-social-spider.kaito_event.timestamp,app,field,kaito,kaito-social-spider,kaito-social-spider.kaito_event,sha256:f1620ffa32315698b375587fe1c122404db9b82a56c98e66940100518206b35c
Kaito 社交数据,标题,内容理解,保存内容标题，用于快速判断主题。,例如先用标题筛选相关内容，再用正文或原文链接验证。,Example catalyst,transformed_test_fixture,https://github.com/cyberight-cap/fewunderstand/blob/23a854c2a02e6b52e424844648d4026737361caa/spider/kaito-social-spider/tests/fixtures/kaito_p0_raw.json,,kaito_event,事件,title,kaito-social-spider.kaito_event.title,app,field,kaito,kaito-social-spider,kaito-social-spider.kaito_event,sha256:f1620ffa32315698b375587fe1c122404db9b82a56c98e66940100518206b35c
Kaito 社交数据,链接地址,对象识别,保存内容原文地址，用于回查和去重。,例如把同一对象在不同时间的记录对齐，再比较指标变化。,,unavailable,,,kaito_event,事件,url,kaito-social-spider.kaito_event.url,app,field,kaito,kaito-social-spider,kaito-social-spider.kaito_event,sha256:f1620ffa32315698b375587fe1c122404db9b82a56c98e66940100518206b35c
Kaito 社交数据,社交动态,记录类型,这类记录包含下列可展开的字段定义。,先选择记录类型，再查看字段用途与返回样本。,,unavailable,,,kaito_feed_item,社交动态,kaito_feed_item,kaito-social-spider.kaito_feed_item,app,record_type,kaito,kaito-social-spider,kaito-social-spider.kaito_feed_item,sha256:f1620ffa32315698b375587fe1c122404db9b82a56c98e66940100518206b35c
Kaito 社交数据,作者,内容理解,指出内容的作者，便于按发布者汇总或回到原帖。,例如筛选与目标项目相关的内容，再点回原文人工核查。,,unavailable,,,kaito_feed_item,社交动态,author,kaito-social-spider.kaito_feed_item.author,app,field,kaito,kaito-social-spider,kaito-social-spider.kaito_feed_item,sha256:f1620ffa32315698b375587fe1c122404db9b82a56c98e66940100518206b35c
Kaito 社交数据,数据对象,原始或结构数据,装载这一类记录的主要业务数据；应继续展开具体子字段。,点开返回样本核对内部键，再决定是否需要提取为独立字段。,"{""platform"": ""kaito"", ""content_type"": ""social_intelligence"", ""record_type"": ""kaito_feed_item"", ""entity"": {""kaito_id"": ""pendle"", ""symbol"": ""PENDLE"", ""name"": null, ""coingecko_slug"": null}, ""window"": null, ""metrics"": {""score"": 88}, ""request"": {""tool"": ""kaito_feeds"", ""params_hash"": ""59676b023081bf7f"", ""window_start"": null, ""window_end"": null}, ""raw"": {""entity_id"": ""pendle"", ""symbol"": ""PENDLE"", ""score"": 88, ""url"": ""https://example.com/feed""}}",transformed_test_fixture,https://github.com/cyberight-cap/fewunderstand/blob/23a854c2a02e6b52e424844648d4026737361caa/spider/kaito-social-spider/tests/fixtures/kaito_p0_raw.json,,kaito_feed_item,社交动态,data,kaito-social-spider.kaito_feed_item.data,app,field,kaito,kaito-social-spider,kaito-social-spider.kaito_feed_item,sha256:f1620ffa32315698b375587fe1c122404db9b82a56c98e66940100518206b35c
Kaito 社交数据,内容类型,记录属性,说明 Kaito 记录的内容类别，便于区分不同内容。,例如先用这个属性筛选可比较的记录，再查看对应的数值或内容。,social_intelligence,transformed_test_fixture,https://github.com/cyberight-cap/fewunderstand/blob/23a854c2a02e6b52e424844648d4026737361caa/spider/kaito-social-spider/tests/fixtures/kaito_p0_raw.json,,kaito_feed_item,社交动态,data.content_type,kaito-social-spider.kaito_feed_item.data.content_type,app,field,kaito,kaito-social-spider,kaito-social-spider.kaito_feed_item,sha256:f1620ffa32315698b375587fe1c122404db9b82a56c98e66940100518206b35c
Kaito 社交数据,对象信息,原始或结构数据,保存被分析对象的身份信息，用于关联同一项目或资产。,点开返回样本核对内部键，再决定是否需要提取为独立字段。,"{""kaito_id"": ""pendle"", ""symbol"": ""PENDLE"", ""name"": null, ""coingecko_slug"": null}",transformed_test_fixture,https://github.com/cyberight-cap/fewunderstand/blob/23a854c2a02e6b52e424844648d4026737361caa/spider/kaito-social-spider/tests/fixtures/kaito_p0_raw.json,,kaito_feed_item,社交动态,data.entity,kaito-social-spider.kaito_feed_item.data.entity,app,field,kaito,kaito-social-spider,kaito-social-spider.kaito_feed_item,sha256:f1620ffa32315698b375587fe1c122404db9b82a56c98e66940100518206b35c
Kaito 社交数据,CoinGecko 标识,对象识别,保存 CoinGecko 的对象标识，便于跨来源对齐同一资产。,例如把同一对象在不同时间的记录对齐，再比较指标变化。,,transformed_test_fixture,https://github.com/cyberight-cap/fewunderstand/blob/23a854c2a02e6b52e424844648d4026737361caa/spider/kaito-social-spider/tests/fixtures/kaito_p0_raw.json,,kaito_feed_item,社交动态,data.entity.coingecko_slug,kaito-social-spider.kaito_feed_item.data.entity.coingecko_slug,app,field,kaito,kaito-social-spider,kaito-social-spider.kaito_feed_item,sha256:f1620ffa32315698b375587fe1c122404db9b82a56c98e66940100518206b35c
Kaito 社交数据,Kaito ID,对象识别,保存 Kaito 的对象标识，便于合并同一对象的多条记录。,例如把同一对象在不同时间的记录对齐，再比较指标变化。,pendle,transformed_test_fixture,https://github.com/cyberight-cap/fewunderstand/blob/23a854c2a02e6b52e424844648d4026737361caa/spider/kaito-social-spider/tests/fixtures/kaito_p0_raw.json,,kaito_feed_item,社交动态,data.entity.kaito_id,kaito-social-spider.kaito_feed_item.data.entity.kaito_id,app,field,kaito,kaito-social-spider,kaito-social-spider.kaito_feed_item,sha256:f1620ffa32315698b375587fe1c122404db9b82a56c98e66940100518206b35c
Kaito 社交数据,对象名称,对象识别,显示被分析对象的名称，便于人工核对。,例如把同一对象在不同时间的记录对齐，再比较指标变化。,,transformed_test_fixture,https://github.com/cyberight-cap/fewunderstand/blob/23a854c2a02e6b52e424844648d4026737361caa/spider/kaito-social-spider/tests/fixtures/kaito_p0_raw.json,,kaito_feed_item,社交动态,data.entity.name,kaito-social-spider.kaito_feed_item.data.entity.name,app,field,kaito,kaito-social-spider,kaito-social-spider.kaito_feed_item,sha256:f1620ffa32315698b375587fe1c122404db9b82a56c98e66940100518206b35c
Kaito 社交数据,资产代码,对象识别,保存对象的资产代码，便于与市场数据匹配；同名代码仍需核验。,例如把同一对象在不同时间的记录对齐，再比较指标变化。,PENDLE,transformed_test_fixture,https://github.com/cyberight-cap/fewunderstand/blob/23a854c2a02e6b52e424844648d4026737361caa/spider/kaito-social-spider/tests/fixtures/kaito_p0_raw.json,,kaito_feed_item,社交动态,data.entity.symbol,kaito-social-spider.kaito_feed_item.data.entity.symbol,v2,field,kaito,kaito-social-spider,kaito-social-spider.kaito_feed_item,sha256:f1620ffa32315698b375587fe1c122404db9b82a56c98e66940100518206b35c
Kaito 社交数据,指标集合,原始或结构数据,装载 Kaito 返回行中提取出的指标；具体有哪些键取决于工具返回。,点开返回样本核对内部键，再决定是否需要提取为独立字段。,"{""score"": 88}",transformed_test_fixture,https://github.com/cyberight-cap/fewunderstand/blob/23a854c2a02e6b52e424844648d4026737361caa/spider/kaito-social-spider/tests/fixtures/kaito_p0_raw.json,,kaito_feed_item,社交动态,data.metrics,kaito-social-spider.kaito_feed_item.data.metrics,app,field,kaito,kaito-social-spider,kaito-social-spider.kaito_feed_item,sha256:f1620ffa32315698b375587fe1c122404db9b82a56c98e66940100518206b35c
Kaito 社交数据,看跌指标,衡量指标,保留返回行中的看跌指标；分值口径需由对应工具确认。,例如在“社交动态”中按对象和时间窗比较这个值；计算前先核对单位与口径。 此指标是否由当前 Kaito 工具返回仍待核对。,,unavailable,,,kaito_feed_item,社交动态,data.metrics.bearish,kaito-social-spider.kaito_feed_item.data.metrics.bearish,app,field,kaito,kaito-social-spider,kaito-social-spider.kaito_feed_item,sha256:f1620ffa32315698b375587fe1c122404db9b82a56c98e66940100518206b35c
Kaito 社交数据,看涨指标,衡量指标,保留返回行中的看涨指标；分值口径需由对应工具确认。,例如在“社交动态”中按对象和时间窗比较这个值；计算前先核对单位与口径。 此指标是否由当前 Kaito 工具返回仍待核对。,,unavailable,,,kaito_feed_item,社交动态,data.metrics.bullish,kaito-social-spider.kaito_feed_item.data.metrics.bullish,app,field,kaito,kaito-social-spider,kaito-social-spider.kaito_feed_item,sha256:f1620ffa32315698b375587fe1c122404db9b82a56c98e66940100518206b35c
Kaito 社交数据,变化量,衡量指标,保留返回行中的变化值；比较前需确认变化的基准。,例如在“社交动态”中按对象和时间窗比较这个值；计算前先核对单位与口径。 此指标是否由当前 Kaito 工具返回仍待核对。,,unavailable,,,kaito_feed_item,社交动态,data.metrics.change,kaito-social-spider.kaito_feed_item.data.metrics.change,app,field,kaito,kaito-social-spider,kaito-social-spider.kaito_feed_item,sha256:f1620ffa32315698b375587fe1c122404db9b82a56c98e66940100518206b35c
Kaito 社交数据,当前关注份额,衡量指标,保留当前关注份额；分母和时间窗需由对应工具确认。,例如在“社交动态”中按对象和时间窗比较这个值；计算前先核对单位与口径。 此指标是否由当前 Kaito 工具返回仍待核对。,,unavailable,,,kaito_feed_item,社交动态,data.metrics.current_mindshare,kaito-social-spider.kaito_feed_item.data.metrics.current_mindshare,app,field,kaito,kaito-social-spider,kaito-social-spider.kaito_feed_item,sha256:f1620ffa32315698b375587fe1c122404db9b82a56c98e66940100518206b35c
Kaito 社交数据,变化值,衡量指标,保留相对上一窗口的变化值；比较前需确认方向和单位。,例如在“社交动态”中按对象和时间窗比较这个值；计算前先核对单位与口径。 此指标是否由当前 Kaito 工具返回仍待核对。,,unavailable,,,kaito_feed_item,社交动态,data.metrics.delta,kaito-social-spider.kaito_feed_item.data.metrics.delta,app,field,kaito,kaito-social-spider,kaito-social-spider.kaito_feed_item,sha256:f1620ffa32315698b375587fe1c122404db9b82a56c98e66940100518206b35c
Kaito 社交数据,绝对变化值,衡量指标,保留绝对变化值；不要与百分比变化混用。,例如在“社交动态”中按对象和时间窗比较这个值；计算前先核对单位与口径。 此指标是否由当前 Kaito 工具返回仍待核对。,,unavailable,,,kaito_feed_item,社交动态,data.metrics.delta_abs,kaito-social-spider.kaito_feed_item.data.metrics.delta_abs,app,field,kaito,kaito-social-spider,kaito-social-spider.kaito_feed_item,sha256:f1620ffa32315698b375587fe1c122404db9b82a56c98e66940100518206b35c
Kaito 社交数据,变化百分比,衡量指标,保留百分比变化；需要核对上游使用的是小数还是百分数。,例如在“社交动态”中按对象和时间窗比较这个值；计算前先核对单位与口径。 此指标是否由当前 Kaito 工具返回仍待核对。,,unavailable,,,kaito_feed_item,社交动态,data.metrics.delta_pct,kaito-social-spider.kaito_feed_item.data.metrics.delta_pct,app,field,kaito,kaito-social-spider,kaito-social-spider.kaito_feed_item,sha256:f1620ffa32315698b375587fe1c122404db9b82a56c98e66940100518206b35c
Kaito 社交数据,变化方向,记录属性,标记变化属于上升或下降等方向，用于区分增减。,例如先用这个属性筛选可比较的记录，再查看对应的数值或内容。 此指标是否由当前 Kaito 工具返回仍待核对。,,unavailable,,,kaito_feed_item,社交动态,data.metrics.direction,kaito-social-spider.kaito_feed_item.data.metrics.direction,app,field,kaito,kaito-social-spider,kaito-social-spider.kaito_feed_item,sha256:f1620ffa32315698b375587fe1c122404db9b82a56c98e66940100518206b35c
Kaito 社交数据,互动量,衡量指标,保留返回行的互动量；需核对包含哪些互动行为。,例如统计同一对象在一个窗口内的互动量变化，再对照提及量判断热度来源。 当前工具是否返回此指标仍待核对。,,unavailable,,,kaito_feed_item,社交动态,data.metrics.engagement,kaito-social-spider.kaito_feed_item.data.metrics.engagement,app,field,kaito,kaito-social-spider,kaito-social-spider.kaito_feed_item,sha256:f1620ffa32315698b375587fe1c122404db9b82a56c98e66940100518206b35c
Kaito 社交数据,粉丝数,衡量指标,保留返回行的粉丝数量；需核对统计对象。,例如在“社交动态”中按对象和时间窗比较这个值；计算前先核对单位与口径。 此指标是否由当前 Kaito 工具返回仍待核对。,,unavailable,,,kaito_feed_item,社交动态,data.metrics.followers,kaito-social-spider.kaito_feed_item.data.metrics.followers,app,field,kaito,kaito-social-spider,kaito-social-spider.kaito_feed_item,sha256:f1620ffa32315698b375587fe1c122404db9b82a56c98e66940100518206b35c
Kaito 社交数据,点赞数,衡量指标,保留点赞次数，用于观察内容互动。,例如比较同一批帖子中的点赞分布，识别由少数爆款带来的热度。 当前工具是否返回此指标仍待核对。,,unavailable,,,kaito_feed_item,社交动态,data.metrics.likes,kaito-social-spider.kaito_feed_item.data.metrics.likes,app,field,kaito,kaito-social-spider,kaito-social-spider.kaito_feed_item,sha256:f1620ffa32315698b375587fe1c122404db9b82a56c98e66940100518206b35c
Kaito 社交数据,提及次数,衡量指标,保留提及次数，用于观察讨论量。,例如按天计算项目提及次数，并与过去一周的基线比较。 当前工具是否返回此指标仍待核对。,,unavailable,,,kaito_feed_item,社交动态,data.metrics.mention_count,kaito-social-spider.kaito_feed_item.data.metrics.mention_count,app,field,kaito,kaito-social-spider,kaito-social-spider.kaito_feed_item,sha256:f1620ffa32315698b375587fe1c122404db9b82a56c98e66940100518206b35c
Kaito 社交数据,提及量,衡量指标,保留提及量，用于观察讨论量。,例如按天观察项目被提及的频率，检查增长是否持续。 当前工具是否返回此指标仍待核对。,,unavailable,,,kaito_feed_item,社交动态,data.metrics.mentions,kaito-social-spider.kaito_feed_item.data.metrics.mentions,app,field,kaito,kaito-social-spider,kaito-social-spider.kaito_feed_item,sha256:f1620ffa32315698b375587fe1c122404db9b82a56c98e66940100518206b35c
Kaito 社交数据,提及次数,衡量指标,保留提及次数，用于观察讨论量。,例如按天观察项目被提及的频率，检查增长是否持续。 当前工具是否返回此指标仍待核对。,,unavailable,,,kaito_feed_item,社交动态,data.metrics.mentions_count,kaito-social-spider.kaito_feed_item.data.metrics.mentions_count,app,field,kaito,kaito-social-spider,kaito-social-spider.kaito_feed_item,sha256:f1620ffa32315698b375587fe1c122404db9b82a56c98e66940100518206b35c
Kaito 社交数据,关注份额,衡量指标,保留关注份额；比较前需确认分母、时间窗和来源范围。,例如比较同一来源、同一窗口的关注份额变化，检查项目讨论占比是否持续上升。 当前工具是否返回此指标仍待核对。,,unavailable,,,kaito_feed_item,社交动态,data.metrics.mindshare,kaito-social-spider.kaito_feed_item.data.metrics.mindshare,app,field,kaito,kaito-social-spider,kaito-social-spider.kaito_feed_item,sha256:f1620ffa32315698b375587fe1c122404db9b82a56c98e66940100518206b35c
Kaito 社交数据,当前关注份额,衡量指标,保留当前关注份额；比较前需确认分母和时间窗。,例如在“社交动态”中按对象和时间窗比较这个值；计算前先核对单位与口径。 此指标是否由当前 Kaito 工具返回仍待核对。,,unavailable,,,kaito_feed_item,社交动态,data.metrics.mindshare_current,kaito-social-spider.kaito_feed_item.data.metrics.mindshare_current,app,field,kaito,kaito-social-spider,kaito-social-spider.kaito_feed_item,sha256:f1620ffa32315698b375587fe1c122404db9b82a56c98e66940100518206b35c
Kaito 社交数据,关注份额变化,衡量指标,保留关注份额变化；需与相同口径的前期值比较。,例如筛选关注份额上升最快的项目，再检查绝对讨论量，避免小基数误导。 当前工具是否返回此指标仍待核对。,,unavailable,,,kaito_feed_item,社交动态,data.metrics.mindshare_delta,kaito-social-spider.kaito_feed_item.data.metrics.mindshare_delta,app,field,kaito,kaito-social-spider,kaito-social-spider.kaito_feed_item,sha256:f1620ffa32315698b375587fe1c122404db9b82a56c98e66940100518206b35c
Kaito 社交数据,上期排名,衡量指标,保留上一统计窗口的名次，用于计算排名变化。,例如在“社交动态”中按对象和时间窗比较这个值；计算前先核对单位与口径。 此指标是否由当前 Kaito 工具返回仍待核对。,,unavailable,,,kaito_feed_item,社交动态,data.metrics.previous_rank,kaito-social-spider.kaito_feed_item.data.metrics.previous_rank,app,field,kaito,kaito-social-spider,kaito-social-spider.kaito_feed_item,sha256:f1620ffa32315698b375587fe1c122404db9b82a56c98e66940100518206b35c
Kaito 社交数据,引用数,衡量指标,保留引用转发次数，用于观察内容传播。,例如在“社交动态”中按对象和时间窗比较这个值；计算前先核对单位与口径。 此指标是否由当前 Kaito 工具返回仍待核对。,,unavailable,,,kaito_feed_item,社交动态,data.metrics.quotes,kaito-social-spider.kaito_feed_item.data.metrics.quotes,app,field,kaito,kaito-social-spider,kaito-social-spider.kaito_feed_item,sha256:f1620ffa32315698b375587fe1c122404db9b82a56c98e66940100518206b35c
Kaito 社交数据,排名,衡量指标,保留当前名次，用于查看对象在同口径榜单中的位置。,例如追踪同一榜单中名次的连续变化，而不是只看单次排名。 当前工具是否返回此指标仍待核对。,,unavailable,,,kaito_feed_item,社交动态,data.metrics.rank,kaito-social-spider.kaito_feed_item.data.metrics.rank,app,field,kaito,kaito-social-spider,kaito-social-spider.kaito_feed_item,sha256:f1620ffa32315698b375587fe1c122404db9b82a56c98e66940100518206b35c
Kaito 社交数据,排名变化,衡量指标,保留名次变化；需要确认正负号代表的方向。,例如在“社交动态”中按对象和时间窗比较这个值；计算前先核对单位与口径。 此指标是否由当前 Kaito 工具返回仍待核对。,,unavailable,,,kaito_feed_item,社交动态,data.metrics.rank_change,kaito-social-spider.kaito_feed_item.data.metrics.rank_change,app,field,kaito,kaito-social-spider,kaito-social-spider.kaito_feed_item,sha256:f1620ffa32315698b375587fe1c122404db9b82a56c98e66940100518206b35c
Kaito 社交数据,回复数,衡量指标,保留回复次数，用于观察讨论参与。,例如在“社交动态”中按对象和时间窗比较这个值；计算前先核对单位与口径。 此指标是否由当前 Kaito 工具返回仍待核对。,,unavailable,,,kaito_feed_item,社交动态,data.metrics.replies,kaito-social-spider.kaito_feed_item.data.metrics.replies,app,field,kaito,kaito-social-spider,kaito-social-spider.kaito_feed_item,sha256:f1620ffa32315698b375587fe1c122404db9b82a56c98e66940100518206b35c
Kaito 社交数据,转发数,衡量指标,保留转发次数，用于观察内容传播。,例如在“社交动态”中按对象和时间窗比较这个值；计算前先核对单位与口径。 此指标是否由当前 Kaito 工具返回仍待核对。,,unavailable,,,kaito_feed_item,社交动态,data.metrics.retweets,kaito-social-spider.kaito_feed_item.data.metrics.retweets,app,field,kaito,kaito-social-spider,kaito-social-spider.kaito_feed_item,sha256:f1620ffa32315698b375587fe1c122404db9b82a56c98e66940100518206b35c
Kaito 社交数据,评分,衡量指标,保留工具返回的评分；不同工具的评分不能直接混算。,例如在“社交动态”中按对象和时间窗比较这个值；计算前先核对单位与口径。 此指标是否由当前 Kaito 工具返回仍待核对。,88,transformed_test_fixture,https://github.com/cyberight-cap/fewunderstand/blob/23a854c2a02e6b52e424844648d4026737361caa/spider/kaito-social-spider/tests/fixtures/kaito_p0_raw.json,,kaito_feed_item,社交动态,data.metrics.score,kaito-social-spider.kaito_feed_item.data.metrics.score,app,field,kaito,kaito-social-spider,kaito-social-spider.kaito_feed_item,sha256:f1620ffa32315698b375587fe1c122404db9b82a56c98e66940100518206b35c
Kaito 社交数据,情绪,衡量指标,保留情绪指标；量纲和正负含义需由对应工具确认。,例如把情绪变化与同一窗口的提及量一起看，避免少量帖子主导判断。 当前工具是否返回此指标仍待核对。,,unavailable,,,kaito_feed_item,社交动态,data.metrics.sentiment,kaito-social-spider.kaito_feed_item.data.metrics.sentiment,app,field,kaito,kaito-social-spider,kaito-social-spider.kaito_feed_item,sha256:f1620ffa32315698b375587fe1c122404db9b82a56c98e66940100518206b35c
Kaito 社交数据,情绪评分,衡量指标,保留情绪评分；与讨论量一起看更能判断可靠性。,例如把情绪评分与同一窗口的提及量一起看，避免少量帖子主导判断。 当前工具是否返回此指标仍待核对。,,unavailable,,,kaito_feed_item,社交动态,data.metrics.sentiment_score,kaito-social-spider.kaito_feed_item.data.metrics.sentiment_score,app,field,kaito,kaito-social-spider,kaito-social-spider.kaito_feed_item,sha256:f1620ffa32315698b375587fe1c122404db9b82a56c98e66940100518206b35c
Kaito 社交数据,高关注度账号互动量,衡量指标,保留高关注度账号的互动量；账号认定口径需核对。,例如观察高关注度账号的互动是否先于整体互动增加，作为待验证的早期关注线索。 当前工具是否返回此指标仍待核对。,,unavailable,,,kaito_feed_item,社交动态,data.metrics.smart_engagement,kaito-social-spider.kaito_feed_item.data.metrics.smart_engagement,app,field,kaito,kaito-social-spider,kaito-social-spider.kaito_feed_item,sha256:f1620ffa32315698b375587fe1c122404db9b82a56c98e66940100518206b35c
Kaito 社交数据,高关注度账号互动占比,衡量指标,保留高关注度账号互动占比；需核对分母。,例如在“社交动态”中按对象和时间窗比较这个值；计算前先核对单位与口径。 此指标是否由当前 Kaito 工具返回仍待核对。,,unavailable,,,kaito_feed_item,社交动态,data.metrics.smart_engagement_ratio,kaito-social-spider.kaito_feed_item.data.metrics.smart_engagement_ratio,app,field,kaito,kaito-social-spider,kaito-social-spider.kaito_feed_item,sha256:f1620ffa32315698b375587fe1c122404db9b82a56c98e66940100518206b35c
Kaito 社交数据,高关注度粉丝数,衡量指标,保留高关注度粉丝数；账号认定口径需核对。,例如比较同一账号连续两次的高关注度粉丝数，检查是否出现异常增长。 当前工具是否返回此指标仍待核对。,,unavailable,,,kaito_feed_item,社交动态,data.metrics.smart_followers,kaito-social-spider.kaito_feed_item.data.metrics.smart_followers,app,field,kaito,kaito-social-spider,kaito-social-spider.kaito_feed_item,sha256:f1620ffa32315698b375587fe1c122404db9b82a56c98e66940100518206b35c
Kaito 社交数据,指标时间,时间定位,标记指标对应的时间点，用于组成时间序列。,例如按同一时间窗分组，并检查记录是否过时。 此指标是否由当前 Kaito 工具返回仍待核对。,,unavailable,,,kaito_feed_item,社交动态,data.metrics.timestamp,kaito-social-spider.kaito_feed_item.data.metrics.timestamp,app,field,kaito,kaito-social-spider,kaito-social-spider.kaito_feed_item,sha256:f1620ffa32315698b375587fe1c122404db9b82a56c98e66940100518206b35c
Kaito 社交数据,总互动量,衡量指标,保留总互动量，用于观察讨论热度。,例如与提及次数一起比较，区分少数高互动内容和广泛讨论。 当前工具是否返回此指标仍待核对。,,unavailable,,,kaito_feed_item,社交动态,data.metrics.total_engagement,kaito-social-spider.kaito_feed_item.data.metrics.total_engagement,app,field,kaito,kaito-social-spider,kaito-social-spider.kaito_feed_item,sha256:f1620ffa32315698b375587fe1c122404db9b82a56c98e66940100518206b35c
Kaito 社交数据,指标值,衡量指标,保留时间序列或指标行的数值；含义取决于对应工具。,例如在“社交动态”中按对象和时间窗比较这个值；计算前先核对单位与口径。 此指标是否由当前 Kaito 工具返回仍待核对。,,unavailable,,,kaito_feed_item,社交动态,data.metrics.value,kaito-social-spider.kaito_feed_item.data.metrics.value,app,field,kaito,kaito-social-spider,kaito-social-spider.kaito_feed_item,sha256:f1620ffa32315698b375587fe1c122404db9b82a56c98e66940100518206b35c
Kaito 社交数据,浏览量,衡量指标,保留浏览次数，用于观察内容曝光。,例如用浏览量作曝光参考，再看互动量是否同步增长。 当前工具是否返回此指标仍待核对。,,unavailable,,,kaito_feed_item,社交动态,data.metrics.views,kaito-social-spider.kaito_feed_item.data.metrics.views,app,field,kaito,kaito-social-spider,kaito-social-spider.kaito_feed_item,sha256:f1620ffa32315698b375587fe1c122404db9b82a56c98e66940100518206b35c
Kaito 社交数据,平台,记录属性,标记内容所在的平台，便于区分来源渠道。,例如先用这个属性筛选可比较的记录，再查看对应的数值或内容。,kaito,transformed_test_fixture,https://github.com/cyberight-cap/fewunderstand/blob/23a854c2a02e6b52e424844648d4026737361caa/spider/kaito-social-spider/tests/fixtures/kaito_p0_raw.json,,kaito_feed_item,社交动态,data.platform,kaito-social-spider.kaito_feed_item.data.platform,app,field,kaito,kaito-social-spider,kaito-social-spider.kaito_feed_item,sha256:f1620ffa32315698b375587fe1c122404db9b82a56c98e66940100518206b35c
Kaito 社交数据,原始数据,原始或结构数据,保留该 Kaito 记录对应的原始返回行，用于回查未提取的键。,点开返回样本核对内部键，再决定是否需要提取为独立字段。,"{""entity_id"": ""pendle"", ""symbol"": ""PENDLE"", ""score"": 88, ""url"": ""https://example.com/feed""}",transformed_test_fixture,https://github.com/cyberight-cap/fewunderstand/blob/23a854c2a02e6b52e424844648d4026737361caa/spider/kaito-social-spider/tests/fixtures/kaito_p0_raw.json,,kaito_feed_item,社交动态,data.raw,kaito-social-spider.kaito_feed_item.data.raw,app,field,kaito,kaito-social-spider,kaito-social-spider.kaito_feed_item,sha256:f1620ffa32315698b375587fe1c122404db9b82a56c98e66940100518206b35c
Kaito 社交数据,记录类型,来源与溯源,标记转换后的 Kaito 记录类型，便于选择正确的处理规则。,例如排查一条指标的来源或重复记录时，用它回到原始查询和处理链。,kaito_feed_item,transformed_test_fixture,https://github.com/cyberight-cap/fewunderstand/blob/23a854c2a02e6b52e424844648d4026737361caa/spider/kaito-social-spider/tests/fixtures/kaito_p0_raw.json,,kaito_feed_item,社交动态,data.record_type,kaito-social-spider.kaito_feed_item.data.record_type,v2,field,kaito,kaito-social-spider,kaito-social-spider.kaito_feed_item,sha256:f1620ffa32315698b375587fe1c122404db9b82a56c98e66940100518206b35c
Kaito 社交数据,请求信息,原始或结构数据,保存调用 Kaito 工具的请求元信息，用于核对查询条件。,点开返回样本核对内部键，再决定是否需要提取为独立字段。,"{""tool"": ""kaito_feeds"", ""params_hash"": ""59676b023081bf7f"", ""window_start"": null, ""window_end"": null}",transformed_test_fixture,https://github.com/cyberight-cap/fewunderstand/blob/23a854c2a02e6b52e424844648d4026737361caa/spider/kaito-social-spider/tests/fixtures/kaito_p0_raw.json,,kaito_feed_item,社交动态,data.request,kaito-social-spider.kaito_feed_item.data.request,app,field,kaito,kaito-social-spider,kaito-social-spider.kaito_feed_item,sha256:f1620ffa32315698b375587fe1c122404db9b82a56c98e66940100518206b35c
Kaito 社交数据,请求参数摘要,来源与溯源,保存脱敏后的请求参数摘要，用于识别同一次查询条件。,例如排查一条指标的来源或重复记录时，用它回到原始查询和处理链。,59676b023081bf7f,transformed_test_fixture,https://github.com/cyberight-cap/fewunderstand/blob/23a854c2a02e6b52e424844648d4026737361caa/spider/kaito-social-spider/tests/fixtures/kaito_p0_raw.json,,kaito_feed_item,社交动态,data.request.params_hash,kaito-social-spider.kaito_feed_item.data.request.params_hash,app,field,kaito,kaito-social-spider,kaito-social-spider.kaito_feed_item,sha256:f1620ffa32315698b375587fe1c122404db9b82a56c98e66940100518206b35c
Kaito 社交数据,请求工具,来源与溯源,指出产生这条记录的 Kaito 工具，用于核对指标口径。,例如排查一条指标的来源或重复记录时，用它回到原始查询和处理链。,kaito_feeds,transformed_test_fixture,https://github.com/cyberight-cap/fewunderstand/blob/23a854c2a02e6b52e424844648d4026737361caa/spider/kaito-social-spider/tests/fixtures/kaito_p0_raw.json,,kaito_feed_item,社交动态,data.request.tool,kaito-social-spider.kaito_feed_item.data.request.tool,app,field,kaito,kaito-social-spider,kaito-social-spider.kaito_feed_item,sha256:f1620ffa32315698b375587fe1c122404db9b82a56c98e66940100518206b35c
Kaito 社交数据,请求时间窗口,来源与溯源,记录请求时使用的时间窗口，用于比较同口径数据。,例如排查一条指标的来源或重复记录时，用它回到原始查询和处理链。,,unavailable,,,kaito_feed_item,社交动态,data.request.window,kaito-social-spider.kaito_feed_item.data.request.window,app,field,kaito,kaito-social-spider,kaito-social-spider.kaito_feed_item,sha256:f1620ffa32315698b375587fe1c122404db9b82a56c98e66940100518206b35c
Kaito 社交数据,请求窗口结束,来源与溯源,记录请求窗口的结束时间，用于界定统计区间。,例如排查一条指标的来源或重复记录时，用它回到原始查询和处理链。,,transformed_test_fixture,https://github.com/cyberight-cap/fewunderstand/blob/23a854c2a02e6b52e424844648d4026737361caa/spider/kaito-social-spider/tests/fixtures/kaito_p0_raw.json,,kaito_feed_item,社交动态,data.request.window_end,kaito-social-spider.kaito_feed_item.data.request.window_end,app,field,kaito,kaito-social-spider,kaito-social-spider.kaito_feed_item,sha256:f1620ffa32315698b375587fe1c122404db9b82a56c98e66940100518206b35c
Kaito 社交数据,请求窗口开始,来源与溯源,记录请求窗口的开始时间，用于界定统计区间。,例如排查一条指标的来源或重复记录时，用它回到原始查询和处理链。,,transformed_test_fixture,https://github.com/cyberight-cap/fewunderstand/blob/23a854c2a02e6b52e424844648d4026737361caa/spider/kaito-social-spider/tests/fixtures/kaito_p0_raw.json,,kaito_feed_item,社交动态,data.request.window_start,kaito-social-spider.kaito_feed_item.data.request.window_start,app,field,kaito,kaito-social-spider,kaito-social-spider.kaito_feed_item,sha256:f1620ffa32315698b375587fe1c122404db9b82a56c98e66940100518206b35c
Kaito 社交数据,统计窗口,时间定位,保存记录对应的统计窗口，用于避免混合不同时间跨度。,例如按同一时间窗分组，并检查记录是否过时。,,transformed_test_fixture,https://github.com/cyberight-cap/fewunderstand/blob/23a854c2a02e6b52e424844648d4026737361caa/spider/kaito-social-spider/tests/fixtures/kaito_p0_raw.json,,kaito_feed_item,社交动态,data.window,kaito-social-spider.kaito_feed_item.data.window,app,field,kaito,kaito-social-spider,kaito-social-spider.kaito_feed_item,sha256:f1620ffa32315698b375587fe1c122404db9b82a56c98e66940100518206b35c
Kaito 社交数据,处理溯源,来源与溯源,保存处理链路元信息，用于追查记录如何产生。,例如排查一条指标的来源或重复记录时，用它回到原始查询和处理链。,"{""event_id"": ""evt:6be6f73b60c4cd707a250b2e927f3262"", ""trace_id"": ""evt:6be6f73b60c4cd707a250b2e927f3262"", ""parent_event_ids"": [], ""source_event_id"": null, ""record_type"": ""kaito_feed_item"", ""schema_version"": ""pipeline-lineage/v1"", ""producer"": ""kaito-social-spider"", ""processing_stage"": ""ingest"", ""observed_at"": ""2026-07-19T00:00:00Z"", ""processed_at"": ""2026-07-19T00:00:00Z"", ""source_topic"": null, ""source_partition"": null, ""source_offset"": null, ""asset_id"": null}",transformed_test_fixture,https://github.com/cyberight-cap/fewunderstand/blob/23a854c2a02e6b52e424844648d4026737361caa/spider/kaito-social-spider/tests/fixtures/kaito_p0_raw.json,,kaito_feed_item,社交动态,lineage,kaito-social-spider.kaito_feed_item.lineage,app,field,kaito,kaito-social-spider,kaito-social-spider.kaito_feed_item,sha256:f1620ffa32315698b375587fe1c122404db9b82a56c98e66940100518206b35c
Kaito 社交数据,资产 ID,来源与溯源,保存解析后的内部资产 ID；未完成资产绑定时可能为空。,例如排查一条指标的来源或重复记录时，用它回到原始查询和处理链。,,transformed_test_fixture,https://github.com/cyberight-cap/fewunderstand/blob/23a854c2a02e6b52e424844648d4026737361caa/spider/kaito-social-spider/tests/fixtures/kaito_p0_raw.json,,kaito_feed_item,社交动态,lineage.asset_id,kaito-social-spider.kaito_feed_item.lineage.asset_id,app,field,kaito,kaito-social-spider,kaito-social-spider.kaito_feed_item,sha256:f1620ffa32315698b375587fe1c122404db9b82a56c98e66940100518206b35c
Kaito 社交数据,事件 ID,来源与溯源,稳定识别这条事件，用于追踪后续计算与结果。,例如排查一条指标的来源或重复记录时，用它回到原始查询和处理链。,evt:6be6f73b60c4cd707a250b2e927f3262,transformed_test_fixture,https://github.com/cyberight-cap/fewunderstand/blob/23a854c2a02e6b52e424844648d4026737361caa/spider/kaito-social-spider/tests/fixtures/kaito_p0_raw.json,,kaito_feed_item,社交动态,lineage.event_id,kaito-social-spider.kaito_feed_item.lineage.event_id,app,field,kaito,kaito-social-spider,kaito-social-spider.kaito_feed_item,sha256:f1620ffa32315698b375587fe1c122404db9b82a56c98e66940100518206b35c
Kaito 社交数据,观察时间,来源与溯源,记录事实被观察的时间，用于确认原始数据时效。,例如排查一条指标的来源或重复记录时，用它回到原始查询和处理链。,2026-07-19T00:00:00Z,transformed_test_fixture,https://github.com/cyberight-cap/fewunderstand/blob/23a854c2a02e6b52e424844648d4026737361caa/spider/kaito-social-spider/tests/fixtures/kaito_p0_raw.json,,kaito_feed_item,社交动态,lineage.observed_at,kaito-social-spider.kaito_feed_item.lineage.observed_at,app,field,kaito,kaito-social-spider,kaito-social-spider.kaito_feed_item,sha256:f1620ffa32315698b375587fe1c122404db9b82a56c98e66940100518206b35c
Kaito 社交数据,上游事件 ID,来源与溯源,保存上游事件 ID，用于追溯派生结果的输入。,例如排查一条指标的来源或重复记录时，用它回到原始查询和处理链。,[],transformed_test_fixture,https://github.com/cyberight-cap/fewunderstand/blob/23a854c2a02e6b52e424844648d4026737361caa/spider/kaito-social-spider/tests/fixtures/kaito_p0_raw.json,,kaito_feed_item,社交动态,lineage.parent_event_ids,kaito-social-spider.kaito_feed_item.lineage.parent_event_ids,app,field,kaito,kaito-social-spider,kaito-social-spider.kaito_feed_item,sha256:f1620ffa32315698b375587fe1c122404db9b82a56c98e66940100518206b35c
Kaito 社交数据,处理时间,来源与溯源,记录处理程序生成消息的时间，用于定位处理延迟。,例如排查一条指标的来源或重复记录时，用它回到原始查询和处理链。,2026-07-19T00:00:00Z,transformed_test_fixture,https://github.com/cyberight-cap/fewunderstand/blob/23a854c2a02e6b52e424844648d4026737361caa/spider/kaito-social-spider/tests/fixtures/kaito_p0_raw.json,,kaito_feed_item,社交动态,lineage.processed_at,kaito-social-spider.kaito_feed_item.lineage.processed_at,app,field,kaito,kaito-social-spider,kaito-social-spider.kaito_feed_item,sha256:f1620ffa32315698b375587fe1c122404db9b82a56c98e66940100518206b35c
Kaito 社交数据,处理阶段,来源与溯源,标记当前处理阶段，用于区分采集与后续加工。,例如排查一条指标的来源或重复记录时，用它回到原始查询和处理链。,ingest,transformed_test_fixture,https://github.com/cyberight-cap/fewunderstand/blob/23a854c2a02e6b52e424844648d4026737361caa/spider/kaito-social-spider/tests/fixtures/kaito_p0_raw.json,,kaito_feed_item,社交动态,lineage.processing_stage,kaito-social-spider.kaito_feed_item.lineage.processing_stage,app,field,kaito,kaito-social-spider,kaito-social-spider.kaito_feed_item,sha256:f1620ffa32315698b375587fe1c122404db9b82a56c98e66940100518206b35c
Kaito 社交数据,生产程序,来源与溯源,标记生成这条消息的程序，用于核对生产来源。,例如排查一条指标的来源或重复记录时，用它回到原始查询和处理链。,kaito-social-spider,transformed_test_fixture,https://github.com/cyberight-cap/fewunderstand/blob/23a854c2a02e6b52e424844648d4026737361caa/spider/kaito-social-spider/tests/fixtures/kaito_p0_raw.json,,kaito_feed_item,社交动态,lineage.producer,kaito-social-spider.kaito_feed_item.lineage.producer,app,field,kaito,kaito-social-spider,kaito-social-spider.kaito_feed_item,sha256:f1620ffa32315698b375587fe1c122404db9b82a56c98e66940100518206b35c
Kaito 社交数据,溯源记录类型,来源与溯源,标记溯源信封里的记录类型，用于验证处理链路。,例如排查一条指标的来源或重复记录时，用它回到原始查询和处理链。,kaito_feed_item,transformed_test_fixture,https://github.com/cyberight-cap/fewunderstand/blob/23a854c2a02e6b52e424844648d4026737361caa/spider/kaito-social-spider/tests/fixtures/kaito_p0_raw.json,,kaito_feed_item,社交动态,lineage.record_type,kaito-social-spider.kaito_feed_item.lineage.record_type,app,field,kaito,kaito-social-spider,kaito-social-spider.kaito_feed_item,sha256:f1620ffa32315698b375587fe1c122404db9b82a56c98e66940100518206b35c
Kaito 社交数据,结构版本,来源与溯源,标记消息结构版本，用于兼容不同版本的处理代码。,例如排查一条指标的来源或重复记录时，用它回到原始查询和处理链。,pipeline-lineage/v1,transformed_test_fixture,https://github.com/cyberight-cap/fewunderstand/blob/23a854c2a02e6b52e424844648d4026737361caa/spider/kaito-social-spider/tests/fixtures/kaito_p0_raw.json,,kaito_feed_item,社交动态,lineage.schema_version,kaito-social-spider.kaito_feed_item.lineage.schema_version,app,field,kaito,kaito-social-spider,kaito-social-spider.kaito_feed_item,sha256:f1620ffa32315698b375587fe1c122404db9b82a56c98e66940100518206b35c
Kaito 社交数据,来源事件 ID,来源与溯源,保存来源系统的事件 ID，用于跨系统回查。,例如排查一条指标的来源或重复记录时，用它回到原始查询和处理链。,,transformed_test_fixture,https://github.com/cyberight-cap/fewunderstand/blob/23a854c2a02e6b52e424844648d4026737361caa/spider/kaito-social-spider/tests/fixtures/kaito_p0_raw.json,,kaito_feed_item,社交动态,lineage.source_event_id,kaito-social-spider.kaito_feed_item.lineage.source_event_id,app,field,kaito,kaito-social-spider,kaito-social-spider.kaito_feed_item,sha256:f1620ffa32315698b375587fe1c122404db9b82a56c98e66940100518206b35c
Kaito 社交数据,来源偏移量,来源与溯源,保存来源消息偏移量，用于定位消息流位置。,例如排查一条指标的来源或重复记录时，用它回到原始查询和处理链。,,transformed_test_fixture,https://github.com/cyberight-cap/fewunderstand/blob/23a854c2a02e6b52e424844648d4026737361caa/spider/kaito-social-spider/tests/fixtures/kaito_p0_raw.json,,kaito_feed_item,社交动态,lineage.source_offset,kaito-social-spider.kaito_feed_item.lineage.source_offset,app,field,kaito,kaito-social-spider,kaito-social-spider.kaito_feed_item,sha256:f1620ffa32315698b375587fe1c122404db9b82a56c98e66940100518206b35c
Kaito 社交数据,来源分区,来源与溯源,保存来源消息分区，用于定位消息流位置。,例如排查一条指标的来源或重复记录时，用它回到原始查询和处理链。,,transformed_test_fixture,https://github.com/cyberight-cap/fewunderstand/blob/23a854c2a02e6b52e424844648d4026737361caa/spider/kaito-social-spider/tests/fixtures/kaito_p0_raw.json,,kaito_feed_item,社交动态,lineage.source_partition,kaito-social-spider.kaito_feed_item.lineage.source_partition,app,field,kaito,kaito-social-spider,kaito-social-spider.kaito_feed_item,sha256:f1620ffa32315698b375587fe1c122404db9b82a56c98e66940100518206b35c
Kaito 社交数据,来源主题,来源与溯源,保存来源主题名称，用于定位消息流位置。,例如排查一条指标的来源或重复记录时，用它回到原始查询和处理链。,,transformed_test_fixture,https://github.com/cyberight-cap/fewunderstand/blob/23a854c2a02e6b52e424844648d4026737361caa/spider/kaito-social-spider/tests/fixtures/kaito_p0_raw.json,,kaito_feed_item,社交动态,lineage.source_topic,kaito-social-spider.kaito_feed_item.lineage.source_topic,app,field,kaito,kaito-social-spider,kaito-social-spider.kaito_feed_item,sha256:f1620ffa32315698b375587fe1c122404db9b82a56c98e66940100518206b35c
Kaito 社交数据,追踪 ID,来源与溯源,关联同一处理链路上的事件，用于端到端追踪。,例如排查一条指标的来源或重复记录时，用它回到原始查询和处理链。,evt:6be6f73b60c4cd707a250b2e927f3262,transformed_test_fixture,https://github.com/cyberight-cap/fewunderstand/blob/23a854c2a02e6b52e424844648d4026737361caa/spider/kaito-social-spider/tests/fixtures/kaito_p0_raw.json,,kaito_feed_item,社交动态,lineage.trace_id,kaito-social-spider.kaito_feed_item.lineage.trace_id,app,field,kaito,kaito-social-spider,kaito-social-spider.kaito_feed_item,sha256:f1620ffa32315698b375587fe1c122404db9b82a56c98e66940100518206b35c
Kaito 社交数据,原始文本,内容理解,保留内容的原始文本，用于回查清洗前的信息。,例如筛选与目标项目相关的内容，再点回原文人工核查。,,unavailable,,,kaito_feed_item,社交动态,raw_text,kaito-social-spider.kaito_feed_item.raw_text,app,field,kaito,kaito-social-spider,kaito-social-spider.kaito_feed_item,sha256:f1620ffa32315698b375587fe1c122404db9b82a56c98e66940100518206b35c
Kaito 社交数据,来源,来源与溯源,标记这条记录的来源，用于筛选和核对数据出处。,例如排查一条指标的来源或重复记录时，用它回到原始查询和处理链。,kaito,transformed_test_fixture,https://github.com/cyberight-cap/fewunderstand/blob/23a854c2a02e6b52e424844648d4026737361caa/spider/kaito-social-spider/tests/fixtures/kaito_p0_raw.json,,kaito_feed_item,社交动态,source,kaito-social-spider.kaito_feed_item.source,app,field,kaito,kaito-social-spider,kaito-social-spider.kaito_feed_item,sha256:f1620ffa32315698b375587fe1c122404db9b82a56c98e66940100518206b35c
Kaito 社交数据,正文,内容理解,保存消息或帖子的正文，用于关键词、主题和事件分析。,例如查找项目名或事件关键词，并结合消息时间和来源做人工核对。,,unavailable,,,kaito_feed_item,社交动态,text,kaito-social-spider.kaito_feed_item.text,app,field,kaito,kaito-social-spider,kaito-social-spider.kaito_feed_item,sha256:f1620ffa32315698b375587fe1c122404db9b82a56c98e66940100518206b35c
Kaito 社交数据,记录时间,时间定位,记录该数据对应的时间点，用于排序或时间窗聚合。,例如按同一时间窗分组，并检查记录是否过时。,2026-07-19T00:00:00Z,transformed_test_fixture,https://github.com/cyberight-cap/fewunderstand/blob/23a854c2a02e6b52e424844648d4026737361caa/spider/kaito-social-spider/tests/fixtures/kaito_p0_raw.json,,kaito_feed_item,社交动态,timestamp,kaito-social-spider.kaito_feed_item.timestamp,app,field,kaito,kaito-social-spider,kaito-social-spider.kaito_feed_item,sha256:f1620ffa32315698b375587fe1c122404db9b82a56c98e66940100518206b35c
Kaito 社交数据,标题,内容理解,保存内容标题，用于快速判断主题。,例如先用标题筛选相关内容，再用正文或原文链接验证。,,unavailable,,,kaito_feed_item,社交动态,title,kaito-social-spider.kaito_feed_item.title,app,field,kaito,kaito-social-spider,kaito-social-spider.kaito_feed_item,sha256:f1620ffa32315698b375587fe1c122404db9b82a56c98e66940100518206b35c
Kaito 社交数据,链接地址,对象识别,保存内容原文地址，用于回查和去重。,例如把同一对象在不同时间的记录对齐，再比较指标变化。,https://example.com/feed,transformed_test_fixture,https://github.com/cyberight-cap/fewunderstand/blob/23a854c2a02e6b52e424844648d4026737361caa/spider/kaito-social-spider/tests/fixtures/kaito_p0_raw.json,,kaito_feed_item,社交动态,url,kaito-social-spider.kaito_feed_item.url,app,field,kaito,kaito-social-spider,kaito-social-spider.kaito_feed_item,sha256:f1620ffa32315698b375587fe1c122404db9b82a56c98e66940100518206b35c
Kaito 社交数据,叙事关注份额走势,记录类型,这类记录包含下列可展开的字段定义。,先选择记录类型，再查看字段用途与返回样本。,,unavailable,,,kaito_narrative_mindshare_timeseries,叙事关注份额走势,kaito_narrative_mindshare_timeseries,kaito-social-spider.kaito_narrative_mindshare_timeseries,app,record_type,kaito,kaito-social-spider,kaito-social-spider.kaito_narrative_mindshare_timeseries,sha256:f1620ffa32315698b375587fe1c122404db9b82a56c98e66940100518206b35c
Kaito 社交数据,作者,内容理解,指出内容的作者，便于按发布者汇总或回到原帖。,例如筛选与目标项目相关的内容，再点回原文人工核查。,,unavailable,,,kaito_narrative_mindshare_timeseries,叙事关注份额走势,author,kaito-social-spider.kaito_narrative_mindshare_timeseries.author,app,field,kaito,kaito-social-spider,kaito-social-spider.kaito_narrative_mindshare_timeseries,sha256:f1620ffa32315698b375587fe1c122404db9b82a56c98e66940100518206b35c
Kaito 社交数据,数据对象,原始或结构数据,装载这一类记录的主要业务数据；应继续展开具体子字段。,点开返回样本核对内部键，再决定是否需要提取为独立字段。,"{""platform"": ""kaito"", ""content_type"": ""social_intelligence"", ""record_type"": ""kaito_narrative_mindshare_timeseries"", ""entity"": {""kaito_id"": ""defi"", ""symbol"": null, ""name"": ""DeFi"", ""coingecko_slug"": null}, ""window"": ""30d"", ""metrics"": {""timestamp"": ""2026-07-19T00:00:00Z"", ""value"": 0.07, ""mindshare_current"": 0.07, ""engagement"": 0.07}, ""request"": {""tool"": ""kaito_mindshare_narrative"", ""params_hash"": ""e203a6535760a4a7"", ""window_start"": null, ""window_end"": null, ""window"": ""30d""}, ""raw"": {""id"": ""defi"", ""name"": ""DeFi"", ""timestamp"": ""2026-07-19T00:00:00Z"", ""value"": 0.07}}",transformed_test_fixture,https://github.com/cyberight-cap/fewunderstand/blob/23a854c2a02e6b52e424844648d4026737361caa/spider/kaito-social-spider/tests/fixtures/kaito_p0_raw.json,,kaito_narrative_mindshare_timeseries,叙事关注份额走势,data,kaito-social-spider.kaito_narrative_mindshare_timeseries.data,app,field,kaito,kaito-social-spider,kaito-social-spider.kaito_narrative_mindshare_timeseries,sha256:f1620ffa32315698b375587fe1c122404db9b82a56c98e66940100518206b35c
Kaito 社交数据,内容类型,记录属性,说明 Kaito 记录的内容类别，便于区分不同内容。,例如先用这个属性筛选可比较的记录，再查看对应的数值或内容。,social_intelligence,transformed_test_fixture,https://github.com/cyberight-cap/fewunderstand/blob/23a854c2a02e6b52e424844648d4026737361caa/spider/kaito-social-spider/tests/fixtures/kaito_p0_raw.json,,kaito_narrative_mindshare_timeseries,叙事关注份额走势,data.content_type,kaito-social-spider.kaito_narrative_mindshare_timeseries.data.content_type,app,field,kaito,kaito-social-spider,kaito-social-spider.kaito_narrative_mindshare_timeseries,sha256:f1620ffa32315698b375587fe1c122404db9b82a56c98e66940100518206b35c
Kaito 社交数据,对象信息,原始或结构数据,保存被分析对象的身份信息，用于关联同一项目或资产。,点开返回样本核对内部键，再决定是否需要提取为独立字段。,"{""kaito_id"": ""defi"", ""symbol"": null, ""name"": ""DeFi"", ""coingecko_slug"": null}",transformed_test_fixture,https://github.com/cyberight-cap/fewunderstand/blob/23a854c2a02e6b52e424844648d4026737361caa/spider/kaito-social-spider/tests/fixtures/kaito_p0_raw.json,,kaito_narrative_mindshare_timeseries,叙事关注份额走势,data.entity,kaito-social-spider.kaito_narrative_mindshare_timeseries.data.entity,app,field,kaito,kaito-social-spider,kaito-social-spider.kaito_narrative_mindshare_timeseries,sha256:f1620ffa32315698b375587fe1c122404db9b82a56c98e66940100518206b35c
Kaito 社交数据,CoinGecko 标识,对象识别,保存 CoinGecko 的对象标识，便于跨来源对齐同一资产。,例如把同一对象在不同时间的记录对齐，再比较指标变化。,,transformed_test_fixture,https://github.com/cyberight-cap/fewunderstand/blob/23a854c2a02e6b52e424844648d4026737361caa/spider/kaito-social-spider/tests/fixtures/kaito_p0_raw.json,,kaito_narrative_mindshare_timeseries,叙事关注份额走势,data.entity.coingecko_slug,kaito-social-spider.kaito_narrative_mindshare_timeseries.data.entity.coingecko_slug,app,field,kaito,kaito-social-spider,kaito-social-spider.kaito_narrative_mindshare_timeseries,sha256:f1620ffa32315698b375587fe1c122404db9b82a56c98e66940100518206b35c
Kaito 社交数据,Kaito ID,对象识别,保存 Kaito 的对象标识，便于合并同一对象的多条记录。,例如把同一对象在不同时间的记录对齐，再比较指标变化。,defi,transformed_test_fixture,https://github.com/cyberight-cap/fewunderstand/blob/23a854c2a02e6b52e424844648d4026737361caa/spider/kaito-social-spider/tests/fixtures/kaito_p0_raw.json,,kaito_narrative_mindshare_timeseries,叙事关注份额走势,data.entity.kaito_id,kaito-social-spider.kaito_narrative_mindshare_timeseries.data.entity.kaito_id,app,field,kaito,kaito-social-spider,kaito-social-spider.kaito_narrative_mindshare_timeseries,sha256:f1620ffa32315698b375587fe1c122404db9b82a56c98e66940100518206b35c
Kaito 社交数据,对象名称,对象识别,显示被分析对象的名称，便于人工核对。,例如把同一对象在不同时间的记录对齐，再比较指标变化。,DeFi,transformed_test_fixture,https://github.com/cyberight-cap/fewunderstand/blob/23a854c2a02e6b52e424844648d4026737361caa/spider/kaito-social-spider/tests/fixtures/kaito_p0_raw.json,,kaito_narrative_mindshare_timeseries,叙事关注份额走势,data.entity.name,kaito-social-spider.kaito_narrative_mindshare_timeseries.data.entity.name,app,field,kaito,kaito-social-spider,kaito-social-spider.kaito_narrative_mindshare_timeseries,sha256:f1620ffa32315698b375587fe1c122404db9b82a56c98e66940100518206b35c
Kaito 社交数据,资产代码,对象识别,保存对象的资产代码，便于与市场数据匹配；同名代码仍需核验。,例如把同一对象在不同时间的记录对齐，再比较指标变化。,,transformed_test_fixture,https://github.com/cyberight-cap/fewunderstand/blob/23a854c2a02e6b52e424844648d4026737361caa/spider/kaito-social-spider/tests/fixtures/kaito_p0_raw.json,,kaito_narrative_mindshare_timeseries,叙事关注份额走势,data.entity.symbol,kaito-social-spider.kaito_narrative_mindshare_timeseries.data.entity.symbol,v2,field,kaito,kaito-social-spider,kaito-social-spider.kaito_narrative_mindshare_timeseries,sha256:f1620ffa32315698b375587fe1c122404db9b82a56c98e66940100518206b35c
Kaito 社交数据,指标集合,原始或结构数据,装载 Kaito 返回行中提取出的指标；具体有哪些键取决于工具返回。,点开返回样本核对内部键，再决定是否需要提取为独立字段。,"{""timestamp"": ""2026-07-19T00:00:00Z"", ""value"": 0.07, ""mindshare_current"": 0.07, ""engagement"": 0.07}",transformed_test_fixture,https://github.com/cyberight-cap/fewunderstand/blob/23a854c2a02e6b52e424844648d4026737361caa/spider/kaito-social-spider/tests/fixtures/kaito_p0_raw.json,,kaito_narrative_mindshare_timeseries,叙事关注份额走势,data.metrics,kaito-social-spider.kaito_narrative_mindshare_timeseries.data.metrics,app,field,kaito,kaito-social-spider,kaito-social-spider.kaito_narrative_mindshare_timeseries,sha256:f1620ffa32315698b375587fe1c122404db9b82a56c98e66940100518206b35c
Kaito 社交数据,看跌指标,衡量指标,保留返回行中的看跌指标；分值口径需由对应工具确认。,例如在“叙事关注份额走势”中按对象和时间窗比较这个值；计算前先核对单位与口径。 此指标是否由当前 Kaito 工具返回仍待核对。,,unavailable,,,kaito_narrative_mindshare_timeseries,叙事关注份额走势,data.metrics.bearish,kaito-social-spider.kaito_narrative_mindshare_timeseries.data.metrics.bearish,app,field,kaito,kaito-social-spider,kaito-social-spider.kaito_narrative_mindshare_timeseries,sha256:f1620ffa32315698b375587fe1c122404db9b82a56c98e66940100518206b35c
Kaito 社交数据,看涨指标,衡量指标,保留返回行中的看涨指标；分值口径需由对应工具确认。,例如在“叙事关注份额走势”中按对象和时间窗比较这个值；计算前先核对单位与口径。 此指标是否由当前 Kaito 工具返回仍待核对。,,unavailable,,,kaito_narrative_mindshare_timeseries,叙事关注份额走势,data.metrics.bullish,kaito-social-spider.kaito_narrative_mindshare_timeseries.data.metrics.bullish,app,field,kaito,kaito-social-spider,kaito-social-spider.kaito_narrative_mindshare_timeseries,sha256:f1620ffa32315698b375587fe1c122404db9b82a56c98e66940100518206b35c
Kaito 社交数据,变化量,衡量指标,保留返回行中的变化值；比较前需确认变化的基准。,例如在“叙事关注份额走势”中按对象和时间窗比较这个值；计算前先核对单位与口径。 此指标是否由当前 Kaito 工具返回仍待核对。,,unavailable,,,kaito_narrative_mindshare_timeseries,叙事关注份额走势,data.metrics.change,kaito-social-spider.kaito_narrative_mindshare_timeseries.data.metrics.change,app,field,kaito,kaito-social-spider,kaito-social-spider.kaito_narrative_mindshare_timeseries,sha256:f1620ffa32315698b375587fe1c122404db9b82a56c98e66940100518206b35c
Kaito 社交数据,当前关注份额,衡量指标,保留当前关注份额；分母和时间窗需由对应工具确认。,例如在“叙事关注份额走势”中按对象和时间窗比较这个值；计算前先核对单位与口径。 此指标是否由当前 Kaito 工具返回仍待核对。,,unavailable,,,kaito_narrative_mindshare_timeseries,叙事关注份额走势,data.metrics.current_mindshare,kaito-social-spider.kaito_narrative_mindshare_timeseries.data.metrics.current_mindshare,app,field,kaito,kaito-social-spider,kaito-social-spider.kaito_narrative_mindshare_timeseries,sha256:f1620ffa32315698b375587fe1c122404db9b82a56c98e66940100518206b35c
Kaito 社交数据,变化值,衡量指标,保留相对上一窗口的变化值；比较前需确认方向和单位。,例如在“叙事关注份额走势”中按对象和时间窗比较这个值；计算前先核对单位与口径。 此指标是否由当前 Kaito 工具返回仍待核对。,,unavailable,,,kaito_narrative_mindshare_timeseries,叙事关注份额走势,data.metrics.delta,kaito-social-spider.kaito_narrative_mindshare_timeseries.data.metrics.delta,app,field,kaito,kaito-social-spider,kaito-social-spider.kaito_narrative_mindshare_timeseries,sha256:f1620ffa32315698b375587fe1c122404db9b82a56c98e66940100518206b35c
Kaito 社交数据,绝对变化值,衡量指标,保留绝对变化值；不要与百分比变化混用。,例如在“叙事关注份额走势”中按对象和时间窗比较这个值；计算前先核对单位与口径。 此指标是否由当前 Kaito 工具返回仍待核对。,,unavailable,,,kaito_narrative_mindshare_timeseries,叙事关注份额走势,data.metrics.delta_abs,kaito-social-spider.kaito_narrative_mindshare_timeseries.data.metrics.delta_abs,app,field,kaito,kaito-social-spider,kaito-social-spider.kaito_narrative_mindshare_timeseries,sha256:f1620ffa32315698b375587fe1c122404db9b82a56c98e66940100518206b35c
Kaito 社交数据,变化百分比,衡量指标,保留百分比变化；需要核对上游使用的是小数还是百分数。,例如在“叙事关注份额走势”中按对象和时间窗比较这个值；计算前先核对单位与口径。 此指标是否由当前 Kaito 工具返回仍待核对。,,unavailable,,,kaito_narrative_mindshare_timeseries,叙事关注份额走势,data.metrics.delta_pct,kaito-social-spider.kaito_narrative_mindshare_timeseries.data.metrics.delta_pct,app,field,kaito,kaito-social-spider,kaito-social-spider.kaito_narrative_mindshare_timeseries,sha256:f1620ffa32315698b375587fe1c122404db9b82a56c98e66940100518206b35c
Kaito 社交数据,变化方向,记录属性,标记变化属于上升或下降等方向，用于区分增减。,例如先用这个属性筛选可比较的记录，再查看对应的数值或内容。 此指标是否由当前 Kaito 工具返回仍待核对。,,unavailable,,,kaito_narrative_mindshare_timeseries,叙事关注份额走势,data.metrics.direction,kaito-social-spider.kaito_narrative_mindshare_timeseries.data.metrics.direction,app,field,kaito,kaito-social-spider,kaito-social-spider.kaito_narrative_mindshare_timeseries,sha256:f1620ffa32315698b375587fe1c122404db9b82a56c98e66940100518206b35c
Kaito 社交数据,互动量,衡量指标,保留返回行的互动量；需核对包含哪些互动行为。,例如统计同一对象在一个窗口内的互动量变化，再对照提及量判断热度来源。 当前工具是否返回此指标仍待核对。,0.07,transformed_test_fixture,https://github.com/cyberight-cap/fewunderstand/blob/23a854c2a02e6b52e424844648d4026737361caa/spider/kaito-social-spider/tests/fixtures/kaito_p0_raw.json,,kaito_narrative_mindshare_timeseries,叙事关注份额走势,data.metrics.engagement,kaito-social-spider.kaito_narrative_mindshare_timeseries.data.metrics.engagement,app,field,kaito,kaito-social-spider,kaito-social-spider.kaito_narrative_mindshare_timeseries,sha256:f1620ffa32315698b375587fe1c122404db9b82a56c98e66940100518206b35c
Kaito 社交数据,粉丝数,衡量指标,保留返回行的粉丝数量；需核对统计对象。,例如在“叙事关注份额走势”中按对象和时间窗比较这个值；计算前先核对单位与口径。 此指标是否由当前 Kaito 工具返回仍待核对。,,unavailable,,,kaito_narrative_mindshare_timeseries,叙事关注份额走势,data.metrics.followers,kaito-social-spider.kaito_narrative_mindshare_timeseries.data.metrics.followers,app,field,kaito,kaito-social-spider,kaito-social-spider.kaito_narrative_mindshare_timeseries,sha256:f1620ffa32315698b375587fe1c122404db9b82a56c98e66940100518206b35c
Kaito 社交数据,点赞数,衡量指标,保留点赞次数，用于观察内容互动。,例如比较同一批帖子中的点赞分布，识别由少数爆款带来的热度。 当前工具是否返回此指标仍待核对。,,unavailable,,,kaito_narrative_mindshare_timeseries,叙事关注份额走势,data.metrics.likes,kaito-social-spider.kaito_narrative_mindshare_timeseries.data.metrics.likes,app,field,kaito,kaito-social-spider,kaito-social-spider.kaito_narrative_mindshare_timeseries,sha256:f1620ffa32315698b375587fe1c122404db9b82a56c98e66940100518206b35c
Kaito 社交数据,提及次数,衡量指标,保留提及次数，用于观察讨论量。,例如按天计算项目提及次数，并与过去一周的基线比较。 当前工具是否返回此指标仍待核对。,,unavailable,,,kaito_narrative_mindshare_timeseries,叙事关注份额走势,data.metrics.mention_count,kaito-social-spider.kaito_narrative_mindshare_timeseries.data.metrics.mention_count,app,field,kaito,kaito-social-spider,kaito-social-spider.kaito_narrative_mindshare_timeseries,sha256:f1620ffa32315698b375587fe1c122404db9b82a56c98e66940100518206b35c
Kaito 社交数据,提及量,衡量指标,保留提及量，用于观察讨论量。,例如按天观察项目被提及的频率，检查增长是否持续。 当前工具是否返回此指标仍待核对。,,unavailable,,,kaito_narrative_mindshare_timeseries,叙事关注份额走势,data.metrics.mentions,kaito-social-spider.kaito_narrative_mindshare_timeseries.data.metrics.mentions,app,field,kaito,kaito-social-spider,kaito-social-spider.kaito_narrative_mindshare_timeseries,sha256:f1620ffa32315698b375587fe1c122404db9b82a56c98e66940100518206b35c
Kaito 社交数据,提及次数,衡量指标,保留提及次数，用于观察讨论量。,例如按天观察项目被提及的频率，检查增长是否持续。 当前工具是否返回此指标仍待核对。,,unavailable,,,kaito_narrative_mindshare_timeseries,叙事关注份额走势,data.metrics.mentions_count,kaito-social-spider.kaito_narrative_mindshare_timeseries.data.metrics.mentions_count,app,field,kaito,kaito-social-spider,kaito-social-spider.kaito_narrative_mindshare_timeseries,sha256:f1620ffa32315698b375587fe1c122404db9b82a56c98e66940100518206b35c
Kaito 社交数据,关注份额,衡量指标,保留关注份额；比较前需确认分母、时间窗和来源范围。,例如比较同一来源、同一窗口的关注份额变化，检查项目讨论占比是否持续上升。 当前工具是否返回此指标仍待核对。,,unavailable,,,kaito_narrative_mindshare_timeseries,叙事关注份额走势,data.metrics.mindshare,kaito-social-spider.kaito_narrative_mindshare_timeseries.data.metrics.mindshare,app,field,kaito,kaito-social-spider,kaito-social-spider.kaito_narrative_mindshare_timeseries,sha256:f1620ffa32315698b375587fe1c122404db9b82a56c98e66940100518206b35c
Kaito 社交数据,当前关注份额,衡量指标,保留当前关注份额；比较前需确认分母和时间窗。,例如在“叙事关注份额走势”中按对象和时间窗比较这个值；计算前先核对单位与口径。 此指标是否由当前 Kaito 工具返回仍待核对。,0.07,transformed_test_fixture,https://github.com/cyberight-cap/fewunderstand/blob/23a854c2a02e6b52e424844648d4026737361caa/spider/kaito-social-spider/tests/fixtures/kaito_p0_raw.json,,kaito_narrative_mindshare_timeseries,叙事关注份额走势,data.metrics.mindshare_current,kaito-social-spider.kaito_narrative_mindshare_timeseries.data.metrics.mindshare_current,app,field,kaito,kaito-social-spider,kaito-social-spider.kaito_narrative_mindshare_timeseries,sha256:f1620ffa32315698b375587fe1c122404db9b82a56c98e66940100518206b35c
Kaito 社交数据,关注份额变化,衡量指标,保留关注份额变化；需与相同口径的前期值比较。,例如筛选关注份额上升最快的项目，再检查绝对讨论量，避免小基数误导。 当前工具是否返回此指标仍待核对。,,unavailable,,,kaito_narrative_mindshare_timeseries,叙事关注份额走势,data.metrics.mindshare_delta,kaito-social-spider.kaito_narrative_mindshare_timeseries.data.metrics.mindshare_delta,app,field,kaito,kaito-social-spider,kaito-social-spider.kaito_narrative_mindshare_timeseries,sha256:f1620ffa32315698b375587fe1c122404db9b82a56c98e66940100518206b35c
Kaito 社交数据,上期排名,衡量指标,保留上一统计窗口的名次，用于计算排名变化。,例如在“叙事关注份额走势”中按对象和时间窗比较这个值；计算前先核对单位与口径。 此指标是否由当前 Kaito 工具返回仍待核对。,,unavailable,,,kaito_narrative_mindshare_timeseries,叙事关注份额走势,data.metrics.previous_rank,kaito-social-spider.kaito_narrative_mindshare_timeseries.data.metrics.previous_rank,app,field,kaito,kaito-social-spider,kaito-social-spider.kaito_narrative_mindshare_timeseries,sha256:f1620ffa32315698b375587fe1c122404db9b82a56c98e66940100518206b35c
Kaito 社交数据,引用数,衡量指标,保留引用转发次数，用于观察内容传播。,例如在“叙事关注份额走势”中按对象和时间窗比较这个值；计算前先核对单位与口径。 此指标是否由当前 Kaito 工具返回仍待核对。,,unavailable,,,kaito_narrative_mindshare_timeseries,叙事关注份额走势,data.metrics.quotes,kaito-social-spider.kaito_narrative_mindshare_timeseries.data.metrics.quotes,app,field,kaito,kaito-social-spider,kaito-social-spider.kaito_narrative_mindshare_timeseries,sha256:f1620ffa32315698b375587fe1c122404db9b82a56c98e66940100518206b35c
Kaito 社交数据,排名,衡量指标,保留当前名次，用于查看对象在同口径榜单中的位置。,例如追踪同一榜单中名次的连续变化，而不是只看单次排名。 当前工具是否返回此指标仍待核对。,,unavailable,,,kaito_narrative_mindshare_timeseries,叙事关注份额走势,data.metrics.rank,kaito-social-spider.kaito_narrative_mindshare_timeseries.data.metrics.rank,app,field,kaito,kaito-social-spider,kaito-social-spider.kaito_narrative_mindshare_timeseries,sha256:f1620ffa32315698b375587fe1c122404db9b82a56c98e66940100518206b35c
Kaito 社交数据,排名变化,衡量指标,保留名次变化；需要确认正负号代表的方向。,例如在“叙事关注份额走势”中按对象和时间窗比较这个值；计算前先核对单位与口径。 此指标是否由当前 Kaito 工具返回仍待核对。,,unavailable,,,kaito_narrative_mindshare_timeseries,叙事关注份额走势,data.metrics.rank_change,kaito-social-spider.kaito_narrative_mindshare_timeseries.data.metrics.rank_change,app,field,kaito,kaito-social-spider,kaito-social-spider.kaito_narrative_mindshare_timeseries,sha256:f1620ffa32315698b375587fe1c122404db9b82a56c98e66940100518206b35c
Kaito 社交数据,回复数,衡量指标,保留回复次数，用于观察讨论参与。,例如在“叙事关注份额走势”中按对象和时间窗比较这个值；计算前先核对单位与口径。 此指标是否由当前 Kaito 工具返回仍待核对。,,unavailable,,,kaito_narrative_mindshare_timeseries,叙事关注份额走势,data.metrics.replies,kaito-social-spider.kaito_narrative_mindshare_timeseries.data.metrics.replies,app,field,kaito,kaito-social-spider,kaito-social-spider.kaito_narrative_mindshare_timeseries,sha256:f1620ffa32315698b375587fe1c122404db9b82a56c98e66940100518206b35c
Kaito 社交数据,转发数,衡量指标,保留转发次数，用于观察内容传播。,例如在“叙事关注份额走势”中按对象和时间窗比较这个值；计算前先核对单位与口径。 此指标是否由当前 Kaito 工具返回仍待核对。,,unavailable,,,kaito_narrative_mindshare_timeseries,叙事关注份额走势,data.metrics.retweets,kaito-social-spider.kaito_narrative_mindshare_timeseries.data.metrics.retweets,app,field,kaito,kaito-social-spider,kaito-social-spider.kaito_narrative_mindshare_timeseries,sha256:f1620ffa32315698b375587fe1c122404db9b82a56c98e66940100518206b35c
Kaito 社交数据,评分,衡量指标,保留工具返回的评分；不同工具的评分不能直接混算。,例如在“叙事关注份额走势”中按对象和时间窗比较这个值；计算前先核对单位与口径。 此指标是否由当前 Kaito 工具返回仍待核对。,,unavailable,,,kaito_narrative_mindshare_timeseries,叙事关注份额走势,data.metrics.score,kaito-social-spider.kaito_narrative_mindshare_timeseries.data.metrics.score,app,field,kaito,kaito-social-spider,kaito-social-spider.kaito_narrative_mindshare_timeseries,sha256:f1620ffa32315698b375587fe1c122404db9b82a56c98e66940100518206b35c
Kaito 社交数据,情绪,衡量指标,保留情绪指标；量纲和正负含义需由对应工具确认。,例如把情绪变化与同一窗口的提及量一起看，避免少量帖子主导判断。 当前工具是否返回此指标仍待核对。,,unavailable,,,kaito_narrative_mindshare_timeseries,叙事关注份额走势,data.metrics.sentiment,kaito-social-spider.kaito_narrative_mindshare_timeseries.data.metrics.sentiment,app,field,kaito,kaito-social-spider,kaito-social-spider.kaito_narrative_mindshare_timeseries,sha256:f1620ffa32315698b375587fe1c122404db9b82a56c98e66940100518206b35c
Kaito 社交数据,情绪评分,衡量指标,保留情绪评分；与讨论量一起看更能判断可靠性。,例如把情绪评分与同一窗口的提及量一起看，避免少量帖子主导判断。 当前工具是否返回此指标仍待核对。,,unavailable,,,kaito_narrative_mindshare_timeseries,叙事关注份额走势,data.metrics.sentiment_score,kaito-social-spider.kaito_narrative_mindshare_timeseries.data.metrics.sentiment_score,app,field,kaito,kaito-social-spider,kaito-social-spider.kaito_narrative_mindshare_timeseries,sha256:f1620ffa32315698b375587fe1c122404db9b82a56c98e66940100518206b35c
Kaito 社交数据,高关注度账号互动量,衡量指标,保留高关注度账号的互动量；账号认定口径需核对。,例如观察高关注度账号的互动是否先于整体互动增加，作为待验证的早期关注线索。 当前工具是否返回此指标仍待核对。,,unavailable,,,kaito_narrative_mindshare_timeseries,叙事关注份额走势,data.metrics.smart_engagement,kaito-social-spider.kaito_narrative_mindshare_timeseries.data.metrics.smart_engagement,app,field,kaito,kaito-social-spider,kaito-social-spider.kaito_narrative_mindshare_timeseries,sha256:f1620ffa32315698b375587fe1c122404db9b82a56c98e66940100518206b35c
Kaito 社交数据,高关注度账号互动占比,衡量指标,保留高关注度账号互动占比；需核对分母。,例如在“叙事关注份额走势”中按对象和时间窗比较这个值；计算前先核对单位与口径。 此指标是否由当前 Kaito 工具返回仍待核对。,,unavailable,,,kaito_narrative_mindshare_timeseries,叙事关注份额走势,data.metrics.smart_engagement_ratio,kaito-social-spider.kaito_narrative_mindshare_timeseries.data.metrics.smart_engagement_ratio,app,field,kaito,kaito-social-spider,kaito-social-spider.kaito_narrative_mindshare_timeseries,sha256:f1620ffa32315698b375587fe1c122404db9b82a56c98e66940100518206b35c
Kaito 社交数据,高关注度粉丝数,衡量指标,保留高关注度粉丝数；账号认定口径需核对。,例如比较同一账号连续两次的高关注度粉丝数，检查是否出现异常增长。 当前工具是否返回此指标仍待核对。,,unavailable,,,kaito_narrative_mindshare_timeseries,叙事关注份额走势,data.metrics.smart_followers,kaito-social-spider.kaito_narrative_mindshare_timeseries.data.metrics.smart_followers,app,field,kaito,kaito-social-spider,kaito-social-spider.kaito_narrative_mindshare_timeseries,sha256:f1620ffa32315698b375587fe1c122404db9b82a56c98e66940100518206b35c
Kaito 社交数据,指标时间,时间定位,标记指标对应的时间点，用于组成时间序列。,例如按同一时间窗分组，并检查记录是否过时。 此指标是否由当前 Kaito 工具返回仍待核对。,2026-07-19T00:00:00Z,transformed_test_fixture,https://github.com/cyberight-cap/fewunderstand/blob/23a854c2a02e6b52e424844648d4026737361caa/spider/kaito-social-spider/tests/fixtures/kaito_p0_raw.json,,kaito_narrative_mindshare_timeseries,叙事关注份额走势,data.metrics.timestamp,kaito-social-spider.kaito_narrative_mindshare_timeseries.data.metrics.timestamp,app,field,kaito,kaito-social-spider,kaito-social-spider.kaito_narrative_mindshare_timeseries,sha256:f1620ffa32315698b375587fe1c122404db9b82a56c98e66940100518206b35c
Kaito 社交数据,总互动量,衡量指标,保留总互动量，用于观察讨论热度。,例如与提及次数一起比较，区分少数高互动内容和广泛讨论。 当前工具是否返回此指标仍待核对。,,unavailable,,,kaito_narrative_mindshare_timeseries,叙事关注份额走势,data.metrics.total_engagement,kaito-social-spider.kaito_narrative_mindshare_timeseries.data.metrics.total_engagement,app,field,kaito,kaito-social-spider,kaito-social-spider.kaito_narrative_mindshare_timeseries,sha256:f1620ffa32315698b375587fe1c122404db9b82a56c98e66940100518206b35c
Kaito 社交数据,指标值,衡量指标,保留时间序列或指标行的数值；含义取决于对应工具。,例如在“叙事关注份额走势”中按对象和时间窗比较这个值；计算前先核对单位与口径。 此指标是否由当前 Kaito 工具返回仍待核对。,0.07,transformed_test_fixture,https://github.com/cyberight-cap/fewunderstand/blob/23a854c2a02e6b52e424844648d4026737361caa/spider/kaito-social-spider/tests/fixtures/kaito_p0_raw.json,,kaito_narrative_mindshare_timeseries,叙事关注份额走势,data.metrics.value,kaito-social-spider.kaito_narrative_mindshare_timeseries.data.metrics.value,app,field,kaito,kaito-social-spider,kaito-social-spider.kaito_narrative_mindshare_timeseries,sha256:f1620ffa32315698b375587fe1c122404db9b82a56c98e66940100518206b35c
Kaito 社交数据,浏览量,衡量指标,保留浏览次数，用于观察内容曝光。,例如用浏览量作曝光参考，再看互动量是否同步增长。 当前工具是否返回此指标仍待核对。,,unavailable,,,kaito_narrative_mindshare_timeseries,叙事关注份额走势,data.metrics.views,kaito-social-spider.kaito_narrative_mindshare_timeseries.data.metrics.views,app,field,kaito,kaito-social-spider,kaito-social-spider.kaito_narrative_mindshare_timeseries,sha256:f1620ffa32315698b375587fe1c122404db9b82a56c98e66940100518206b35c
Kaito 社交数据,平台,记录属性,标记内容所在的平台，便于区分来源渠道。,例如先用这个属性筛选可比较的记录，再查看对应的数值或内容。,kaito,transformed_test_fixture,https://github.com/cyberight-cap/fewunderstand/blob/23a854c2a02e6b52e424844648d4026737361caa/spider/kaito-social-spider/tests/fixtures/kaito_p0_raw.json,,kaito_narrative_mindshare_timeseries,叙事关注份额走势,data.platform,kaito-social-spider.kaito_narrative_mindshare_timeseries.data.platform,app,field,kaito,kaito-social-spider,kaito-social-spider.kaito_narrative_mindshare_timeseries,sha256:f1620ffa32315698b375587fe1c122404db9b82a56c98e66940100518206b35c
Kaito 社交数据,原始数据,原始或结构数据,保留该 Kaito 记录对应的原始返回行，用于回查未提取的键。,点开返回样本核对内部键，再决定是否需要提取为独立字段。,"{""id"": ""defi"", ""name"": ""DeFi"", ""timestamp"": ""2026-07-19T00:00:00Z"", ""value"": 0.07}",transformed_test_fixture,https://github.com/cyberight-cap/fewunderstand/blob/23a854c2a02e6b52e424844648d4026737361caa/spider/kaito-social-spider/tests/fixtures/kaito_p0_raw.json,,kaito_narrative_mindshare_timeseries,叙事关注份额走势,data.raw,kaito-social-spider.kaito_narrative_mindshare_timeseries.data.raw,app,field,kaito,kaito-social-spider,kaito-social-spider.kaito_narrative_mindshare_timeseries,sha256:f1620ffa32315698b375587fe1c122404db9b82a56c98e66940100518206b35c
Kaito 社交数据,记录类型,来源与溯源,标记转换后的 Kaito 记录类型，便于选择正确的处理规则。,例如排查一条指标的来源或重复记录时，用它回到原始查询和处理链。,kaito_narrative_mindshare_timeseries,transformed_test_fixture,https://github.com/cyberight-cap/fewunderstand/blob/23a854c2a02e6b52e424844648d4026737361caa/spider/kaito-social-spider/tests/fixtures/kaito_p0_raw.json,,kaito_narrative_mindshare_timeseries,叙事关注份额走势,data.record_type,kaito-social-spider.kaito_narrative_mindshare_timeseries.data.record_type,v2,field,kaito,kaito-social-spider,kaito-social-spider.kaito_narrative_mindshare_timeseries,sha256:f1620ffa32315698b375587fe1c122404db9b82a56c98e66940100518206b35c
Kaito 社交数据,请求信息,原始或结构数据,保存调用 Kaito 工具的请求元信息，用于核对查询条件。,点开返回样本核对内部键，再决定是否需要提取为独立字段。,"{""tool"": ""kaito_mindshare_narrative"", ""params_hash"": ""e203a6535760a4a7"", ""window_start"": null, ""window_end"": null, ""window"": ""30d""}",transformed_test_fixture,https://github.com/cyberight-cap/fewunderstand/blob/23a854c2a02e6b52e424844648d4026737361caa/spider/kaito-social-spider/tests/fixtures/kaito_p0_raw.json,,kaito_narrative_mindshare_timeseries,叙事关注份额走势,data.request,kaito-social-spider.kaito_narrative_mindshare_timeseries.data.request,app,field,kaito,kaito-social-spider,kaito-social-spider.kaito_narrative_mindshare_timeseries,sha256:f1620ffa32315698b375587fe1c122404db9b82a56c98e66940100518206b35c
Kaito 社交数据,请求参数摘要,来源与溯源,保存脱敏后的请求参数摘要，用于识别同一次查询条件。,例如排查一条指标的来源或重复记录时，用它回到原始查询和处理链。,e203a6535760a4a7,transformed_test_fixture,https://github.com/cyberight-cap/fewunderstand/blob/23a854c2a02e6b52e424844648d4026737361caa/spider/kaito-social-spider/tests/fixtures/kaito_p0_raw.json,,kaito_narrative_mindshare_timeseries,叙事关注份额走势,data.request.params_hash,kaito-social-spider.kaito_narrative_mindshare_timeseries.data.request.params_hash,app,field,kaito,kaito-social-spider,kaito-social-spider.kaito_narrative_mindshare_timeseries,sha256:f1620ffa32315698b375587fe1c122404db9b82a56c98e66940100518206b35c
Kaito 社交数据,请求工具,来源与溯源,指出产生这条记录的 Kaito 工具，用于核对指标口径。,例如排查一条指标的来源或重复记录时，用它回到原始查询和处理链。,kaito_mindshare_narrative,transformed_test_fixture,https://github.com/cyberight-cap/fewunderstand/blob/23a854c2a02e6b52e424844648d4026737361caa/spider/kaito-social-spider/tests/fixtures/kaito_p0_raw.json,,kaito_narrative_mindshare_timeseries,叙事关注份额走势,data.request.tool,kaito-social-spider.kaito_narrative_mindshare_timeseries.data.request.tool,app,field,kaito,kaito-social-spider,kaito-social-spider.kaito_narrative_mindshare_timeseries,sha256:f1620ffa32315698b375587fe1c122404db9b82a56c98e66940100518206b35c
Kaito 社交数据,请求时间窗口,来源与溯源,记录请求时使用的时间窗口，用于比较同口径数据。,例如排查一条指标的来源或重复记录时，用它回到原始查询和处理链。,30d,transformed_test_fixture,https://github.com/cyberight-cap/fewunderstand/blob/23a854c2a02e6b52e424844648d4026737361caa/spider/kaito-social-spider/tests/fixtures/kaito_p0_raw.json,,kaito_narrative_mindshare_timeseries,叙事关注份额走势,data.request.window,kaito-social-spider.kaito_narrative_mindshare_timeseries.data.request.window,app,field,kaito,kaito-social-spider,kaito-social-spider.kaito_narrative_mindshare_timeseries,sha256:f1620ffa32315698b375587fe1c122404db9b82a56c98e66940100518206b35c
Kaito 社交数据,请求窗口结束,来源与溯源,记录请求窗口的结束时间，用于界定统计区间。,例如排查一条指标的来源或重复记录时，用它回到原始查询和处理链。,,transformed_test_fixture,https://github.com/cyberight-cap/fewunderstand/blob/23a854c2a02e6b52e424844648d4026737361caa/spider/kaito-social-spider/tests/fixtures/kaito_p0_raw.json,,kaito_narrative_mindshare_timeseries,叙事关注份额走势,data.request.window_end,kaito-social-spider.kaito_narrative_mindshare_timeseries.data.request.window_end,app,field,kaito,kaito-social-spider,kaito-social-spider.kaito_narrative_mindshare_timeseries,sha256:f1620ffa32315698b375587fe1c122404db9b82a56c98e66940100518206b35c
Kaito 社交数据,请求窗口开始,来源与溯源,记录请求窗口的开始时间，用于界定统计区间。,例如排查一条指标的来源或重复记录时，用它回到原始查询和处理链。,,transformed_test_fixture,https://github.com/cyberight-cap/fewunderstand/blob/23a854c2a02e6b52e424844648d4026737361caa/spider/kaito-social-spider/tests/fixtures/kaito_p0_raw.json,,kaito_narrative_mindshare_timeseries,叙事关注份额走势,data.request.window_start,kaito-social-spider.kaito_narrative_mindshare_timeseries.data.request.window_start,app,field,kaito,kaito-social-spider,kaito-social-spider.kaito_narrative_mindshare_timeseries,sha256:f1620ffa32315698b375587fe1c122404db9b82a56c98e66940100518206b35c
Kaito 社交数据,统计窗口,时间定位,保存记录对应的统计窗口，用于避免混合不同时间跨度。,例如按同一时间窗分组，并检查记录是否过时。,30d,transformed_test_fixture,https://github.com/cyberight-cap/fewunderstand/blob/23a854c2a02e6b52e424844648d4026737361caa/spider/kaito-social-spider/tests/fixtures/kaito_p0_raw.json,,kaito_narrative_mindshare_timeseries,叙事关注份额走势,data.window,kaito-social-spider.kaito_narrative_mindshare_timeseries.data.window,app,field,kaito,kaito-social-spider,kaito-social-spider.kaito_narrative_mindshare_timeseries,sha256:f1620ffa32315698b375587fe1c122404db9b82a56c98e66940100518206b35c
Kaito 社交数据,处理溯源,来源与溯源,保存处理链路元信息，用于追查记录如何产生。,例如排查一条指标的来源或重复记录时，用它回到原始查询和处理链。,"{""event_id"": ""evt:3a6ab286febb49fcb8cf23672c495cca"", ""trace_id"": ""evt:3a6ab286febb49fcb8cf23672c495cca"", ""parent_event_ids"": [], ""source_event_id"": null, ""record_type"": ""kaito_narrative_mindshare_timeseries"", ""schema_version"": ""pipeline-lineage/v1"", ""producer"": ""kaito-social-spider"", ""processing_stage"": ""ingest"", ""observed_at"": ""2026-07-19T00:00:00Z"", ""processed_at"": ""2026-07-19T00:00:00Z"", ""source_topic"": null, ""source_partition"": null, ""source_offset"": null, ""asset_id"": null}",transformed_test_fixture,https://github.com/cyberight-cap/fewunderstand/blob/23a854c2a02e6b52e424844648d4026737361caa/spider/kaito-social-spider/tests/fixtures/kaito_p0_raw.json,,kaito_narrative_mindshare_timeseries,叙事关注份额走势,lineage,kaito-social-spider.kaito_narrative_mindshare_timeseries.lineage,app,field,kaito,kaito-social-spider,kaito-social-spider.kaito_narrative_mindshare_timeseries,sha256:f1620ffa32315698b375587fe1c122404db9b82a56c98e66940100518206b35c
Kaito 社交数据,资产 ID,来源与溯源,保存解析后的内部资产 ID；未完成资产绑定时可能为空。,例如排查一条指标的来源或重复记录时，用它回到原始查询和处理链。,,transformed_test_fixture,https://github.com/cyberight-cap/fewunderstand/blob/23a854c2a02e6b52e424844648d4026737361caa/spider/kaito-social-spider/tests/fixtures/kaito_p0_raw.json,,kaito_narrative_mindshare_timeseries,叙事关注份额走势,lineage.asset_id,kaito-social-spider.kaito_narrative_mindshare_timeseries.lineage.asset_id,app,field,kaito,kaito-social-spider,kaito-social-spider.kaito_narrative_mindshare_timeseries,sha256:f1620ffa32315698b375587fe1c122404db9b82a56c98e66940100518206b35c
Kaito 社交数据,事件 ID,来源与溯源,稳定识别这条事件，用于追踪后续计算与结果。,例如排查一条指标的来源或重复记录时，用它回到原始查询和处理链。,evt:3a6ab286febb49fcb8cf23672c495cca,transformed_test_fixture,https://github.com/cyberight-cap/fewunderstand/blob/23a854c2a02e6b52e424844648d4026737361caa/spider/kaito-social-spider/tests/fixtures/kaito_p0_raw.json,,kaito_narrative_mindshare_timeseries,叙事关注份额走势,lineage.event_id,kaito-social-spider.kaito_narrative_mindshare_timeseries.lineage.event_id,app,field,kaito,kaito-social-spider,kaito-social-spider.kaito_narrative_mindshare_timeseries,sha256:f1620ffa32315698b375587fe1c122404db9b82a56c98e66940100518206b35c
Kaito 社交数据,观察时间,来源与溯源,记录事实被观察的时间，用于确认原始数据时效。,例如排查一条指标的来源或重复记录时，用它回到原始查询和处理链。,2026-07-19T00:00:00Z,transformed_test_fixture,https://github.com/cyberight-cap/fewunderstand/blob/23a854c2a02e6b52e424844648d4026737361caa/spider/kaito-social-spider/tests/fixtures/kaito_p0_raw.json,,kaito_narrative_mindshare_timeseries,叙事关注份额走势,lineage.observed_at,kaito-social-spider.kaito_narrative_mindshare_timeseries.lineage.observed_at,app,field,kaito,kaito-social-spider,kaito-social-spider.kaito_narrative_mindshare_timeseries,sha256:f1620ffa32315698b375587fe1c122404db9b82a56c98e66940100518206b35c
Kaito 社交数据,上游事件 ID,来源与溯源,保存上游事件 ID，用于追溯派生结果的输入。,例如排查一条指标的来源或重复记录时，用它回到原始查询和处理链。,[],transformed_test_fixture,https://github.com/cyberight-cap/fewunderstand/blob/23a854c2a02e6b52e424844648d4026737361caa/spider/kaito-social-spider/tests/fixtures/kaito_p0_raw.json,,kaito_narrative_mindshare_timeseries,叙事关注份额走势,lineage.parent_event_ids,kaito-social-spider.kaito_narrative_mindshare_timeseries.lineage.parent_event_ids,app,field,kaito,kaito-social-spider,kaito-social-spider.kaito_narrative_mindshare_timeseries,sha256:f1620ffa32315698b375587fe1c122404db9b82a56c98e66940100518206b35c
Kaito 社交数据,处理时间,来源与溯源,记录处理程序生成消息的时间，用于定位处理延迟。,例如排查一条指标的来源或重复记录时，用它回到原始查询和处理链。,2026-07-19T00:00:00Z,transformed_test_fixture,https://github.com/cyberight-cap/fewunderstand/blob/23a854c2a02e6b52e424844648d4026737361caa/spider/kaito-social-spider/tests/fixtures/kaito_p0_raw.json,,kaito_narrative_mindshare_timeseries,叙事关注份额走势,lineage.processed_at,kaito-social-spider.kaito_narrative_mindshare_timeseries.lineage.processed_at,app,field,kaito,kaito-social-spider,kaito-social-spider.kaito_narrative_mindshare_timeseries,sha256:f1620ffa32315698b375587fe1c122404db9b82a56c98e66940100518206b35c
Kaito 社交数据,处理阶段,来源与溯源,标记当前处理阶段，用于区分采集与后续加工。,例如排查一条指标的来源或重复记录时，用它回到原始查询和处理链。,ingest,transformed_test_fixture,https://github.com/cyberight-cap/fewunderstand/blob/23a854c2a02e6b52e424844648d4026737361caa/spider/kaito-social-spider/tests/fixtures/kaito_p0_raw.json,,kaito_narrative_mindshare_timeseries,叙事关注份额走势,lineage.processing_stage,kaito-social-spider.kaito_narrative_mindshare_timeseries.lineage.processing_stage,app,field,kaito,kaito-social-spider,kaito-social-spider.kaito_narrative_mindshare_timeseries,sha256:f1620ffa32315698b375587fe1c122404db9b82a56c98e66940100518206b35c
Kaito 社交数据,生产程序,来源与溯源,标记生成这条消息的程序，用于核对生产来源。,例如排查一条指标的来源或重复记录时，用它回到原始查询和处理链。,kaito-social-spider,transformed_test_fixture,https://github.com/cyberight-cap/fewunderstand/blob/23a854c2a02e6b52e424844648d4026737361caa/spider/kaito-social-spider/tests/fixtures/kaito_p0_raw.json,,kaito_narrative_mindshare_timeseries,叙事关注份额走势,lineage.producer,kaito-social-spider.kaito_narrative_mindshare_timeseries.lineage.producer,app,field,kaito,kaito-social-spider,kaito-social-spider.kaito_narrative_mindshare_timeseries,sha256:f1620ffa32315698b375587fe1c122404db9b82a56c98e66940100518206b35c
Kaito 社交数据,溯源记录类型,来源与溯源,标记溯源信封里的记录类型，用于验证处理链路。,例如排查一条指标的来源或重复记录时，用它回到原始查询和处理链。,kaito_narrative_mindshare_timeseries,transformed_test_fixture,https://github.com/cyberight-cap/fewunderstand/blob/23a854c2a02e6b52e424844648d4026737361caa/spider/kaito-social-spider/tests/fixtures/kaito_p0_raw.json,,kaito_narrative_mindshare_timeseries,叙事关注份额走势,lineage.record_type,kaito-social-spider.kaito_narrative_mindshare_timeseries.lineage.record_type,app,field,kaito,kaito-social-spider,kaito-social-spider.kaito_narrative_mindshare_timeseries,sha256:f1620ffa32315698b375587fe1c122404db9b82a56c98e66940100518206b35c
Kaito 社交数据,结构版本,来源与溯源,标记消息结构版本，用于兼容不同版本的处理代码。,例如排查一条指标的来源或重复记录时，用它回到原始查询和处理链。,pipeline-lineage/v1,transformed_test_fixture,https://github.com/cyberight-cap/fewunderstand/blob/23a854c2a02e6b52e424844648d4026737361caa/spider/kaito-social-spider/tests/fixtures/kaito_p0_raw.json,,kaito_narrative_mindshare_timeseries,叙事关注份额走势,lineage.schema_version,kaito-social-spider.kaito_narrative_mindshare_timeseries.lineage.schema_version,app,field,kaito,kaito-social-spider,kaito-social-spider.kaito_narrative_mindshare_timeseries,sha256:f1620ffa32315698b375587fe1c122404db9b82a56c98e66940100518206b35c
Kaito 社交数据,来源事件 ID,来源与溯源,保存来源系统的事件 ID，用于跨系统回查。,例如排查一条指标的来源或重复记录时，用它回到原始查询和处理链。,,transformed_test_fixture,https://github.com/cyberight-cap/fewunderstand/blob/23a854c2a02e6b52e424844648d4026737361caa/spider/kaito-social-spider/tests/fixtures/kaito_p0_raw.json,,kaito_narrative_mindshare_timeseries,叙事关注份额走势,lineage.source_event_id,kaito-social-spider.kaito_narrative_mindshare_timeseries.lineage.source_event_id,app,field,kaito,kaito-social-spider,kaito-social-spider.kaito_narrative_mindshare_timeseries,sha256:f1620ffa32315698b375587fe1c122404db9b82a56c98e66940100518206b35c
Kaito 社交数据,来源偏移量,来源与溯源,保存来源消息偏移量，用于定位消息流位置。,例如排查一条指标的来源或重复记录时，用它回到原始查询和处理链。,,transformed_test_fixture,https://github.com/cyberight-cap/fewunderstand/blob/23a854c2a02e6b52e424844648d4026737361caa/spider/kaito-social-spider/tests/fixtures/kaito_p0_raw.json,,kaito_narrative_mindshare_timeseries,叙事关注份额走势,lineage.source_offset,kaito-social-spider.kaito_narrative_mindshare_timeseries.lineage.source_offset,app,field,kaito,kaito-social-spider,kaito-social-spider.kaito_narrative_mindshare_timeseries,sha256:f1620ffa32315698b375587fe1c122404db9b82a56c98e66940100518206b35c
Kaito 社交数据,来源分区,来源与溯源,保存来源消息分区，用于定位消息流位置。,例如排查一条指标的来源或重复记录时，用它回到原始查询和处理链。,,transformed_test_fixture,https://github.com/cyberight-cap/fewunderstand/blob/23a854c2a02e6b52e424844648d4026737361caa/spider/kaito-social-spider/tests/fixtures/kaito_p0_raw.json,,kaito_narrative_mindshare_timeseries,叙事关注份额走势,lineage.source_partition,kaito-social-spider.kaito_narrative_mindshare_timeseries.lineage.source_partition,app,field,kaito,kaito-social-spider,kaito-social-spider.kaito_narrative_mindshare_timeseries,sha256:f1620ffa32315698b375587fe1c122404db9b82a56c98e66940100518206b35c
Kaito 社交数据,来源主题,来源与溯源,保存来源主题名称，用于定位消息流位置。,例如排查一条指标的来源或重复记录时，用它回到原始查询和处理链。,,transformed_test_fixture,https://github.com/cyberight-cap/fewunderstand/blob/23a854c2a02e6b52e424844648d4026737361caa/spider/kaito-social-spider/tests/fixtures/kaito_p0_raw.json,,kaito_narrative_mindshare_timeseries,叙事关注份额走势,lineage.source_topic,kaito-social-spider.kaito_narrative_mindshare_timeseries.lineage.source_topic,app,field,kaito,kaito-social-spider,kaito-social-spider.kaito_narrative_mindshare_timeseries,sha256:f1620ffa32315698b375587fe1c122404db9b82a56c98e66940100518206b35c
Kaito 社交数据,追踪 ID,来源与溯源,关联同一处理链路上的事件，用于端到端追踪。,例如排查一条指标的来源或重复记录时，用它回到原始查询和处理链。,evt:3a6ab286febb49fcb8cf23672c495cca,transformed_test_fixture,https://github.com/cyberight-cap/fewunderstand/blob/23a854c2a02e6b52e424844648d4026737361caa/spider/kaito-social-spider/tests/fixtures/kaito_p0_raw.json,,kaito_narrative_mindshare_timeseries,叙事关注份额走势,lineage.trace_id,kaito-social-spider.kaito_narrative_mindshare_timeseries.lineage.trace_id,app,field,kaito,kaito-social-spider,kaito-social-spider.kaito_narrative_mindshare_timeseries,sha256:f1620ffa32315698b375587fe1c122404db9b82a56c98e66940100518206b35c
Kaito 社交数据,原始文本,内容理解,保留内容的原始文本，用于回查清洗前的信息。,例如筛选与目标项目相关的内容，再点回原文人工核查。,,unavailable,,,kaito_narrative_mindshare_timeseries,叙事关注份额走势,raw_text,kaito-social-spider.kaito_narrative_mindshare_timeseries.raw_text,app,field,kaito,kaito-social-spider,kaito-social-spider.kaito_narrative_mindshare_timeseries,sha256:f1620ffa32315698b375587fe1c122404db9b82a56c98e66940100518206b35c
Kaito 社交数据,来源,来源与溯源,标记这条记录的来源，用于筛选和核对数据出处。,例如排查一条指标的来源或重复记录时，用它回到原始查询和处理链。,kaito,transformed_test_fixture,https://github.com/cyberight-cap/fewunderstand/blob/23a854c2a02e6b52e424844648d4026737361caa/spider/kaito-social-spider/tests/fixtures/kaito_p0_raw.json,,kaito_narrative_mindshare_timeseries,叙事关注份额走势,source,kaito-social-spider.kaito_narrative_mindshare_timeseries.source,app,field,kaito,kaito-social-spider,kaito-social-spider.kaito_narrative_mindshare_timeseries,sha256:f1620ffa32315698b375587fe1c122404db9b82a56c98e66940100518206b35c
Kaito 社交数据,正文,内容理解,保存消息或帖子的正文，用于关键词、主题和事件分析。,例如查找项目名或事件关键词，并结合消息时间和来源做人工核对。,,unavailable,,,kaito_narrative_mindshare_timeseries,叙事关注份额走势,text,kaito-social-spider.kaito_narrative_mindshare_timeseries.text,app,field,kaito,kaito-social-spider,kaito-social-spider.kaito_narrative_mindshare_timeseries,sha256:f1620ffa32315698b375587fe1c122404db9b82a56c98e66940100518206b35c
Kaito 社交数据,记录时间,时间定位,记录该数据对应的时间点，用于排序或时间窗聚合。,例如按同一时间窗分组，并检查记录是否过时。,2026-07-19T00:00:00Z,transformed_test_fixture,https://github.com/cyberight-cap/fewunderstand/blob/23a854c2a02e6b52e424844648d4026737361caa/spider/kaito-social-spider/tests/fixtures/kaito_p0_raw.json,,kaito_narrative_mindshare_timeseries,叙事关注份额走势,timestamp,kaito-social-spider.kaito_narrative_mindshare_timeseries.timestamp,app,field,kaito,kaito-social-spider,kaito-social-spider.kaito_narrative_mindshare_timeseries,sha256:f1620ffa32315698b375587fe1c122404db9b82a56c98e66940100518206b35c
Kaito 社交数据,标题,内容理解,保存内容标题，用于快速判断主题。,例如先用标题筛选相关内容，再用正文或原文链接验证。,,unavailable,,,kaito_narrative_mindshare_timeseries,叙事关注份额走势,title,kaito-social-spider.kaito_narrative_mindshare_timeseries.title,app,field,kaito,kaito-social-spider,kaito-social-spider.kaito_narrative_mindshare_timeseries,sha256:f1620ffa32315698b375587fe1c122404db9b82a56c98e66940100518206b35c
Kaito 社交数据,链接地址,对象识别,保存内容原文地址，用于回查和去重。,例如把同一对象在不同时间的记录对齐，再比较指标变化。,,unavailable,,,kaito_narrative_mindshare_timeseries,叙事关注份额走势,url,kaito-social-spider.kaito_narrative_mindshare_timeseries.url,app,field,kaito,kaito-social-spider,kaito-social-spider.kaito_narrative_mindshare_timeseries,sha256:f1620ffa32315698b375587fe1c122404db9b82a56c98e66940100518206b35c
Kaito 社交数据,叙事资料,记录类型,这类记录包含下列可展开的字段定义。,先选择记录类型，再查看字段用途与返回样本。,,unavailable,,,kaito_narrative_reference,叙事资料,kaito_narrative_reference,kaito-social-spider.kaito_narrative_reference,app,record_type,kaito,kaito-social-spider,kaito-social-spider.kaito_narrative_reference,sha256:f1620ffa32315698b375587fe1c122404db9b82a56c98e66940100518206b35c
Kaito 社交数据,作者,内容理解,指出内容的作者，便于按发布者汇总或回到原帖。,例如筛选与目标项目相关的内容，再点回原文人工核查。,,unavailable,,,kaito_narrative_reference,叙事资料,author,kaito-social-spider.kaito_narrative_reference.author,app,field,kaito,kaito-social-spider,kaito-social-spider.kaito_narrative_reference,sha256:f1620ffa32315698b375587fe1c122404db9b82a56c98e66940100518206b35c
Kaito 社交数据,数据对象,原始或结构数据,装载这一类记录的主要业务数据；应继续展开具体子字段。,点开返回样本核对内部键，再决定是否需要提取为独立字段。,"{""platform"": ""kaito"", ""content_type"": ""social_intelligence"", ""record_type"": ""kaito_narrative_reference"", ""entity"": {""kaito_id"": ""defi"", ""symbol"": null, ""name"": ""DeFi"", ""coingecko_slug"": null}, ""window"": null, ""metrics"": {""score"": 0.9}, ""request"": {""tool"": ""kaito_narratives"", ""params_hash"": ""59676b023081bf7f"", ""window_start"": null, ""window_end"": null}, ""raw"": {""id"": ""defi"", ""name"": ""DeFi"", ""score"": 0.9}}",transformed_test_fixture,https://github.com/cyberight-cap/fewunderstand/blob/23a854c2a02e6b52e424844648d4026737361caa/spider/kaito-social-spider/tests/fixtures/kaito_p0_raw.json,,kaito_narrative_reference,叙事资料,data,kaito-social-spider.kaito_narrative_reference.data,app,field,kaito,kaito-social-spider,kaito-social-spider.kaito_narrative_reference,sha256:f1620ffa32315698b375587fe1c122404db9b82a56c98e66940100518206b35c
Kaito 社交数据,内容类型,记录属性,说明 Kaito 记录的内容类别，便于区分不同内容。,例如先用这个属性筛选可比较的记录，再查看对应的数值或内容。,social_intelligence,transformed_test_fixture,https://github.com/cyberight-cap/fewunderstand/blob/23a854c2a02e6b52e424844648d4026737361caa/spider/kaito-social-spider/tests/fixtures/kaito_p0_raw.json,,kaito_narrative_reference,叙事资料,data.content_type,kaito-social-spider.kaito_narrative_reference.data.content_type,app,field,kaito,kaito-social-spider,kaito-social-spider.kaito_narrative_reference,sha256:f1620ffa32315698b375587fe1c122404db9b82a56c98e66940100518206b35c
Kaito 社交数据,对象信息,原始或结构数据,保存被分析对象的身份信息，用于关联同一项目或资产。,点开返回样本核对内部键，再决定是否需要提取为独立字段。,"{""kaito_id"": ""defi"", ""symbol"": null, ""name"": ""DeFi"", ""coingecko_slug"": null}",transformed_test_fixture,https://github.com/cyberight-cap/fewunderstand/blob/23a854c2a02e6b52e424844648d4026737361caa/spider/kaito-social-spider/tests/fixtures/kaito_p0_raw.json,,kaito_narrative_reference,叙事资料,data.entity,kaito-social-spider.kaito_narrative_reference.data.entity,app,field,kaito,kaito-social-spider,kaito-social-spider.kaito_narrative_reference,sha256:f1620ffa32315698b375587fe1c122404db9b82a56c98e66940100518206b35c
Kaito 社交数据,CoinGecko 标识,对象识别,保存 CoinGecko 的对象标识，便于跨来源对齐同一资产。,例如把同一对象在不同时间的记录对齐，再比较指标变化。,,transformed_test_fixture,https://github.com/cyberight-cap/fewunderstand/blob/23a854c2a02e6b52e424844648d4026737361caa/spider/kaito-social-spider/tests/fixtures/kaito_p0_raw.json,,kaito_narrative_reference,叙事资料,data.entity.coingecko_slug,kaito-social-spider.kaito_narrative_reference.data.entity.coingecko_slug,app,field,kaito,kaito-social-spider,kaito-social-spider.kaito_narrative_reference,sha256:f1620ffa32315698b375587fe1c122404db9b82a56c98e66940100518206b35c
Kaito 社交数据,Kaito ID,对象识别,保存 Kaito 的对象标识，便于合并同一对象的多条记录。,例如把同一对象在不同时间的记录对齐，再比较指标变化。,defi,transformed_test_fixture,https://github.com/cyberight-cap/fewunderstand/blob/23a854c2a02e6b52e424844648d4026737361caa/spider/kaito-social-spider/tests/fixtures/kaito_p0_raw.json,,kaito_narrative_reference,叙事资料,data.entity.kaito_id,kaito-social-spider.kaito_narrative_reference.data.entity.kaito_id,app,field,kaito,kaito-social-spider,kaito-social-spider.kaito_narrative_reference,sha256:f1620ffa32315698b375587fe1c122404db9b82a56c98e66940100518206b35c
Kaito 社交数据,对象名称,对象识别,显示被分析对象的名称，便于人工核对。,例如把同一对象在不同时间的记录对齐，再比较指标变化。,DeFi,transformed_test_fixture,https://github.com/cyberight-cap/fewunderstand/blob/23a854c2a02e6b52e424844648d4026737361caa/spider/kaito-social-spider/tests/fixtures/kaito_p0_raw.json,,kaito_narrative_reference,叙事资料,data.entity.name,kaito-social-spider.kaito_narrative_reference.data.entity.name,app,field,kaito,kaito-social-spider,kaito-social-spider.kaito_narrative_reference,sha256:f1620ffa32315698b375587fe1c122404db9b82a56c98e66940100518206b35c
Kaito 社交数据,资产代码,对象识别,保存对象的资产代码，便于与市场数据匹配；同名代码仍需核验。,例如把同一对象在不同时间的记录对齐，再比较指标变化。,,transformed_test_fixture,https://github.com/cyberight-cap/fewunderstand/blob/23a854c2a02e6b52e424844648d4026737361caa/spider/kaito-social-spider/tests/fixtures/kaito_p0_raw.json,,kaito_narrative_reference,叙事资料,data.entity.symbol,kaito-social-spider.kaito_narrative_reference.data.entity.symbol,v2,field,kaito,kaito-social-spider,kaito-social-spider.kaito_narrative_reference,sha256:f1620ffa32315698b375587fe1c122404db9b82a56c98e66940100518206b35c
Kaito 社交数据,指标集合,原始或结构数据,装载 Kaito 返回行中提取出的指标；具体有哪些键取决于工具返回。,点开返回样本核对内部键，再决定是否需要提取为独立字段。,"{""score"": 0.9}",transformed_test_fixture,https://github.com/cyberight-cap/fewunderstand/blob/23a854c2a02e6b52e424844648d4026737361caa/spider/kaito-social-spider/tests/fixtures/kaito_p0_raw.json,,kaito_narrative_reference,叙事资料,data.metrics,kaito-social-spider.kaito_narrative_reference.data.metrics,app,field,kaito,kaito-social-spider,kaito-social-spider.kaito_narrative_reference,sha256:f1620ffa32315698b375587fe1c122404db9b82a56c98e66940100518206b35c
Kaito 社交数据,看跌指标,衡量指标,保留返回行中的看跌指标；分值口径需由对应工具确认。,例如在“叙事资料”中按对象和时间窗比较这个值；计算前先核对单位与口径。 此指标是否由当前 Kaito 工具返回仍待核对。,,unavailable,,,kaito_narrative_reference,叙事资料,data.metrics.bearish,kaito-social-spider.kaito_narrative_reference.data.metrics.bearish,app,field,kaito,kaito-social-spider,kaito-social-spider.kaito_narrative_reference,sha256:f1620ffa32315698b375587fe1c122404db9b82a56c98e66940100518206b35c
Kaito 社交数据,看涨指标,衡量指标,保留返回行中的看涨指标；分值口径需由对应工具确认。,例如在“叙事资料”中按对象和时间窗比较这个值；计算前先核对单位与口径。 此指标是否由当前 Kaito 工具返回仍待核对。,,unavailable,,,kaito_narrative_reference,叙事资料,data.metrics.bullish,kaito-social-spider.kaito_narrative_reference.data.metrics.bullish,app,field,kaito,kaito-social-spider,kaito-social-spider.kaito_narrative_reference,sha256:f1620ffa32315698b375587fe1c122404db9b82a56c98e66940100518206b35c
Kaito 社交数据,变化量,衡量指标,保留返回行中的变化值；比较前需确认变化的基准。,例如在“叙事资料”中按对象和时间窗比较这个值；计算前先核对单位与口径。 此指标是否由当前 Kaito 工具返回仍待核对。,,unavailable,,,kaito_narrative_reference,叙事资料,data.metrics.change,kaito-social-spider.kaito_narrative_reference.data.metrics.change,app,field,kaito,kaito-social-spider,kaito-social-spider.kaito_narrative_reference,sha256:f1620ffa32315698b375587fe1c122404db9b82a56c98e66940100518206b35c
Kaito 社交数据,当前关注份额,衡量指标,保留当前关注份额；分母和时间窗需由对应工具确认。,例如在“叙事资料”中按对象和时间窗比较这个值；计算前先核对单位与口径。 此指标是否由当前 Kaito 工具返回仍待核对。,,unavailable,,,kaito_narrative_reference,叙事资料,data.metrics.current_mindshare,kaito-social-spider.kaito_narrative_reference.data.metrics.current_mindshare,app,field,kaito,kaito-social-spider,kaito-social-spider.kaito_narrative_reference,sha256:f1620ffa32315698b375587fe1c122404db9b82a56c98e66940100518206b35c
Kaito 社交数据,变化值,衡量指标,保留相对上一窗口的变化值；比较前需确认方向和单位。,例如在“叙事资料”中按对象和时间窗比较这个值；计算前先核对单位与口径。 此指标是否由当前 Kaito 工具返回仍待核对。,,unavailable,,,kaito_narrative_reference,叙事资料,data.metrics.delta,kaito-social-spider.kaito_narrative_reference.data.metrics.delta,app,field,kaito,kaito-social-spider,kaito-social-spider.kaito_narrative_reference,sha256:f1620ffa32315698b375587fe1c122404db9b82a56c98e66940100518206b35c
Kaito 社交数据,绝对变化值,衡量指标,保留绝对变化值；不要与百分比变化混用。,例如在“叙事资料”中按对象和时间窗比较这个值；计算前先核对单位与口径。 此指标是否由当前 Kaito 工具返回仍待核对。,,unavailable,,,kaito_narrative_reference,叙事资料,data.metrics.delta_abs,kaito-social-spider.kaito_narrative_reference.data.metrics.delta_abs,app,field,kaito,kaito-social-spider,kaito-social-spider.kaito_narrative_reference,sha256:f1620ffa32315698b375587fe1c122404db9b82a56c98e66940100518206b35c
Kaito 社交数据,变化百分比,衡量指标,保留百分比变化；需要核对上游使用的是小数还是百分数。,例如在“叙事资料”中按对象和时间窗比较这个值；计算前先核对单位与口径。 此指标是否由当前 Kaito 工具返回仍待核对。,,unavailable,,,kaito_narrative_reference,叙事资料,data.metrics.delta_pct,kaito-social-spider.kaito_narrative_reference.data.metrics.delta_pct,app,field,kaito,kaito-social-spider,kaito-social-spider.kaito_narrative_reference,sha256:f1620ffa32315698b375587fe1c122404db9b82a56c98e66940100518206b35c
Kaito 社交数据,变化方向,记录属性,标记变化属于上升或下降等方向，用于区分增减。,例如先用这个属性筛选可比较的记录，再查看对应的数值或内容。 此指标是否由当前 Kaito 工具返回仍待核对。,,unavailable,,,kaito_narrative_reference,叙事资料,data.metrics.direction,kaito-social-spider.kaito_narrative_reference.data.metrics.direction,app,field,kaito,kaito-social-spider,kaito-social-spider.kaito_narrative_reference,sha256:f1620ffa32315698b375587fe1c122404db9b82a56c98e66940100518206b35c
Kaito 社交数据,互动量,衡量指标,保留返回行的互动量；需核对包含哪些互动行为。,例如统计同一对象在一个窗口内的互动量变化，再对照提及量判断热度来源。 当前工具是否返回此指标仍待核对。,,unavailable,,,kaito_narrative_reference,叙事资料,data.metrics.engagement,kaito-social-spider.kaito_narrative_reference.data.metrics.engagement,app,field,kaito,kaito-social-spider,kaito-social-spider.kaito_narrative_reference,sha256:f1620ffa32315698b375587fe1c122404db9b82a56c98e66940100518206b35c
Kaito 社交数据,粉丝数,衡量指标,保留返回行的粉丝数量；需核对统计对象。,例如在“叙事资料”中按对象和时间窗比较这个值；计算前先核对单位与口径。 此指标是否由当前 Kaito 工具返回仍待核对。,,unavailable,,,kaito_narrative_reference,叙事资料,data.metrics.followers,kaito-social-spider.kaito_narrative_reference.data.metrics.followers,app,field,kaito,kaito-social-spider,kaito-social-spider.kaito_narrative_reference,sha256:f1620ffa32315698b375587fe1c122404db9b82a56c98e66940100518206b35c
Kaito 社交数据,点赞数,衡量指标,保留点赞次数，用于观察内容互动。,例如比较同一批帖子中的点赞分布，识别由少数爆款带来的热度。 当前工具是否返回此指标仍待核对。,,unavailable,,,kaito_narrative_reference,叙事资料,data.metrics.likes,kaito-social-spider.kaito_narrative_reference.data.metrics.likes,app,field,kaito,kaito-social-spider,kaito-social-spider.kaito_narrative_reference,sha256:f1620ffa32315698b375587fe1c122404db9b82a56c98e66940100518206b35c
Kaito 社交数据,提及次数,衡量指标,保留提及次数，用于观察讨论量。,例如按天计算项目提及次数，并与过去一周的基线比较。 当前工具是否返回此指标仍待核对。,,unavailable,,,kaito_narrative_reference,叙事资料,data.metrics.mention_count,kaito-social-spider.kaito_narrative_reference.data.metrics.mention_count,app,field,kaito,kaito-social-spider,kaito-social-spider.kaito_narrative_reference,sha256:f1620ffa32315698b375587fe1c122404db9b82a56c98e66940100518206b35c
Kaito 社交数据,提及量,衡量指标,保留提及量，用于观察讨论量。,例如按天观察项目被提及的频率，检查增长是否持续。 当前工具是否返回此指标仍待核对。,,unavailable,,,kaito_narrative_reference,叙事资料,data.metrics.mentions,kaito-social-spider.kaito_narrative_reference.data.metrics.mentions,app,field,kaito,kaito-social-spider,kaito-social-spider.kaito_narrative_reference,sha256:f1620ffa32315698b375587fe1c122404db9b82a56c98e66940100518206b35c
Kaito 社交数据,提及次数,衡量指标,保留提及次数，用于观察讨论量。,例如按天观察项目被提及的频率，检查增长是否持续。 当前工具是否返回此指标仍待核对。,,unavailable,,,kaito_narrative_reference,叙事资料,data.metrics.mentions_count,kaito-social-spider.kaito_narrative_reference.data.metrics.mentions_count,app,field,kaito,kaito-social-spider,kaito-social-spider.kaito_narrative_reference,sha256:f1620ffa32315698b375587fe1c122404db9b82a56c98e66940100518206b35c
Kaito 社交数据,关注份额,衡量指标,保留关注份额；比较前需确认分母、时间窗和来源范围。,例如比较同一来源、同一窗口的关注份额变化，检查项目讨论占比是否持续上升。 当前工具是否返回此指标仍待核对。,,unavailable,,,kaito_narrative_reference,叙事资料,data.metrics.mindshare,kaito-social-spider.kaito_narrative_reference.data.metrics.mindshare,app,field,kaito,kaito-social-spider,kaito-social-spider.kaito_narrative_reference,sha256:f1620ffa32315698b375587fe1c122404db9b82a56c98e66940100518206b35c
Kaito 社交数据,当前关注份额,衡量指标,保留当前关注份额；比较前需确认分母和时间窗。,例如在“叙事资料”中按对象和时间窗比较这个值；计算前先核对单位与口径。 此指标是否由当前 Kaito 工具返回仍待核对。,,unavailable,,,kaito_narrative_reference,叙事资料,data.metrics.mindshare_current,kaito-social-spider.kaito_narrative_reference.data.metrics.mindshare_current,app,field,kaito,kaito-social-spider,kaito-social-spider.kaito_narrative_reference,sha256:f1620ffa32315698b375587fe1c122404db9b82a56c98e66940100518206b35c
Kaito 社交数据,关注份额变化,衡量指标,保留关注份额变化；需与相同口径的前期值比较。,例如筛选关注份额上升最快的项目，再检查绝对讨论量，避免小基数误导。 当前工具是否返回此指标仍待核对。,,unavailable,,,kaito_narrative_reference,叙事资料,data.metrics.mindshare_delta,kaito-social-spider.kaito_narrative_reference.data.metrics.mindshare_delta,app,field,kaito,kaito-social-spider,kaito-social-spider.kaito_narrative_reference,sha256:f1620ffa32315698b375587fe1c122404db9b82a56c98e66940100518206b35c
Kaito 社交数据,上期排名,衡量指标,保留上一统计窗口的名次，用于计算排名变化。,例如在“叙事资料”中按对象和时间窗比较这个值；计算前先核对单位与口径。 此指标是否由当前 Kaito 工具返回仍待核对。,,unavailable,,,kaito_narrative_reference,叙事资料,data.metrics.previous_rank,kaito-social-spider.kaito_narrative_reference.data.metrics.previous_rank,app,field,kaito,kaito-social-spider,kaito-social-spider.kaito_narrative_reference,sha256:f1620ffa32315698b375587fe1c122404db9b82a56c98e66940100518206b35c
Kaito 社交数据,引用数,衡量指标,保留引用转发次数，用于观察内容传播。,例如在“叙事资料”中按对象和时间窗比较这个值；计算前先核对单位与口径。 此指标是否由当前 Kaito 工具返回仍待核对。,,unavailable,,,kaito_narrative_reference,叙事资料,data.metrics.quotes,kaito-social-spider.kaito_narrative_reference.data.metrics.quotes,app,field,kaito,kaito-social-spider,kaito-social-spider.kaito_narrative_reference,sha256:f1620ffa32315698b375587fe1c122404db9b82a56c98e66940100518206b35c
Kaito 社交数据,排名,衡量指标,保留当前名次，用于查看对象在同口径榜单中的位置。,例如追踪同一榜单中名次的连续变化，而不是只看单次排名。 当前工具是否返回此指标仍待核对。,,unavailable,,,kaito_narrative_reference,叙事资料,data.metrics.rank,kaito-social-spider.kaito_narrative_reference.data.metrics.rank,app,field,kaito,kaito-social-spider,kaito-social-spider.kaito_narrative_reference,sha256:f1620ffa32315698b375587fe1c122404db9b82a56c98e66940100518206b35c
Kaito 社交数据,排名变化,衡量指标,保留名次变化；需要确认正负号代表的方向。,例如在“叙事资料”中按对象和时间窗比较这个值；计算前先核对单位与口径。 此指标是否由当前 Kaito 工具返回仍待核对。,,unavailable,,,kaito_narrative_reference,叙事资料,data.metrics.rank_change,kaito-social-spider.kaito_narrative_reference.data.metrics.rank_change,app,field,kaito,kaito-social-spider,kaito-social-spider.kaito_narrative_reference,sha256:f1620ffa32315698b375587fe1c122404db9b82a56c98e66940100518206b35c
Kaito 社交数据,回复数,衡量指标,保留回复次数，用于观察讨论参与。,例如在“叙事资料”中按对象和时间窗比较这个值；计算前先核对单位与口径。 此指标是否由当前 Kaito 工具返回仍待核对。,,unavailable,,,kaito_narrative_reference,叙事资料,data.metrics.replies,kaito-social-spider.kaito_narrative_reference.data.metrics.replies,app,field,kaito,kaito-social-spider,kaito-social-spider.kaito_narrative_reference,sha256:f1620ffa32315698b375587fe1c122404db9b82a56c98e66940100518206b35c
Kaito 社交数据,转发数,衡量指标,保留转发次数，用于观察内容传播。,例如在“叙事资料”中按对象和时间窗比较这个值；计算前先核对单位与口径。 此指标是否由当前 Kaito 工具返回仍待核对。,,unavailable,,,kaito_narrative_reference,叙事资料,data.metrics.retweets,kaito-social-spider.kaito_narrative_reference.data.metrics.retweets,app,field,kaito,kaito-social-spider,kaito-social-spider.kaito_narrative_reference,sha256:f1620ffa32315698b375587fe1c122404db9b82a56c98e66940100518206b35c
Kaito 社交数据,评分,衡量指标,保留工具返回的评分；不同工具的评分不能直接混算。,例如在“叙事资料”中按对象和时间窗比较这个值；计算前先核对单位与口径。 此指标是否由当前 Kaito 工具返回仍待核对。,0.9,transformed_test_fixture,https://github.com/cyberight-cap/fewunderstand/blob/23a854c2a02e6b52e424844648d4026737361caa/spider/kaito-social-spider/tests/fixtures/kaito_p0_raw.json,,kaito_narrative_reference,叙事资料,data.metrics.score,kaito-social-spider.kaito_narrative_reference.data.metrics.score,app,field,kaito,kaito-social-spider,kaito-social-spider.kaito_narrative_reference,sha256:f1620ffa32315698b375587fe1c122404db9b82a56c98e66940100518206b35c
Kaito 社交数据,情绪,衡量指标,保留情绪指标；量纲和正负含义需由对应工具确认。,例如把情绪变化与同一窗口的提及量一起看，避免少量帖子主导判断。 当前工具是否返回此指标仍待核对。,,unavailable,,,kaito_narrative_reference,叙事资料,data.metrics.sentiment,kaito-social-spider.kaito_narrative_reference.data.metrics.sentiment,app,field,kaito,kaito-social-spider,kaito-social-spider.kaito_narrative_reference,sha256:f1620ffa32315698b375587fe1c122404db9b82a56c98e66940100518206b35c
Kaito 社交数据,情绪评分,衡量指标,保留情绪评分；与讨论量一起看更能判断可靠性。,例如把情绪评分与同一窗口的提及量一起看，避免少量帖子主导判断。 当前工具是否返回此指标仍待核对。,,unavailable,,,kaito_narrative_reference,叙事资料,data.metrics.sentiment_score,kaito-social-spider.kaito_narrative_reference.data.metrics.sentiment_score,app,field,kaito,kaito-social-spider,kaito-social-spider.kaito_narrative_reference,sha256:f1620ffa32315698b375587fe1c122404db9b82a56c98e66940100518206b35c
Kaito 社交数据,高关注度账号互动量,衡量指标,保留高关注度账号的互动量；账号认定口径需核对。,例如观察高关注度账号的互动是否先于整体互动增加，作为待验证的早期关注线索。 当前工具是否返回此指标仍待核对。,,unavailable,,,kaito_narrative_reference,叙事资料,data.metrics.smart_engagement,kaito-social-spider.kaito_narrative_reference.data.metrics.smart_engagement,app,field,kaito,kaito-social-spider,kaito-social-spider.kaito_narrative_reference,sha256:f1620ffa32315698b375587fe1c122404db9b82a56c98e66940100518206b35c
Kaito 社交数据,高关注度账号互动占比,衡量指标,保留高关注度账号互动占比；需核对分母。,例如在“叙事资料”中按对象和时间窗比较这个值；计算前先核对单位与口径。 此指标是否由当前 Kaito 工具返回仍待核对。,,unavailable,,,kaito_narrative_reference,叙事资料,data.metrics.smart_engagement_ratio,kaito-social-spider.kaito_narrative_reference.data.metrics.smart_engagement_ratio,app,field,kaito,kaito-social-spider,kaito-social-spider.kaito_narrative_reference,sha256:f1620ffa32315698b375587fe1c122404db9b82a56c98e66940100518206b35c
Kaito 社交数据,高关注度粉丝数,衡量指标,保留高关注度粉丝数；账号认定口径需核对。,例如比较同一账号连续两次的高关注度粉丝数，检查是否出现异常增长。 当前工具是否返回此指标仍待核对。,,unavailable,,,kaito_narrative_reference,叙事资料,data.metrics.smart_followers,kaito-social-spider.kaito_narrative_reference.data.metrics.smart_followers,app,field,kaito,kaito-social-spider,kaito-social-spider.kaito_narrative_reference,sha256:f1620ffa32315698b375587fe1c122404db9b82a56c98e66940100518206b35c
Kaito 社交数据,指标时间,时间定位,标记指标对应的时间点，用于组成时间序列。,例如按同一时间窗分组，并检查记录是否过时。 此指标是否由当前 Kaito 工具返回仍待核对。,,unavailable,,,kaito_narrative_reference,叙事资料,data.metrics.timestamp,kaito-social-spider.kaito_narrative_reference.data.metrics.timestamp,app,field,kaito,kaito-social-spider,kaito-social-spider.kaito_narrative_reference,sha256:f1620ffa32315698b375587fe1c122404db9b82a56c98e66940100518206b35c
Kaito 社交数据,总互动量,衡量指标,保留总互动量，用于观察讨论热度。,例如与提及次数一起比较，区分少数高互动内容和广泛讨论。 当前工具是否返回此指标仍待核对。,,unavailable,,,kaito_narrative_reference,叙事资料,data.metrics.total_engagement,kaito-social-spider.kaito_narrative_reference.data.metrics.total_engagement,app,field,kaito,kaito-social-spider,kaito-social-spider.kaito_narrative_reference,sha256:f1620ffa32315698b375587fe1c122404db9b82a56c98e66940100518206b35c
Kaito 社交数据,指标值,衡量指标,保留时间序列或指标行的数值；含义取决于对应工具。,例如在“叙事资料”中按对象和时间窗比较这个值；计算前先核对单位与口径。 此指标是否由当前 Kaito 工具返回仍待核对。,,unavailable,,,kaito_narrative_reference,叙事资料,data.metrics.value,kaito-social-spider.kaito_narrative_reference.data.metrics.value,app,field,kaito,kaito-social-spider,kaito-social-spider.kaito_narrative_reference,sha256:f1620ffa32315698b375587fe1c122404db9b82a56c98e66940100518206b35c
Kaito 社交数据,浏览量,衡量指标,保留浏览次数，用于观察内容曝光。,例如用浏览量作曝光参考，再看互动量是否同步增长。 当前工具是否返回此指标仍待核对。,,unavailable,,,kaito_narrative_reference,叙事资料,data.metrics.views,kaito-social-spider.kaito_narrative_reference.data.metrics.views,app,field,kaito,kaito-social-spider,kaito-social-spider.kaito_narrative_reference,sha256:f1620ffa32315698b375587fe1c122404db9b82a56c98e66940100518206b35c
Kaito 社交数据,平台,记录属性,标记内容所在的平台，便于区分来源渠道。,例如先用这个属性筛选可比较的记录，再查看对应的数值或内容。,kaito,transformed_test_fixture,https://github.com/cyberight-cap/fewunderstand/blob/23a854c2a02e6b52e424844648d4026737361caa/spider/kaito-social-spider/tests/fixtures/kaito_p0_raw.json,,kaito_narrative_reference,叙事资料,data.platform,kaito-social-spider.kaito_narrative_reference.data.platform,app,field,kaito,kaito-social-spider,kaito-social-spider.kaito_narrative_reference,sha256:f1620ffa32315698b375587fe1c122404db9b82a56c98e66940100518206b35c
Kaito 社交数据,原始数据,原始或结构数据,保留该 Kaito 记录对应的原始返回行，用于回查未提取的键。,点开返回样本核对内部键，再决定是否需要提取为独立字段。,"{""id"": ""defi"", ""name"": ""DeFi"", ""score"": 0.9}",transformed_test_fixture,https://github.com/cyberight-cap/fewunderstand/blob/23a854c2a02e6b52e424844648d4026737361caa/spider/kaito-social-spider/tests/fixtures/kaito_p0_raw.json,,kaito_narrative_reference,叙事资料,data.raw,kaito-social-spider.kaito_narrative_reference.data.raw,app,field,kaito,kaito-social-spider,kaito-social-spider.kaito_narrative_reference,sha256:f1620ffa32315698b375587fe1c122404db9b82a56c98e66940100518206b35c
Kaito 社交数据,记录类型,来源与溯源,标记转换后的 Kaito 记录类型，便于选择正确的处理规则。,例如排查一条指标的来源或重复记录时，用它回到原始查询和处理链。,kaito_narrative_reference,transformed_test_fixture,https://github.com/cyberight-cap/fewunderstand/blob/23a854c2a02e6b52e424844648d4026737361caa/spider/kaito-social-spider/tests/fixtures/kaito_p0_raw.json,,kaito_narrative_reference,叙事资料,data.record_type,kaito-social-spider.kaito_narrative_reference.data.record_type,v2,field,kaito,kaito-social-spider,kaito-social-spider.kaito_narrative_reference,sha256:f1620ffa32315698b375587fe1c122404db9b82a56c98e66940100518206b35c
Kaito 社交数据,请求信息,原始或结构数据,保存调用 Kaito 工具的请求元信息，用于核对查询条件。,点开返回样本核对内部键，再决定是否需要提取为独立字段。,"{""tool"": ""kaito_narratives"", ""params_hash"": ""59676b023081bf7f"", ""window_start"": null, ""window_end"": null}",transformed_test_fixture,https://github.com/cyberight-cap/fewunderstand/blob/23a854c2a02e6b52e424844648d4026737361caa/spider/kaito-social-spider/tests/fixtures/kaito_p0_raw.json,,kaito_narrative_reference,叙事资料,data.request,kaito-social-spider.kaito_narrative_reference.data.request,app,field,kaito,kaito-social-spider,kaito-social-spider.kaito_narrative_reference,sha256:f1620ffa32315698b375587fe1c122404db9b82a56c98e66940100518206b35c
Kaito 社交数据,请求参数摘要,来源与溯源,保存脱敏后的请求参数摘要，用于识别同一次查询条件。,例如排查一条指标的来源或重复记录时，用它回到原始查询和处理链。,59676b023081bf7f,transformed_test_fixture,https://github.com/cyberight-cap/fewunderstand/blob/23a854c2a02e6b52e424844648d4026737361caa/spider/kaito-social-spider/tests/fixtures/kaito_p0_raw.json,,kaito_narrative_reference,叙事资料,data.request.params_hash,kaito-social-spider.kaito_narrative_reference.data.request.params_hash,app,field,kaito,kaito-social-spider,kaito-social-spider.kaito_narrative_reference,sha256:f1620ffa32315698b375587fe1c122404db9b82a56c98e66940100518206b35c
Kaito 社交数据,请求工具,来源与溯源,指出产生这条记录的 Kaito 工具，用于核对指标口径。,例如排查一条指标的来源或重复记录时，用它回到原始查询和处理链。,kaito_narratives,transformed_test_fixture,https://github.com/cyberight-cap/fewunderstand/blob/23a854c2a02e6b52e424844648d4026737361caa/spider/kaito-social-spider/tests/fixtures/kaito_p0_raw.json,,kaito_narrative_reference,叙事资料,data.request.tool,kaito-social-spider.kaito_narrative_reference.data.request.tool,app,field,kaito,kaito-social-spider,kaito-social-spider.kaito_narrative_reference,sha256:f1620ffa32315698b375587fe1c122404db9b82a56c98e66940100518206b35c
Kaito 社交数据,请求时间窗口,来源与溯源,记录请求时使用的时间窗口，用于比较同口径数据。,例如排查一条指标的来源或重复记录时，用它回到原始查询和处理链。,,unavailable,,,kaito_narrative_reference,叙事资料,data.request.window,kaito-social-spider.kaito_narrative_reference.data.request.window,app,field,kaito,kaito-social-spider,kaito-social-spider.kaito_narrative_reference,sha256:f1620ffa32315698b375587fe1c122404db9b82a56c98e66940100518206b35c
Kaito 社交数据,请求窗口结束,来源与溯源,记录请求窗口的结束时间，用于界定统计区间。,例如排查一条指标的来源或重复记录时，用它回到原始查询和处理链。,,transformed_test_fixture,https://github.com/cyberight-cap/fewunderstand/blob/23a854c2a02e6b52e424844648d4026737361caa/spider/kaito-social-spider/tests/fixtures/kaito_p0_raw.json,,kaito_narrative_reference,叙事资料,data.request.window_end,kaito-social-spider.kaito_narrative_reference.data.request.window_end,app,field,kaito,kaito-social-spider,kaito-social-spider.kaito_narrative_reference,sha256:f1620ffa32315698b375587fe1c122404db9b82a56c98e66940100518206b35c
Kaito 社交数据,请求窗口开始,来源与溯源,记录请求窗口的开始时间，用于界定统计区间。,例如排查一条指标的来源或重复记录时，用它回到原始查询和处理链。,,transformed_test_fixture,https://github.com/cyberight-cap/fewunderstand/blob/23a854c2a02e6b52e424844648d4026737361caa/spider/kaito-social-spider/tests/fixtures/kaito_p0_raw.json,,kaito_narrative_reference,叙事资料,data.request.window_start,kaito-social-spider.kaito_narrative_reference.data.request.window_start,app,field,kaito,kaito-social-spider,kaito-social-spider.kaito_narrative_reference,sha256:f1620ffa32315698b375587fe1c122404db9b82a56c98e66940100518206b35c
Kaito 社交数据,统计窗口,时间定位,保存记录对应的统计窗口，用于避免混合不同时间跨度。,例如按同一时间窗分组，并检查记录是否过时。,,transformed_test_fixture,https://github.com/cyberight-cap/fewunderstand/blob/23a854c2a02e6b52e424844648d4026737361caa/spider/kaito-social-spider/tests/fixtures/kaito_p0_raw.json,,kaito_narrative_reference,叙事资料,data.window,kaito-social-spider.kaito_narrative_reference.data.window,app,field,kaito,kaito-social-spider,kaito-social-spider.kaito_narrative_reference,sha256:f1620ffa32315698b375587fe1c122404db9b82a56c98e66940100518206b35c
Kaito 社交数据,处理溯源,来源与溯源,保存处理链路元信息，用于追查记录如何产生。,例如排查一条指标的来源或重复记录时，用它回到原始查询和处理链。,"{""event_id"": ""evt:111559ade994c84ee0c900bbe5f8aa76"", ""trace_id"": ""evt:111559ade994c84ee0c900bbe5f8aa76"", ""parent_event_ids"": [], ""source_event_id"": null, ""record_type"": ""kaito_narrative_reference"", ""schema_version"": ""pipeline-lineage/v1"", ""producer"": ""kaito-social-spider"", ""processing_stage"": ""ingest"", ""observed_at"": ""2026-07-19T00:00:00Z"", ""processed_at"": ""2026-07-19T00:00:00Z"", ""source_topic"": null, ""source_partition"": null, ""source_offset"": null, ""asset_id"": null}",transformed_test_fixture,https://github.com/cyberight-cap/fewunderstand/blob/23a854c2a02e6b52e424844648d4026737361caa/spider/kaito-social-spider/tests/fixtures/kaito_p0_raw.json,,kaito_narrative_reference,叙事资料,lineage,kaito-social-spider.kaito_narrative_reference.lineage,app,field,kaito,kaito-social-spider,kaito-social-spider.kaito_narrative_reference,sha256:f1620ffa32315698b375587fe1c122404db9b82a56c98e66940100518206b35c
Kaito 社交数据,资产 ID,来源与溯源,保存解析后的内部资产 ID；未完成资产绑定时可能为空。,例如排查一条指标的来源或重复记录时，用它回到原始查询和处理链。,,transformed_test_fixture,https://github.com/cyberight-cap/fewunderstand/blob/23a854c2a02e6b52e424844648d4026737361caa/spider/kaito-social-spider/tests/fixtures/kaito_p0_raw.json,,kaito_narrative_reference,叙事资料,lineage.asset_id,kaito-social-spider.kaito_narrative_reference.lineage.asset_id,app,field,kaito,kaito-social-spider,kaito-social-spider.kaito_narrative_reference,sha256:f1620ffa32315698b375587fe1c122404db9b82a56c98e66940100518206b35c
Kaito 社交数据,事件 ID,来源与溯源,稳定识别这条事件，用于追踪后续计算与结果。,例如排查一条指标的来源或重复记录时，用它回到原始查询和处理链。,evt:111559ade994c84ee0c900bbe5f8aa76,transformed_test_fixture,https://github.com/cyberight-cap/fewunderstand/blob/23a854c2a02e6b52e424844648d4026737361caa/spider/kaito-social-spider/tests/fixtures/kaito_p0_raw.json,,kaito_narrative_reference,叙事资料,lineage.event_id,kaito-social-spider.kaito_narrative_reference.lineage.event_id,app,field,kaito,kaito-social-spider,kaito-social-spider.kaito_narrative_reference,sha256:f1620ffa32315698b375587fe1c122404db9b82a56c98e66940100518206b35c
Kaito 社交数据,观察时间,来源与溯源,记录事实被观察的时间，用于确认原始数据时效。,例如排查一条指标的来源或重复记录时，用它回到原始查询和处理链。,2026-07-19T00:00:00Z,transformed_test_fixture,https://github.com/cyberight-cap/fewunderstand/blob/23a854c2a02e6b52e424844648d4026737361caa/spider/kaito-social-spider/tests/fixtures/kaito_p0_raw.json,,kaito_narrative_reference,叙事资料,lineage.observed_at,kaito-social-spider.kaito_narrative_reference.lineage.observed_at,app,field,kaito,kaito-social-spider,kaito-social-spider.kaito_narrative_reference,sha256:f1620ffa32315698b375587fe1c122404db9b82a56c98e66940100518206b35c
Kaito 社交数据,上游事件 ID,来源与溯源,保存上游事件 ID，用于追溯派生结果的输入。,例如排查一条指标的来源或重复记录时，用它回到原始查询和处理链。,[],transformed_test_fixture,https://github.com/cyberight-cap/fewunderstand/blob/23a854c2a02e6b52e424844648d4026737361caa/spider/kaito-social-spider/tests/fixtures/kaito_p0_raw.json,,kaito_narrative_reference,叙事资料,lineage.parent_event_ids,kaito-social-spider.kaito_narrative_reference.lineage.parent_event_ids,app,field,kaito,kaito-social-spider,kaito-social-spider.kaito_narrative_reference,sha256:f1620ffa32315698b375587fe1c122404db9b82a56c98e66940100518206b35c
Kaito 社交数据,处理时间,来源与溯源,记录处理程序生成消息的时间，用于定位处理延迟。,例如排查一条指标的来源或重复记录时，用它回到原始查询和处理链。,2026-07-19T00:00:00Z,transformed_test_fixture,https://github.com/cyberight-cap/fewunderstand/blob/23a854c2a02e6b52e424844648d4026737361caa/spider/kaito-social-spider/tests/fixtures/kaito_p0_raw.json,,kaito_narrative_reference,叙事资料,lineage.processed_at,kaito-social-spider.kaito_narrative_reference.lineage.processed_at,app,field,kaito,kaito-social-spider,kaito-social-spider.kaito_narrative_reference,sha256:f1620ffa32315698b375587fe1c122404db9b82a56c98e66940100518206b35c
Kaito 社交数据,处理阶段,来源与溯源,标记当前处理阶段，用于区分采集与后续加工。,例如排查一条指标的来源或重复记录时，用它回到原始查询和处理链。,ingest,transformed_test_fixture,https://github.com/cyberight-cap/fewunderstand/blob/23a854c2a02e6b52e424844648d4026737361caa/spider/kaito-social-spider/tests/fixtures/kaito_p0_raw.json,,kaito_narrative_reference,叙事资料,lineage.processing_stage,kaito-social-spider.kaito_narrative_reference.lineage.processing_stage,app,field,kaito,kaito-social-spider,kaito-social-spider.kaito_narrative_reference,sha256:f1620ffa32315698b375587fe1c122404db9b82a56c98e66940100518206b35c
Kaito 社交数据,生产程序,来源与溯源,标记生成这条消息的程序，用于核对生产来源。,例如排查一条指标的来源或重复记录时，用它回到原始查询和处理链。,kaito-social-spider,transformed_test_fixture,https://github.com/cyberight-cap/fewunderstand/blob/23a854c2a02e6b52e424844648d4026737361caa/spider/kaito-social-spider/tests/fixtures/kaito_p0_raw.json,,kaito_narrative_reference,叙事资料,lineage.producer,kaito-social-spider.kaito_narrative_reference.lineage.producer,app,field,kaito,kaito-social-spider,kaito-social-spider.kaito_narrative_reference,sha256:f1620ffa32315698b375587fe1c122404db9b82a56c98e66940100518206b35c
Kaito 社交数据,溯源记录类型,来源与溯源,标记溯源信封里的记录类型，用于验证处理链路。,例如排查一条指标的来源或重复记录时，用它回到原始查询和处理链。,kaito_narrative_reference,transformed_test_fixture,https://github.com/cyberight-cap/fewunderstand/blob/23a854c2a02e6b52e424844648d4026737361caa/spider/kaito-social-spider/tests/fixtures/kaito_p0_raw.json,,kaito_narrative_reference,叙事资料,lineage.record_type,kaito-social-spider.kaito_narrative_reference.lineage.record_type,app,field,kaito,kaito-social-spider,kaito-social-spider.kaito_narrative_reference,sha256:f1620ffa32315698b375587fe1c122404db9b82a56c98e66940100518206b35c
Kaito 社交数据,结构版本,来源与溯源,标记消息结构版本，用于兼容不同版本的处理代码。,例如排查一条指标的来源或重复记录时，用它回到原始查询和处理链。,pipeline-lineage/v1,transformed_test_fixture,https://github.com/cyberight-cap/fewunderstand/blob/23a854c2a02e6b52e424844648d4026737361caa/spider/kaito-social-spider/tests/fixtures/kaito_p0_raw.json,,kaito_narrative_reference,叙事资料,lineage.schema_version,kaito-social-spider.kaito_narrative_reference.lineage.schema_version,app,field,kaito,kaito-social-spider,kaito-social-spider.kaito_narrative_reference,sha256:f1620ffa32315698b375587fe1c122404db9b82a56c98e66940100518206b35c
Kaito 社交数据,来源事件 ID,来源与溯源,保存来源系统的事件 ID，用于跨系统回查。,例如排查一条指标的来源或重复记录时，用它回到原始查询和处理链。,,transformed_test_fixture,https://github.com/cyberight-cap/fewunderstand/blob/23a854c2a02e6b52e424844648d4026737361caa/spider/kaito-social-spider/tests/fixtures/kaito_p0_raw.json,,kaito_narrative_reference,叙事资料,lineage.source_event_id,kaito-social-spider.kaito_narrative_reference.lineage.source_event_id,app,field,kaito,kaito-social-spider,kaito-social-spider.kaito_narrative_reference,sha256:f1620ffa32315698b375587fe1c122404db9b82a56c98e66940100518206b35c
Kaito 社交数据,来源偏移量,来源与溯源,保存来源消息偏移量，用于定位消息流位置。,例如排查一条指标的来源或重复记录时，用它回到原始查询和处理链。,,transformed_test_fixture,https://github.com/cyberight-cap/fewunderstand/blob/23a854c2a02e6b52e424844648d4026737361caa/spider/kaito-social-spider/tests/fixtures/kaito_p0_raw.json,,kaito_narrative_reference,叙事资料,lineage.source_offset,kaito-social-spider.kaito_narrative_reference.lineage.source_offset,app,field,kaito,kaito-social-spider,kaito-social-spider.kaito_narrative_reference,sha256:f1620ffa32315698b375587fe1c122404db9b82a56c98e66940100518206b35c
Kaito 社交数据,来源分区,来源与溯源,保存来源消息分区，用于定位消息流位置。,例如排查一条指标的来源或重复记录时，用它回到原始查询和处理链。,,transformed_test_fixture,https://github.com/cyberight-cap/fewunderstand/blob/23a854c2a02e6b52e424844648d4026737361caa/spider/kaito-social-spider/tests/fixtures/kaito_p0_raw.json,,kaito_narrative_reference,叙事资料,lineage.source_partition,kaito-social-spider.kaito_narrative_reference.lineage.source_partition,app,field,kaito,kaito-social-spider,kaito-social-spider.kaito_narrative_reference,sha256:f1620ffa32315698b375587fe1c122404db9b82a56c98e66940100518206b35c
Kaito 社交数据,来源主题,来源与溯源,保存来源主题名称，用于定位消息流位置。,例如排查一条指标的来源或重复记录时，用它回到原始查询和处理链。,,transformed_test_fixture,https://github.com/cyberight-cap/fewunderstand/blob/23a854c2a02e6b52e424844648d4026737361caa/spider/kaito-social-spider/tests/fixtures/kaito_p0_raw.json,,kaito_narrative_reference,叙事资料,lineage.source_topic,kaito-social-spider.kaito_narrative_reference.lineage.source_topic,app,field,kaito,kaito-social-spider,kaito-social-spider.kaito_narrative_reference,sha256:f1620ffa32315698b375587fe1c122404db9b82a56c98e66940100518206b35c
Kaito 社交数据,追踪 ID,来源与溯源,关联同一处理链路上的事件，用于端到端追踪。,例如排查一条指标的来源或重复记录时，用它回到原始查询和处理链。,evt:111559ade994c84ee0c900bbe5f8aa76,transformed_test_fixture,https://github.com/cyberight-cap/fewunderstand/blob/23a854c2a02e6b52e424844648d4026737361caa/spider/kaito-social-spider/tests/fixtures/kaito_p0_raw.json,,kaito_narrative_reference,叙事资料,lineage.trace_id,kaito-social-spider.kaito_narrative_reference.lineage.trace_id,app,field,kaito,kaito-social-spider,kaito-social-spider.kaito_narrative_reference,sha256:f1620ffa32315698b375587fe1c122404db9b82a56c98e66940100518206b35c
Kaito 社交数据,原始文本,内容理解,保留内容的原始文本，用于回查清洗前的信息。,例如筛选与目标项目相关的内容，再点回原文人工核查。,,unavailable,,,kaito_narrative_reference,叙事资料,raw_text,kaito-social-spider.kaito_narrative_reference.raw_text,app,field,kaito,kaito-social-spider,kaito-social-spider.kaito_narrative_reference,sha256:f1620ffa32315698b375587fe1c122404db9b82a56c98e66940100518206b35c
Kaito 社交数据,来源,来源与溯源,标记这条记录的来源，用于筛选和核对数据出处。,例如排查一条指标的来源或重复记录时，用它回到原始查询和处理链。,kaito,transformed_test_fixture,https://github.com/cyberight-cap/fewunderstand/blob/23a854c2a02e6b52e424844648d4026737361caa/spider/kaito-social-spider/tests/fixtures/kaito_p0_raw.json,,kaito_narrative_reference,叙事资料,source,kaito-social-spider.kaito_narrative_reference.source,app,field,kaito,kaito-social-spider,kaito-social-spider.kaito_narrative_reference,sha256:f1620ffa32315698b375587fe1c122404db9b82a56c98e66940100518206b35c
Kaito 社交数据,正文,内容理解,保存消息或帖子的正文，用于关键词、主题和事件分析。,例如查找项目名或事件关键词，并结合消息时间和来源做人工核对。,,unavailable,,,kaito_narrative_reference,叙事资料,text,kaito-social-spider.kaito_narrative_reference.text,app,field,kaito,kaito-social-spider,kaito-social-spider.kaito_narrative_reference,sha256:f1620ffa32315698b375587fe1c122404db9b82a56c98e66940100518206b35c
Kaito 社交数据,记录时间,时间定位,记录该数据对应的时间点，用于排序或时间窗聚合。,例如按同一时间窗分组，并检查记录是否过时。,2026-07-19T00:00:00Z,transformed_test_fixture,https://github.com/cyberight-cap/fewunderstand/blob/23a854c2a02e6b52e424844648d4026737361caa/spider/kaito-social-spider/tests/fixtures/kaito_p0_raw.json,,kaito_narrative_reference,叙事资料,timestamp,kaito-social-spider.kaito_narrative_reference.timestamp,app,field,kaito,kaito-social-spider,kaito-social-spider.kaito_narrative_reference,sha256:f1620ffa32315698b375587fe1c122404db9b82a56c98e66940100518206b35c
Kaito 社交数据,标题,内容理解,保存内容标题，用于快速判断主题。,例如先用标题筛选相关内容，再用正文或原文链接验证。,,unavailable,,,kaito_narrative_reference,叙事资料,title,kaito-social-spider.kaito_narrative_reference.title,app,field,kaito,kaito-social-spider,kaito-social-spider.kaito_narrative_reference,sha256:f1620ffa32315698b375587fe1c122404db9b82a56c98e66940100518206b35c
Kaito 社交数据,链接地址,对象识别,保存内容原文地址，用于回查和去重。,例如把同一对象在不同时间的记录对齐，再比较指标变化。,,unavailable,,,kaito_narrative_reference,叙事资料,url,kaito-social-spider.kaito_narrative_reference.url,app,field,kaito,kaito-social-spider,kaito-social-spider.kaito_narrative_reference,sha256:f1620ffa32315698b375587fe1c122404db9b82a56c98e66940100518206b35c
Kaito 社交数据,搜索结果,记录类型,这类记录包含下列可展开的字段定义。,先选择记录类型，再查看字段用途与返回样本。,,unavailable,,,kaito_search_result,搜索结果,kaito_search_result,kaito-social-spider.kaito_search_result,app,record_type,kaito,kaito-social-spider,kaito-social-spider.kaito_search_result,sha256:f1620ffa32315698b375587fe1c122404db9b82a56c98e66940100518206b35c
Kaito 社交数据,作者,内容理解,指出内容的作者，便于按发布者汇总或回到原帖。,例如筛选与目标项目相关的内容，再点回原文人工核查。,smart_kol,transformed_test_fixture,https://github.com/cyberight-cap/fewunderstand/blob/23a854c2a02e6b52e424844648d4026737361caa/spider/kaito-social-spider/tests/fixtures/kaito_p0_raw.json,,kaito_search_result,搜索结果,author,kaito-social-spider.kaito_search_result.author,app,field,kaito,kaito-social-spider,kaito-social-spider.kaito_search_result,sha256:f1620ffa32315698b375587fe1c122404db9b82a56c98e66940100518206b35c
Kaito 社交数据,数据对象,原始或结构数据,装载这一类记录的主要业务数据；应继续展开具体子字段。,点开返回样本核对内部键，再决定是否需要提取为独立字段。,"{""platform"": ""kaito"", ""content_type"": ""social_intelligence"", ""record_type"": ""kaito_search_result"", ""entity"": {""kaito_id"": ""pendle"", ""symbol"": ""PENDLE"", ""name"": null, ""coingecko_slug"": null}, ""window"": ""24h"", ""metrics"": {""smart_engagement"": 42}, ""request"": {""tool"": ""kaito_advanced_search"", ""params_hash"": ""bb904b4123bc776a"", ""window_start"": null, ""window_end"": null, ""window"": ""24h""}, ""raw"": {""entity_id"": ""pendle"", ""symbol"": ""PENDLE"", ""author"": ""smart_kol"", ""url"": ""https://x.com/example/status/1"", ""smart_engagement"": 42, ""text"": ""Pendle discussion""}}",transformed_test_fixture,https://github.com/cyberight-cap/fewunderstand/blob/23a854c2a02e6b52e424844648d4026737361caa/spider/kaito-social-spider/tests/fixtures/kaito_p0_raw.json,,kaito_search_result,搜索结果,data,kaito-social-spider.kaito_search_result.data,app,field,kaito,kaito-social-spider,kaito-social-spider.kaito_search_result,sha256:f1620ffa32315698b375587fe1c122404db9b82a56c98e66940100518206b35c
Kaito 社交数据,内容类型,记录属性,说明 Kaito 记录的内容类别，便于区分不同内容。,例如先用这个属性筛选可比较的记录，再查看对应的数值或内容。,social_intelligence,transformed_test_fixture,https://github.com/cyberight-cap/fewunderstand/blob/23a854c2a02e6b52e424844648d4026737361caa/spider/kaito-social-spider/tests/fixtures/kaito_p0_raw.json,,kaito_search_result,搜索结果,data.content_type,kaito-social-spider.kaito_search_result.data.content_type,app,field,kaito,kaito-social-spider,kaito-social-spider.kaito_search_result,sha256:f1620ffa32315698b375587fe1c122404db9b82a56c98e66940100518206b35c
Kaito 社交数据,对象信息,原始或结构数据,保存被分析对象的身份信息，用于关联同一项目或资产。,点开返回样本核对内部键，再决定是否需要提取为独立字段。,"{""kaito_id"": ""pendle"", ""symbol"": ""PENDLE"", ""name"": null, ""coingecko_slug"": null}",transformed_test_fixture,https://github.com/cyberight-cap/fewunderstand/blob/23a854c2a02e6b52e424844648d4026737361caa/spider/kaito-social-spider/tests/fixtures/kaito_p0_raw.json,,kaito_search_result,搜索结果,data.entity,kaito-social-spider.kaito_search_result.data.entity,app,field,kaito,kaito-social-spider,kaito-social-spider.kaito_search_result,sha256:f1620ffa32315698b375587fe1c122404db9b82a56c98e66940100518206b35c
Kaito 社交数据,CoinGecko 标识,对象识别,保存 CoinGecko 的对象标识，便于跨来源对齐同一资产。,例如把同一对象在不同时间的记录对齐，再比较指标变化。,,transformed_test_fixture,https://github.com/cyberight-cap/fewunderstand/blob/23a854c2a02e6b52e424844648d4026737361caa/spider/kaito-social-spider/tests/fixtures/kaito_p0_raw.json,,kaito_search_result,搜索结果,data.entity.coingecko_slug,kaito-social-spider.kaito_search_result.data.entity.coingecko_slug,app,field,kaito,kaito-social-spider,kaito-social-spider.kaito_search_result,sha256:f1620ffa32315698b375587fe1c122404db9b82a56c98e66940100518206b35c
Kaito 社交数据,Kaito ID,对象识别,保存 Kaito 的对象标识，便于合并同一对象的多条记录。,例如把同一对象在不同时间的记录对齐，再比较指标变化。,pendle,transformed_test_fixture,https://github.com/cyberight-cap/fewunderstand/blob/23a854c2a02e6b52e424844648d4026737361caa/spider/kaito-social-spider/tests/fixtures/kaito_p0_raw.json,,kaito_search_result,搜索结果,data.entity.kaito_id,kaito-social-spider.kaito_search_result.data.entity.kaito_id,app,field,kaito,kaito-social-spider,kaito-social-spider.kaito_search_result,sha256:f1620ffa32315698b375587fe1c122404db9b82a56c98e66940100518206b35c
Kaito 社交数据,对象名称,对象识别,显示被分析对象的名称，便于人工核对。,例如把同一对象在不同时间的记录对齐，再比较指标变化。,,transformed_test_fixture,https://github.com/cyberight-cap/fewunderstand/blob/23a854c2a02e6b52e424844648d4026737361caa/spider/kaito-social-spider/tests/fixtures/kaito_p0_raw.json,,kaito_search_result,搜索结果,data.entity.name,kaito-social-spider.kaito_search_result.data.entity.name,app,field,kaito,kaito-social-spider,kaito-social-spider.kaito_search_result,sha256:f1620ffa32315698b375587fe1c122404db9b82a56c98e66940100518206b35c
Kaito 社交数据,资产代码,对象识别,保存对象的资产代码，便于与市场数据匹配；同名代码仍需核验。,例如把同一对象在不同时间的记录对齐，再比较指标变化。,PENDLE,transformed_test_fixture,https://github.com/cyberight-cap/fewunderstand/blob/23a854c2a02e6b52e424844648d4026737361caa/spider/kaito-social-spider/tests/fixtures/kaito_p0_raw.json,,kaito_search_result,搜索结果,data.entity.symbol,kaito-social-spider.kaito_search_result.data.entity.symbol,v2,field,kaito,kaito-social-spider,kaito-social-spider.kaito_search_result,sha256:f1620ffa32315698b375587fe1c122404db9b82a56c98e66940100518206b35c
Kaito 社交数据,指标集合,原始或结构数据,装载 Kaito 返回行中提取出的指标；具体有哪些键取决于工具返回。,点开返回样本核对内部键，再决定是否需要提取为独立字段。,"{""smart_engagement"": 42}",transformed_test_fixture,https://github.com/cyberight-cap/fewunderstand/blob/23a854c2a02e6b52e424844648d4026737361caa/spider/kaito-social-spider/tests/fixtures/kaito_p0_raw.json,,kaito_search_result,搜索结果,data.metrics,kaito-social-spider.kaito_search_result.data.metrics,app,field,kaito,kaito-social-spider,kaito-social-spider.kaito_search_result,sha256:f1620ffa32315698b375587fe1c122404db9b82a56c98e66940100518206b35c
Kaito 社交数据,看跌指标,衡量指标,保留返回行中的看跌指标；分值口径需由对应工具确认。,例如在“搜索结果”中按对象和时间窗比较这个值；计算前先核对单位与口径。 此指标是否由当前 Kaito 工具返回仍待核对。,,unavailable,,,kaito_search_result,搜索结果,data.metrics.bearish,kaito-social-spider.kaito_search_result.data.metrics.bearish,app,field,kaito,kaito-social-spider,kaito-social-spider.kaito_search_result,sha256:f1620ffa32315698b375587fe1c122404db9b82a56c98e66940100518206b35c
Kaito 社交数据,看涨指标,衡量指标,保留返回行中的看涨指标；分值口径需由对应工具确认。,例如在“搜索结果”中按对象和时间窗比较这个值；计算前先核对单位与口径。 此指标是否由当前 Kaito 工具返回仍待核对。,,unavailable,,,kaito_search_result,搜索结果,data.metrics.bullish,kaito-social-spider.kaito_search_result.data.metrics.bullish,app,field,kaito,kaito-social-spider,kaito-social-spider.kaito_search_result,sha256:f1620ffa32315698b375587fe1c122404db9b82a56c98e66940100518206b35c
Kaito 社交数据,变化量,衡量指标,保留返回行中的变化值；比较前需确认变化的基准。,例如在“搜索结果”中按对象和时间窗比较这个值；计算前先核对单位与口径。 此指标是否由当前 Kaito 工具返回仍待核对。,,unavailable,,,kaito_search_result,搜索结果,data.metrics.change,kaito-social-spider.kaito_search_result.data.metrics.change,app,field,kaito,kaito-social-spider,kaito-social-spider.kaito_search_result,sha256:f1620ffa32315698b375587fe1c122404db9b82a56c98e66940100518206b35c
Kaito 社交数据,当前关注份额,衡量指标,保留当前关注份额；分母和时间窗需由对应工具确认。,例如在“搜索结果”中按对象和时间窗比较这个值；计算前先核对单位与口径。 此指标是否由当前 Kaito 工具返回仍待核对。,,unavailable,,,kaito_search_result,搜索结果,data.metrics.current_mindshare,kaito-social-spider.kaito_search_result.data.metrics.current_mindshare,app,field,kaito,kaito-social-spider,kaito-social-spider.kaito_search_result,sha256:f1620ffa32315698b375587fe1c122404db9b82a56c98e66940100518206b35c
Kaito 社交数据,变化值,衡量指标,保留相对上一窗口的变化值；比较前需确认方向和单位。,例如在“搜索结果”中按对象和时间窗比较这个值；计算前先核对单位与口径。 此指标是否由当前 Kaito 工具返回仍待核对。,,unavailable,,,kaito_search_result,搜索结果,data.metrics.delta,kaito-social-spider.kaito_search_result.data.metrics.delta,app,field,kaito,kaito-social-spider,kaito-social-spider.kaito_search_result,sha256:f1620ffa32315698b375587fe1c122404db9b82a56c98e66940100518206b35c
Kaito 社交数据,绝对变化值,衡量指标,保留绝对变化值；不要与百分比变化混用。,例如在“搜索结果”中按对象和时间窗比较这个值；计算前先核对单位与口径。 此指标是否由当前 Kaito 工具返回仍待核对。,,unavailable,,,kaito_search_result,搜索结果,data.metrics.delta_abs,kaito-social-spider.kaito_search_result.data.metrics.delta_abs,app,field,kaito,kaito-social-spider,kaito-social-spider.kaito_search_result,sha256:f1620ffa32315698b375587fe1c122404db9b82a56c98e66940100518206b35c
Kaito 社交数据,变化百分比,衡量指标,保留百分比变化；需要核对上游使用的是小数还是百分数。,例如在“搜索结果”中按对象和时间窗比较这个值；计算前先核对单位与口径。 此指标是否由当前 Kaito 工具返回仍待核对。,,unavailable,,,kaito_search_result,搜索结果,data.metrics.delta_pct,kaito-social-spider.kaito_search_result.data.metrics.delta_pct,app,field,kaito,kaito-social-spider,kaito-social-spider.kaito_search_result,sha256:f1620ffa32315698b375587fe1c122404db9b82a56c98e66940100518206b35c
Kaito 社交数据,变化方向,记录属性,标记变化属于上升或下降等方向，用于区分增减。,例如先用这个属性筛选可比较的记录，再查看对应的数值或内容。 此指标是否由当前 Kaito 工具返回仍待核对。,,unavailable,,,kaito_search_result,搜索结果,data.metrics.direction,kaito-social-spider.kaito_search_result.data.metrics.direction,app,field,kaito,kaito-social-spider,kaito-social-spider.kaito_search_result,sha256:f1620ffa32315698b375587fe1c122404db9b82a56c98e66940100518206b35c
Kaito 社交数据,互动量,衡量指标,保留返回行的互动量；需核对包含哪些互动行为。,例如统计同一对象在一个窗口内的互动量变化，再对照提及量判断热度来源。 当前工具是否返回此指标仍待核对。,,unavailable,,,kaito_search_result,搜索结果,data.metrics.engagement,kaito-social-spider.kaito_search_result.data.metrics.engagement,app,field,kaito,kaito-social-spider,kaito-social-spider.kaito_search_result,sha256:f1620ffa32315698b375587fe1c122404db9b82a56c98e66940100518206b35c
Kaito 社交数据,粉丝数,衡量指标,保留返回行的粉丝数量；需核对统计对象。,例如在“搜索结果”中按对象和时间窗比较这个值；计算前先核对单位与口径。 此指标是否由当前 Kaito 工具返回仍待核对。,,unavailable,,,kaito_search_result,搜索结果,data.metrics.followers,kaito-social-spider.kaito_search_result.data.metrics.followers,app,field,kaito,kaito-social-spider,kaito-social-spider.kaito_search_result,sha256:f1620ffa32315698b375587fe1c122404db9b82a56c98e66940100518206b35c
Kaito 社交数据,点赞数,衡量指标,保留点赞次数，用于观察内容互动。,例如比较同一批帖子中的点赞分布，识别由少数爆款带来的热度。 当前工具是否返回此指标仍待核对。,,unavailable,,,kaito_search_result,搜索结果,data.metrics.likes,kaito-social-spider.kaito_search_result.data.metrics.likes,app,field,kaito,kaito-social-spider,kaito-social-spider.kaito_search_result,sha256:f1620ffa32315698b375587fe1c122404db9b82a56c98e66940100518206b35c
Kaito 社交数据,提及次数,衡量指标,保留提及次数，用于观察讨论量。,例如按天计算项目提及次数，并与过去一周的基线比较。 当前工具是否返回此指标仍待核对。,,unavailable,,,kaito_search_result,搜索结果,data.metrics.mention_count,kaito-social-spider.kaito_search_result.data.metrics.mention_count,app,field,kaito,kaito-social-spider,kaito-social-spider.kaito_search_result,sha256:f1620ffa32315698b375587fe1c122404db9b82a56c98e66940100518206b35c
Kaito 社交数据,提及量,衡量指标,保留提及量，用于观察讨论量。,例如按天观察项目被提及的频率，检查增长是否持续。 当前工具是否返回此指标仍待核对。,,unavailable,,,kaito_search_result,搜索结果,data.metrics.mentions,kaito-social-spider.kaito_search_result.data.metrics.mentions,app,field,kaito,kaito-social-spider,kaito-social-spider.kaito_search_result,sha256:f1620ffa32315698b375587fe1c122404db9b82a56c98e66940100518206b35c
Kaito 社交数据,提及次数,衡量指标,保留提及次数，用于观察讨论量。,例如按天观察项目被提及的频率，检查增长是否持续。 当前工具是否返回此指标仍待核对。,,unavailable,,,kaito_search_result,搜索结果,data.metrics.mentions_count,kaito-social-spider.kaito_search_result.data.metrics.mentions_count,app,field,kaito,kaito-social-spider,kaito-social-spider.kaito_search_result,sha256:f1620ffa32315698b375587fe1c122404db9b82a56c98e66940100518206b35c
Kaito 社交数据,关注份额,衡量指标,保留关注份额；比较前需确认分母、时间窗和来源范围。,例如比较同一来源、同一窗口的关注份额变化，检查项目讨论占比是否持续上升。 当前工具是否返回此指标仍待核对。,,unavailable,,,kaito_search_result,搜索结果,data.metrics.mindshare,kaito-social-spider.kaito_search_result.data.metrics.mindshare,app,field,kaito,kaito-social-spider,kaito-social-spider.kaito_search_result,sha256:f1620ffa32315698b375587fe1c122404db9b82a56c98e66940100518206b35c
Kaito 社交数据,当前关注份额,衡量指标,保留当前关注份额；比较前需确认分母和时间窗。,例如在“搜索结果”中按对象和时间窗比较这个值；计算前先核对单位与口径。 此指标是否由当前 Kaito 工具返回仍待核对。,,unavailable,,,kaito_search_result,搜索结果,data.metrics.mindshare_current,kaito-social-spider.kaito_search_result.data.metrics.mindshare_current,app,field,kaito,kaito-social-spider,kaito-social-spider.kaito_search_result,sha256:f1620ffa32315698b375587fe1c122404db9b82a56c98e66940100518206b35c
Kaito 社交数据,关注份额变化,衡量指标,保留关注份额变化；需与相同口径的前期值比较。,例如筛选关注份额上升最快的项目，再检查绝对讨论量，避免小基数误导。 当前工具是否返回此指标仍待核对。,,unavailable,,,kaito_search_result,搜索结果,data.metrics.mindshare_delta,kaito-social-spider.kaito_search_result.data.metrics.mindshare_delta,app,field,kaito,kaito-social-spider,kaito-social-spider.kaito_search_result,sha256:f1620ffa32315698b375587fe1c122404db9b82a56c98e66940100518206b35c
Kaito 社交数据,上期排名,衡量指标,保留上一统计窗口的名次，用于计算排名变化。,例如在“搜索结果”中按对象和时间窗比较这个值；计算前先核对单位与口径。 此指标是否由当前 Kaito 工具返回仍待核对。,,unavailable,,,kaito_search_result,搜索结果,data.metrics.previous_rank,kaito-social-spider.kaito_search_result.data.metrics.previous_rank,app,field,kaito,kaito-social-spider,kaito-social-spider.kaito_search_result,sha256:f1620ffa32315698b375587fe1c122404db9b82a56c98e66940100518206b35c
Kaito 社交数据,引用数,衡量指标,保留引用转发次数，用于观察内容传播。,例如在“搜索结果”中按对象和时间窗比较这个值；计算前先核对单位与口径。 此指标是否由当前 Kaito 工具返回仍待核对。,,unavailable,,,kaito_search_result,搜索结果,data.metrics.quotes,kaito-social-spider.kaito_search_result.data.metrics.quotes,app,field,kaito,kaito-social-spider,kaito-social-spider.kaito_search_result,sha256:f1620ffa32315698b375587fe1c122404db9b82a56c98e66940100518206b35c
Kaito 社交数据,排名,衡量指标,保留当前名次，用于查看对象在同口径榜单中的位置。,例如追踪同一榜单中名次的连续变化，而不是只看单次排名。 当前工具是否返回此指标仍待核对。,,unavailable,,,kaito_search_result,搜索结果,data.metrics.rank,kaito-social-spider.kaito_search_result.data.metrics.rank,app,field,kaito,kaito-social-spider,kaito-social-spider.kaito_search_result,sha256:f1620ffa32315698b375587fe1c122404db9b82a56c98e66940100518206b35c
Kaito 社交数据,排名变化,衡量指标,保留名次变化；需要确认正负号代表的方向。,例如在“搜索结果”中按对象和时间窗比较这个值；计算前先核对单位与口径。 此指标是否由当前 Kaito 工具返回仍待核对。,,unavailable,,,kaito_search_result,搜索结果,data.metrics.rank_change,kaito-social-spider.kaito_search_result.data.metrics.rank_change,app,field,kaito,kaito-social-spider,kaito-social-spider.kaito_search_result,sha256:f1620ffa32315698b375587fe1c122404db9b82a56c98e66940100518206b35c
Kaito 社交数据,回复数,衡量指标,保留回复次数，用于观察讨论参与。,例如在“搜索结果”中按对象和时间窗比较这个值；计算前先核对单位与口径。 此指标是否由当前 Kaito 工具返回仍待核对。,,unavailable,,,kaito_search_result,搜索结果,data.metrics.replies,kaito-social-spider.kaito_search_result.data.metrics.replies,app,field,kaito,kaito-social-spider,kaito-social-spider.kaito_search_result,sha256:f1620ffa32315698b375587fe1c122404db9b82a56c98e66940100518206b35c
Kaito 社交数据,转发数,衡量指标,保留转发次数，用于观察内容传播。,例如在“搜索结果”中按对象和时间窗比较这个值；计算前先核对单位与口径。 此指标是否由当前 Kaito 工具返回仍待核对。,,unavailable,,,kaito_search_result,搜索结果,data.metrics.retweets,kaito-social-spider.kaito_search_result.data.metrics.retweets,app,field,kaito,kaito-social-spider,kaito-social-spider.kaito_search_result,sha256:f1620ffa32315698b375587fe1c122404db9b82a56c98e66940100518206b35c
Kaito 社交数据,评分,衡量指标,保留工具返回的评分；不同工具的评分不能直接混算。,例如在“搜索结果”中按对象和时间窗比较这个值；计算前先核对单位与口径。 此指标是否由当前 Kaito 工具返回仍待核对。,,unavailable,,,kaito_search_result,搜索结果,data.metrics.score,kaito-social-spider.kaito_search_result.data.metrics.score,app,field,kaito,kaito-social-spider,kaito-social-spider.kaito_search_result,sha256:f1620ffa32315698b375587fe1c122404db9b82a56c98e66940100518206b35c
Kaito 社交数据,情绪,衡量指标,保留情绪指标；量纲和正负含义需由对应工具确认。,例如把情绪变化与同一窗口的提及量一起看，避免少量帖子主导判断。 当前工具是否返回此指标仍待核对。,,unavailable,,,kaito_search_result,搜索结果,data.metrics.sentiment,kaito-social-spider.kaito_search_result.data.metrics.sentiment,app,field,kaito,kaito-social-spider,kaito-social-spider.kaito_search_result,sha256:f1620ffa32315698b375587fe1c122404db9b82a56c98e66940100518206b35c
Kaito 社交数据,情绪评分,衡量指标,保留情绪评分；与讨论量一起看更能判断可靠性。,例如把情绪评分与同一窗口的提及量一起看，避免少量帖子主导判断。 当前工具是否返回此指标仍待核对。,,unavailable,,,kaito_search_result,搜索结果,data.metrics.sentiment_score,kaito-social-spider.kaito_search_result.data.metrics.sentiment_score,app,field,kaito,kaito-social-spider,kaito-social-spider.kaito_search_result,sha256:f1620ffa32315698b375587fe1c122404db9b82a56c98e66940100518206b35c
Kaito 社交数据,高关注度账号互动量,衡量指标,保留高关注度账号的互动量；账号认定口径需核对。,例如观察高关注度账号的互动是否先于整体互动增加，作为待验证的早期关注线索。 当前工具是否返回此指标仍待核对。,42,transformed_test_fixture,https://github.com/cyberight-cap/fewunderstand/blob/23a854c2a02e6b52e424844648d4026737361caa/spider/kaito-social-spider/tests/fixtures/kaito_p0_raw.json,,kaito_search_result,搜索结果,data.metrics.smart_engagement,kaito-social-spider.kaito_search_result.data.metrics.smart_engagement,app,field,kaito,kaito-social-spider,kaito-social-spider.kaito_search_result,sha256:f1620ffa32315698b375587fe1c122404db9b82a56c98e66940100518206b35c
Kaito 社交数据,高关注度账号互动占比,衡量指标,保留高关注度账号互动占比；需核对分母。,例如在“搜索结果”中按对象和时间窗比较这个值；计算前先核对单位与口径。 此指标是否由当前 Kaito 工具返回仍待核对。,,unavailable,,,kaito_search_result,搜索结果,data.metrics.smart_engagement_ratio,kaito-social-spider.kaito_search_result.data.metrics.smart_engagement_ratio,app,field,kaito,kaito-social-spider,kaito-social-spider.kaito_search_result,sha256:f1620ffa32315698b375587fe1c122404db9b82a56c98e66940100518206b35c
Kaito 社交数据,高关注度粉丝数,衡量指标,保留高关注度粉丝数；账号认定口径需核对。,例如比较同一账号连续两次的高关注度粉丝数，检查是否出现异常增长。 当前工具是否返回此指标仍待核对。,,unavailable,,,kaito_search_result,搜索结果,data.metrics.smart_followers,kaito-social-spider.kaito_search_result.data.metrics.smart_followers,app,field,kaito,kaito-social-spider,kaito-social-spider.kaito_search_result,sha256:f1620ffa32315698b375587fe1c122404db9b82a56c98e66940100518206b35c
Kaito 社交数据,指标时间,时间定位,标记指标对应的时间点，用于组成时间序列。,例如按同一时间窗分组，并检查记录是否过时。 此指标是否由当前 Kaito 工具返回仍待核对。,,unavailable,,,kaito_search_result,搜索结果,data.metrics.timestamp,kaito-social-spider.kaito_search_result.data.metrics.timestamp,app,field,kaito,kaito-social-spider,kaito-social-spider.kaito_search_result,sha256:f1620ffa32315698b375587fe1c122404db9b82a56c98e66940100518206b35c
Kaito 社交数据,总互动量,衡量指标,保留总互动量，用于观察讨论热度。,例如与提及次数一起比较，区分少数高互动内容和广泛讨论。 当前工具是否返回此指标仍待核对。,,unavailable,,,kaito_search_result,搜索结果,data.metrics.total_engagement,kaito-social-spider.kaito_search_result.data.metrics.total_engagement,app,field,kaito,kaito-social-spider,kaito-social-spider.kaito_search_result,sha256:f1620ffa32315698b375587fe1c122404db9b82a56c98e66940100518206b35c
Kaito 社交数据,指标值,衡量指标,保留时间序列或指标行的数值；含义取决于对应工具。,例如在“搜索结果”中按对象和时间窗比较这个值；计算前先核对单位与口径。 此指标是否由当前 Kaito 工具返回仍待核对。,,unavailable,,,kaito_search_result,搜索结果,data.metrics.value,kaito-social-spider.kaito_search_result.data.metrics.value,app,field,kaito,kaito-social-spider,kaito-social-spider.kaito_search_result,sha256:f1620ffa32315698b375587fe1c122404db9b82a56c98e66940100518206b35c
Kaito 社交数据,浏览量,衡量指标,保留浏览次数，用于观察内容曝光。,例如用浏览量作曝光参考，再看互动量是否同步增长。 当前工具是否返回此指标仍待核对。,,unavailable,,,kaito_search_result,搜索结果,data.metrics.views,kaito-social-spider.kaito_search_result.data.metrics.views,app,field,kaito,kaito-social-spider,kaito-social-spider.kaito_search_result,sha256:f1620ffa32315698b375587fe1c122404db9b82a56c98e66940100518206b35c
Kaito 社交数据,平台,记录属性,标记内容所在的平台，便于区分来源渠道。,例如先用这个属性筛选可比较的记录，再查看对应的数值或内容。,kaito,transformed_test_fixture,https://github.com/cyberight-cap/fewunderstand/blob/23a854c2a02e6b52e424844648d4026737361caa/spider/kaito-social-spider/tests/fixtures/kaito_p0_raw.json,,kaito_search_result,搜索结果,data.platform,kaito-social-spider.kaito_search_result.data.platform,app,field,kaito,kaito-social-spider,kaito-social-spider.kaito_search_result,sha256:f1620ffa32315698b375587fe1c122404db9b82a56c98e66940100518206b35c
Kaito 社交数据,原始数据,原始或结构数据,保留该 Kaito 记录对应的原始返回行，用于回查未提取的键。,点开返回样本核对内部键，再决定是否需要提取为独立字段。,"{""entity_id"": ""pendle"", ""symbol"": ""PENDLE"", ""author"": ""smart_kol"", ""url"": ""https://x.com/example/status/1"", ""smart_engagement"": 42, ""text"": ""Pendle discussion""}",transformed_test_fixture,https://github.com/cyberight-cap/fewunderstand/blob/23a854c2a02e6b52e424844648d4026737361caa/spider/kaito-social-spider/tests/fixtures/kaito_p0_raw.json,,kaito_search_result,搜索结果,data.raw,kaito-social-spider.kaito_search_result.data.raw,app,field,kaito,kaito-social-spider,kaito-social-spider.kaito_search_result,sha256:f1620ffa32315698b375587fe1c122404db9b82a56c98e66940100518206b35c
Kaito 社交数据,记录类型,来源与溯源,标记转换后的 Kaito 记录类型，便于选择正确的处理规则。,例如排查一条指标的来源或重复记录时，用它回到原始查询和处理链。,kaito_search_result,transformed_test_fixture,https://github.com/cyberight-cap/fewunderstand/blob/23a854c2a02e6b52e424844648d4026737361caa/spider/kaito-social-spider/tests/fixtures/kaito_p0_raw.json,,kaito_search_result,搜索结果,data.record_type,kaito-social-spider.kaito_search_result.data.record_type,v2,field,kaito,kaito-social-spider,kaito-social-spider.kaito_search_result,sha256:f1620ffa32315698b375587fe1c122404db9b82a56c98e66940100518206b35c
Kaito 社交数据,请求信息,原始或结构数据,保存调用 Kaito 工具的请求元信息，用于核对查询条件。,点开返回样本核对内部键，再决定是否需要提取为独立字段。,"{""tool"": ""kaito_advanced_search"", ""params_hash"": ""bb904b4123bc776a"", ""window_start"": null, ""window_end"": null, ""window"": ""24h""}",transformed_test_fixture,https://github.com/cyberight-cap/fewunderstand/blob/23a854c2a02e6b52e424844648d4026737361caa/spider/kaito-social-spider/tests/fixtures/kaito_p0_raw.json,,kaito_search_result,搜索结果,data.request,kaito-social-spider.kaito_search_result.data.request,app,field,kaito,kaito-social-spider,kaito-social-spider.kaito_search_result,sha256:f1620ffa32315698b375587fe1c122404db9b82a56c98e66940100518206b35c
Kaito 社交数据,请求参数摘要,来源与溯源,保存脱敏后的请求参数摘要，用于识别同一次查询条件。,例如排查一条指标的来源或重复记录时，用它回到原始查询和处理链。,bb904b4123bc776a,transformed_test_fixture,https://github.com/cyberight-cap/fewunderstand/blob/23a854c2a02e6b52e424844648d4026737361caa/spider/kaito-social-spider/tests/fixtures/kaito_p0_raw.json,,kaito_search_result,搜索结果,data.request.params_hash,kaito-social-spider.kaito_search_result.data.request.params_hash,app,field,kaito,kaito-social-spider,kaito-social-spider.kaito_search_result,sha256:f1620ffa32315698b375587fe1c122404db9b82a56c98e66940100518206b35c
Kaito 社交数据,请求工具,来源与溯源,指出产生这条记录的 Kaito 工具，用于核对指标口径。,例如排查一条指标的来源或重复记录时，用它回到原始查询和处理链。,kaito_advanced_search,transformed_test_fixture,https://github.com/cyberight-cap/fewunderstand/blob/23a854c2a02e6b52e424844648d4026737361caa/spider/kaito-social-spider/tests/fixtures/kaito_p0_raw.json,,kaito_search_result,搜索结果,data.request.tool,kaito-social-spider.kaito_search_result.data.request.tool,app,field,kaito,kaito-social-spider,kaito-social-spider.kaito_search_result,sha256:f1620ffa32315698b375587fe1c122404db9b82a56c98e66940100518206b35c
Kaito 社交数据,请求时间窗口,来源与溯源,记录请求时使用的时间窗口，用于比较同口径数据。,例如排查一条指标的来源或重复记录时，用它回到原始查询和处理链。,24h,transformed_test_fixture,https://github.com/cyberight-cap/fewunderstand/blob/23a854c2a02e6b52e424844648d4026737361caa/spider/kaito-social-spider/tests/fixtures/kaito_p0_raw.json,,kaito_search_result,搜索结果,data.request.window,kaito-social-spider.kaito_search_result.data.request.window,app,field,kaito,kaito-social-spider,kaito-social-spider.kaito_search_result,sha256:f1620ffa32315698b375587fe1c122404db9b82a56c98e66940100518206b35c
Kaito 社交数据,请求窗口结束,来源与溯源,记录请求窗口的结束时间，用于界定统计区间。,例如排查一条指标的来源或重复记录时，用它回到原始查询和处理链。,,transformed_test_fixture,https://github.com/cyberight-cap/fewunderstand/blob/23a854c2a02e6b52e424844648d4026737361caa/spider/kaito-social-spider/tests/fixtures/kaito_p0_raw.json,,kaito_search_result,搜索结果,data.request.window_end,kaito-social-spider.kaito_search_result.data.request.window_end,app,field,kaito,kaito-social-spider,kaito-social-spider.kaito_search_result,sha256:f1620ffa32315698b375587fe1c122404db9b82a56c98e66940100518206b35c
Kaito 社交数据,请求窗口开始,来源与溯源,记录请求窗口的开始时间，用于界定统计区间。,例如排查一条指标的来源或重复记录时，用它回到原始查询和处理链。,,transformed_test_fixture,https://github.com/cyberight-cap/fewunderstand/blob/23a854c2a02e6b52e424844648d4026737361caa/spider/kaito-social-spider/tests/fixtures/kaito_p0_raw.json,,kaito_search_result,搜索结果,data.request.window_start,kaito-social-spider.kaito_search_result.data.request.window_start,app,field,kaito,kaito-social-spider,kaito-social-spider.kaito_search_result,sha256:f1620ffa32315698b375587fe1c122404db9b82a56c98e66940100518206b35c
Kaito 社交数据,统计窗口,时间定位,保存记录对应的统计窗口，用于避免混合不同时间跨度。,例如按同一时间窗分组，并检查记录是否过时。,24h,transformed_test_fixture,https://github.com/cyberight-cap/fewunderstand/blob/23a854c2a02e6b52e424844648d4026737361caa/spider/kaito-social-spider/tests/fixtures/kaito_p0_raw.json,,kaito_search_result,搜索结果,data.window,kaito-social-spider.kaito_search_result.data.window,app,field,kaito,kaito-social-spider,kaito-social-spider.kaito_search_result,sha256:f1620ffa32315698b375587fe1c122404db9b82a56c98e66940100518206b35c
Kaito 社交数据,处理溯源,来源与溯源,保存处理链路元信息，用于追查记录如何产生。,例如排查一条指标的来源或重复记录时，用它回到原始查询和处理链。,"{""event_id"": ""evt:ad6489c0f7510c23347f3b799c9b9d8b"", ""trace_id"": ""evt:ad6489c0f7510c23347f3b799c9b9d8b"", ""parent_event_ids"": [], ""source_event_id"": null, ""record_type"": ""kaito_search_result"", ""schema_version"": ""pipeline-lineage/v1"", ""producer"": ""kaito-social-spider"", ""processing_stage"": ""ingest"", ""observed_at"": ""2026-07-19T00:00:00Z"", ""processed_at"": ""2026-07-19T00:00:00Z"", ""source_topic"": null, ""source_partition"": null, ""source_offset"": null, ""asset_id"": null}",transformed_test_fixture,https://github.com/cyberight-cap/fewunderstand/blob/23a854c2a02e6b52e424844648d4026737361caa/spider/kaito-social-spider/tests/fixtures/kaito_p0_raw.json,,kaito_search_result,搜索结果,lineage,kaito-social-spider.kaito_search_result.lineage,app,field,kaito,kaito-social-spider,kaito-social-spider.kaito_search_result,sha256:f1620ffa32315698b375587fe1c122404db9b82a56c98e66940100518206b35c
Kaito 社交数据,资产 ID,来源与溯源,保存解析后的内部资产 ID；未完成资产绑定时可能为空。,例如排查一条指标的来源或重复记录时，用它回到原始查询和处理链。,,transformed_test_fixture,https://github.com/cyberight-cap/fewunderstand/blob/23a854c2a02e6b52e424844648d4026737361caa/spider/kaito-social-spider/tests/fixtures/kaito_p0_raw.json,,kaito_search_result,搜索结果,lineage.asset_id,kaito-social-spider.kaito_search_result.lineage.asset_id,app,field,kaito,kaito-social-spider,kaito-social-spider.kaito_search_result,sha256:f1620ffa32315698b375587fe1c122404db9b82a56c98e66940100518206b35c
Kaito 社交数据,事件 ID,来源与溯源,稳定识别这条事件，用于追踪后续计算与结果。,例如排查一条指标的来源或重复记录时，用它回到原始查询和处理链。,evt:ad6489c0f7510c23347f3b799c9b9d8b,transformed_test_fixture,https://github.com/cyberight-cap/fewunderstand/blob/23a854c2a02e6b52e424844648d4026737361caa/spider/kaito-social-spider/tests/fixtures/kaito_p0_raw.json,,kaito_search_result,搜索结果,lineage.event_id,kaito-social-spider.kaito_search_result.lineage.event_id,app,field,kaito,kaito-social-spider,kaito-social-spider.kaito_search_result,sha256:f1620ffa32315698b375587fe1c122404db9b82a56c98e66940100518206b35c
Kaito 社交数据,观察时间,来源与溯源,记录事实被观察的时间，用于确认原始数据时效。,例如排查一条指标的来源或重复记录时，用它回到原始查询和处理链。,2026-07-19T00:00:00Z,transformed_test_fixture,https://github.com/cyberight-cap/fewunderstand/blob/23a854c2a02e6b52e424844648d4026737361caa/spider/kaito-social-spider/tests/fixtures/kaito_p0_raw.json,,kaito_search_result,搜索结果,lineage.observed_at,kaito-social-spider.kaito_search_result.lineage.observed_at,app,field,kaito,kaito-social-spider,kaito-social-spider.kaito_search_result,sha256:f1620ffa32315698b375587fe1c122404db9b82a56c98e66940100518206b35c
Kaito 社交数据,上游事件 ID,来源与溯源,保存上游事件 ID，用于追溯派生结果的输入。,例如排查一条指标的来源或重复记录时，用它回到原始查询和处理链。,[],transformed_test_fixture,https://github.com/cyberight-cap/fewunderstand/blob/23a854c2a02e6b52e424844648d4026737361caa/spider/kaito-social-spider/tests/fixtures/kaito_p0_raw.json,,kaito_search_result,搜索结果,lineage.parent_event_ids,kaito-social-spider.kaito_search_result.lineage.parent_event_ids,app,field,kaito,kaito-social-spider,kaito-social-spider.kaito_search_result,sha256:f1620ffa32315698b375587fe1c122404db9b82a56c98e66940100518206b35c
Kaito 社交数据,处理时间,来源与溯源,记录处理程序生成消息的时间，用于定位处理延迟。,例如排查一条指标的来源或重复记录时，用它回到原始查询和处理链。,2026-07-19T00:00:00Z,transformed_test_fixture,https://github.com/cyberight-cap/fewunderstand/blob/23a854c2a02e6b52e424844648d4026737361caa/spider/kaito-social-spider/tests/fixtures/kaito_p0_raw.json,,kaito_search_result,搜索结果,lineage.processed_at,kaito-social-spider.kaito_search_result.lineage.processed_at,app,field,kaito,kaito-social-spider,kaito-social-spider.kaito_search_result,sha256:f1620ffa32315698b375587fe1c122404db9b82a56c98e66940100518206b35c
Kaito 社交数据,处理阶段,来源与溯源,标记当前处理阶段，用于区分采集与后续加工。,例如排查一条指标的来源或重复记录时，用它回到原始查询和处理链。,ingest,transformed_test_fixture,https://github.com/cyberight-cap/fewunderstand/blob/23a854c2a02e6b52e424844648d4026737361caa/spider/kaito-social-spider/tests/fixtures/kaito_p0_raw.json,,kaito_search_result,搜索结果,lineage.processing_stage,kaito-social-spider.kaito_search_result.lineage.processing_stage,app,field,kaito,kaito-social-spider,kaito-social-spider.kaito_search_result,sha256:f1620ffa32315698b375587fe1c122404db9b82a56c98e66940100518206b35c
Kaito 社交数据,生产程序,来源与溯源,标记生成这条消息的程序，用于核对生产来源。,例如排查一条指标的来源或重复记录时，用它回到原始查询和处理链。,kaito-social-spider,transformed_test_fixture,https://github.com/cyberight-cap/fewunderstand/blob/23a854c2a02e6b52e424844648d4026737361caa/spider/kaito-social-spider/tests/fixtures/kaito_p0_raw.json,,kaito_search_result,搜索结果,lineage.producer,kaito-social-spider.kaito_search_result.lineage.producer,app,field,kaito,kaito-social-spider,kaito-social-spider.kaito_search_result,sha256:f1620ffa32315698b375587fe1c122404db9b82a56c98e66940100518206b35c
Kaito 社交数据,溯源记录类型,来源与溯源,标记溯源信封里的记录类型，用于验证处理链路。,例如排查一条指标的来源或重复记录时，用它回到原始查询和处理链。,kaito_search_result,transformed_test_fixture,https://github.com/cyberight-cap/fewunderstand/blob/23a854c2a02e6b52e424844648d4026737361caa/spider/kaito-social-spider/tests/fixtures/kaito_p0_raw.json,,kaito_search_result,搜索结果,lineage.record_type,kaito-social-spider.kaito_search_result.lineage.record_type,app,field,kaito,kaito-social-spider,kaito-social-spider.kaito_search_result,sha256:f1620ffa32315698b375587fe1c122404db9b82a56c98e66940100518206b35c
Kaito 社交数据,结构版本,来源与溯源,标记消息结构版本，用于兼容不同版本的处理代码。,例如排查一条指标的来源或重复记录时，用它回到原始查询和处理链。,pipeline-lineage/v1,transformed_test_fixture,https://github.com/cyberight-cap/fewunderstand/blob/23a854c2a02e6b52e424844648d4026737361caa/spider/kaito-social-spider/tests/fixtures/kaito_p0_raw.json,,kaito_search_result,搜索结果,lineage.schema_version,kaito-social-spider.kaito_search_result.lineage.schema_version,app,field,kaito,kaito-social-spider,kaito-social-spider.kaito_search_result,sha256:f1620ffa32315698b375587fe1c122404db9b82a56c98e66940100518206b35c
Kaito 社交数据,来源事件 ID,来源与溯源,保存来源系统的事件 ID，用于跨系统回查。,例如排查一条指标的来源或重复记录时，用它回到原始查询和处理链。,,transformed_test_fixture,https://github.com/cyberight-cap/fewunderstand/blob/23a854c2a02e6b52e424844648d4026737361caa/spider/kaito-social-spider/tests/fixtures/kaito_p0_raw.json,,kaito_search_result,搜索结果,lineage.source_event_id,kaito-social-spider.kaito_search_result.lineage.source_event_id,app,field,kaito,kaito-social-spider,kaito-social-spider.kaito_search_result,sha256:f1620ffa32315698b375587fe1c122404db9b82a56c98e66940100518206b35c
Kaito 社交数据,来源偏移量,来源与溯源,保存来源消息偏移量，用于定位消息流位置。,例如排查一条指标的来源或重复记录时，用它回到原始查询和处理链。,,transformed_test_fixture,https://github.com/cyberight-cap/fewunderstand/blob/23a854c2a02e6b52e424844648d4026737361caa/spider/kaito-social-spider/tests/fixtures/kaito_p0_raw.json,,kaito_search_result,搜索结果,lineage.source_offset,kaito-social-spider.kaito_search_result.lineage.source_offset,app,field,kaito,kaito-social-spider,kaito-social-spider.kaito_search_result,sha256:f1620ffa32315698b375587fe1c122404db9b82a56c98e66940100518206b35c
Kaito 社交数据,来源分区,来源与溯源,保存来源消息分区，用于定位消息流位置。,例如排查一条指标的来源或重复记录时，用它回到原始查询和处理链。,,transformed_test_fixture,https://github.com/cyberight-cap/fewunderstand/blob/23a854c2a02e6b52e424844648d4026737361caa/spider/kaito-social-spider/tests/fixtures/kaito_p0_raw.json,,kaito_search_result,搜索结果,lineage.source_partition,kaito-social-spider.kaito_search_result.lineage.source_partition,app,field,kaito,kaito-social-spider,kaito-social-spider.kaito_search_result,sha256:f1620ffa32315698b375587fe1c122404db9b82a56c98e66940100518206b35c
Kaito 社交数据,来源主题,来源与溯源,保存来源主题名称，用于定位消息流位置。,例如排查一条指标的来源或重复记录时，用它回到原始查询和处理链。,,transformed_test_fixture,https://github.com/cyberight-cap/fewunderstand/blob/23a854c2a02e6b52e424844648d4026737361caa/spider/kaito-social-spider/tests/fixtures/kaito_p0_raw.json,,kaito_search_result,搜索结果,lineage.source_topic,kaito-social-spider.kaito_search_result.lineage.source_topic,app,field,kaito,kaito-social-spider,kaito-social-spider.kaito_search_result,sha256:f1620ffa32315698b375587fe1c122404db9b82a56c98e66940100518206b35c
Kaito 社交数据,追踪 ID,来源与溯源,关联同一处理链路上的事件，用于端到端追踪。,例如排查一条指标的来源或重复记录时，用它回到原始查询和处理链。,evt:ad6489c0f7510c23347f3b799c9b9d8b,transformed_test_fixture,https://github.com/cyberight-cap/fewunderstand/blob/23a854c2a02e6b52e424844648d4026737361caa/spider/kaito-social-spider/tests/fixtures/kaito_p0_raw.json,,kaito_search_result,搜索结果,lineage.trace_id,kaito-social-spider.kaito_search_result.lineage.trace_id,app,field,kaito,kaito-social-spider,kaito-social-spider.kaito_search_result,sha256:f1620ffa32315698b375587fe1c122404db9b82a56c98e66940100518206b35c
Kaito 社交数据,原始文本,内容理解,保留内容的原始文本，用于回查清洗前的信息。,例如筛选与目标项目相关的内容，再点回原文人工核查。,Pendle discussion,transformed_test_fixture,https://github.com/cyberight-cap/fewunderstand/blob/23a854c2a02e6b52e424844648d4026737361caa/spider/kaito-social-spider/tests/fixtures/kaito_p0_raw.json,,kaito_search_result,搜索结果,raw_text,kaito-social-spider.kaito_search_result.raw_text,app,field,kaito,kaito-social-spider,kaito-social-spider.kaito_search_result,sha256:f1620ffa32315698b375587fe1c122404db9b82a56c98e66940100518206b35c
Kaito 社交数据,来源,来源与溯源,标记这条记录的来源，用于筛选和核对数据出处。,例如排查一条指标的来源或重复记录时，用它回到原始查询和处理链。,kaito,transformed_test_fixture,https://github.com/cyberight-cap/fewunderstand/blob/23a854c2a02e6b52e424844648d4026737361caa/spider/kaito-social-spider/tests/fixtures/kaito_p0_raw.json,,kaito_search_result,搜索结果,source,kaito-social-spider.kaito_search_result.source,app,field,kaito,kaito-social-spider,kaito-social-spider.kaito_search_result,sha256:f1620ffa32315698b375587fe1c122404db9b82a56c98e66940100518206b35c
Kaito 社交数据,正文,内容理解,保存消息或帖子的正文，用于关键词、主题和事件分析。,例如查找项目名或事件关键词，并结合消息时间和来源做人工核对。,Pendle discussion,transformed_test_fixture,https://github.com/cyberight-cap/fewunderstand/blob/23a854c2a02e6b52e424844648d4026737361caa/spider/kaito-social-spider/tests/fixtures/kaito_p0_raw.json,,kaito_search_result,搜索结果,text,kaito-social-spider.kaito_search_result.text,app,field,kaito,kaito-social-spider,kaito-social-spider.kaito_search_result,sha256:f1620ffa32315698b375587fe1c122404db9b82a56c98e66940100518206b35c
Kaito 社交数据,记录时间,时间定位,记录该数据对应的时间点，用于排序或时间窗聚合。,例如按同一时间窗分组，并检查记录是否过时。,2026-07-19T00:00:00Z,transformed_test_fixture,https://github.com/cyberight-cap/fewunderstand/blob/23a854c2a02e6b52e424844648d4026737361caa/spider/kaito-social-spider/tests/fixtures/kaito_p0_raw.json,,kaito_search_result,搜索结果,timestamp,kaito-social-spider.kaito_search_result.timestamp,app,field,kaito,kaito-social-spider,kaito-social-spider.kaito_search_result,sha256:f1620ffa32315698b375587fe1c122404db9b82a56c98e66940100518206b35c
Kaito 社交数据,标题,内容理解,保存内容标题，用于快速判断主题。,例如先用标题筛选相关内容，再用正文或原文链接验证。,,unavailable,,,kaito_search_result,搜索结果,title,kaito-social-spider.kaito_search_result.title,app,field,kaito,kaito-social-spider,kaito-social-spider.kaito_search_result,sha256:f1620ffa32315698b375587fe1c122404db9b82a56c98e66940100518206b35c
Kaito 社交数据,链接地址,对象识别,保存内容原文地址，用于回查和去重。,例如把同一对象在不同时间的记录对齐，再比较指标变化。,https://x.com/example/status/1,transformed_test_fixture,https://github.com/cyberight-cap/fewunderstand/blob/23a854c2a02e6b52e424844648d4026737361caa/spider/kaito-social-spider/tests/fixtures/kaito_p0_raw.json,,kaito_search_result,搜索结果,url,kaito-social-spider.kaito_search_result.url,app,field,kaito,kaito-social-spider,kaito-social-spider.kaito_search_result,sha256:f1620ffa32315698b375587fe1c122404db9b82a56c98e66940100518206b35c
Kaito 社交数据,高关注度粉丝快照,记录类型,这类记录包含下列可展开的字段定义。,先选择记录类型，再查看字段用途与返回样本。,,unavailable,,,kaito_smart_followers_snapshot,高关注度粉丝快照,kaito_smart_followers_snapshot,kaito-social-spider.kaito_smart_followers_snapshot,app,record_type,kaito,kaito-social-spider,kaito-social-spider.kaito_smart_followers_snapshot,sha256:f1620ffa32315698b375587fe1c122404db9b82a56c98e66940100518206b35c
Kaito 社交数据,作者,内容理解,指出内容的作者，便于按发布者汇总或回到原帖。,例如筛选与目标项目相关的内容，再点回原文人工核查。,smart_kol,transformed_test_fixture,https://github.com/cyberight-cap/fewunderstand/blob/23a854c2a02e6b52e424844648d4026737361caa/spider/kaito-social-spider/tests/fixtures/kaito_p0_raw.json,,kaito_smart_followers_snapshot,高关注度粉丝快照,author,kaito-social-spider.kaito_smart_followers_snapshot.author,app,field,kaito,kaito-social-spider,kaito-social-spider.kaito_smart_followers_snapshot,sha256:f1620ffa32315698b375587fe1c122404db9b82a56c98e66940100518206b35c
Kaito 社交数据,数据对象,原始或结构数据,装载这一类记录的主要业务数据；应继续展开具体子字段。,点开返回样本核对内部键，再决定是否需要提取为独立字段。,"{""platform"": ""kaito"", ""content_type"": ""social_intelligence"", ""record_type"": ""kaito_smart_followers_snapshot"", ""entity"": {""kaito_id"": null, ""symbol"": null, ""name"": null, ""coingecko_slug"": null}, ""window"": null, ""metrics"": {""smart_followers"": 123}, ""request"": {""tool"": ""kaito_smart_followers"", ""params_hash"": ""3a0b9442a1a5e7d2"", ""window_start"": null, ""window_end"": null}, ""raw"": {""username"": ""smart_kol"", ""smart_followers"": 123}}",transformed_test_fixture,https://github.com/cyberight-cap/fewunderstand/blob/23a854c2a02e6b52e424844648d4026737361caa/spider/kaito-social-spider/tests/fixtures/kaito_p0_raw.json,,kaito_smart_followers_snapshot,高关注度粉丝快照,data,kaito-social-spider.kaito_smart_followers_snapshot.data,app,field,kaito,kaito-social-spider,kaito-social-spider.kaito_smart_followers_snapshot,sha256:f1620ffa32315698b375587fe1c122404db9b82a56c98e66940100518206b35c
Kaito 社交数据,内容类型,记录属性,说明 Kaito 记录的内容类别，便于区分不同内容。,例如先用这个属性筛选可比较的记录，再查看对应的数值或内容。,social_intelligence,transformed_test_fixture,https://github.com/cyberight-cap/fewunderstand/blob/23a854c2a02e6b52e424844648d4026737361caa/spider/kaito-social-spider/tests/fixtures/kaito_p0_raw.json,,kaito_smart_followers_snapshot,高关注度粉丝快照,data.content_type,kaito-social-spider.kaito_smart_followers_snapshot.data.content_type,app,field,kaito,kaito-social-spider,kaito-social-spider.kaito_smart_followers_snapshot,sha256:f1620ffa32315698b375587fe1c122404db9b82a56c98e66940100518206b35c
Kaito 社交数据,对象信息,原始或结构数据,保存被分析对象的身份信息，用于关联同一项目或资产。,点开返回样本核对内部键，再决定是否需要提取为独立字段。,"{""kaito_id"": null, ""symbol"": null, ""name"": null, ""coingecko_slug"": null}",transformed_test_fixture,https://github.com/cyberight-cap/fewunderstand/blob/23a854c2a02e6b52e424844648d4026737361caa/spider/kaito-social-spider/tests/fixtures/kaito_p0_raw.json,,kaito_smart_followers_snapshot,高关注度粉丝快照,data.entity,kaito-social-spider.kaito_smart_followers_snapshot.data.entity,app,field,kaito,kaito-social-spider,kaito-social-spider.kaito_smart_followers_snapshot,sha256:f1620ffa32315698b375587fe1c122404db9b82a56c98e66940100518206b35c
Kaito 社交数据,CoinGecko 标识,对象识别,保存 CoinGecko 的对象标识，便于跨来源对齐同一资产。,例如把同一对象在不同时间的记录对齐，再比较指标变化。,,transformed_test_fixture,https://github.com/cyberight-cap/fewunderstand/blob/23a854c2a02e6b52e424844648d4026737361caa/spider/kaito-social-spider/tests/fixtures/kaito_p0_raw.json,,kaito_smart_followers_snapshot,高关注度粉丝快照,data.entity.coingecko_slug,kaito-social-spider.kaito_smart_followers_snapshot.data.entity.coingecko_slug,app,field,kaito,kaito-social-spider,kaito-social-spider.kaito_smart_followers_snapshot,sha256:f1620ffa32315698b375587fe1c122404db9b82a56c98e66940100518206b35c
Kaito 社交数据,Kaito ID,对象识别,保存 Kaito 的对象标识，便于合并同一对象的多条记录。,例如把同一对象在不同时间的记录对齐，再比较指标变化。,,transformed_test_fixture,https://github.com/cyberight-cap/fewunderstand/blob/23a854c2a02e6b52e424844648d4026737361caa/spider/kaito-social-spider/tests/fixtures/kaito_p0_raw.json,,kaito_smart_followers_snapshot,高关注度粉丝快照,data.entity.kaito_id,kaito-social-spider.kaito_smart_followers_snapshot.data.entity.kaito_id,app,field,kaito,kaito-social-spider,kaito-social-spider.kaito_smart_followers_snapshot,sha256:f1620ffa32315698b375587fe1c122404db9b82a56c98e66940100518206b35c
Kaito 社交数据,对象名称,对象识别,显示被分析对象的名称，便于人工核对。,例如把同一对象在不同时间的记录对齐，再比较指标变化。,,transformed_test_fixture,https://github.com/cyberight-cap/fewunderstand/blob/23a854c2a02e6b52e424844648d4026737361caa/spider/kaito-social-spider/tests/fixtures/kaito_p0_raw.json,,kaito_smart_followers_snapshot,高关注度粉丝快照,data.entity.name,kaito-social-spider.kaito_smart_followers_snapshot.data.entity.name,app,field,kaito,kaito-social-spider,kaito-social-spider.kaito_smart_followers_snapshot,sha256:f1620ffa32315698b375587fe1c122404db9b82a56c98e66940100518206b35c
Kaito 社交数据,资产代码,对象识别,保存对象的资产代码，便于与市场数据匹配；同名代码仍需核验。,例如把同一对象在不同时间的记录对齐，再比较指标变化。,,transformed_test_fixture,https://github.com/cyberight-cap/fewunderstand/blob/23a854c2a02e6b52e424844648d4026737361caa/spider/kaito-social-spider/tests/fixtures/kaito_p0_raw.json,,kaito_smart_followers_snapshot,高关注度粉丝快照,data.entity.symbol,kaito-social-spider.kaito_smart_followers_snapshot.data.entity.symbol,v2,field,kaito,kaito-social-spider,kaito-social-spider.kaito_smart_followers_snapshot,sha256:f1620ffa32315698b375587fe1c122404db9b82a56c98e66940100518206b35c
Kaito 社交数据,指标集合,原始或结构数据,装载 Kaito 返回行中提取出的指标；具体有哪些键取决于工具返回。,点开返回样本核对内部键，再决定是否需要提取为独立字段。,"{""smart_followers"": 123}",transformed_test_fixture,https://github.com/cyberight-cap/fewunderstand/blob/23a854c2a02e6b52e424844648d4026737361caa/spider/kaito-social-spider/tests/fixtures/kaito_p0_raw.json,,kaito_smart_followers_snapshot,高关注度粉丝快照,data.metrics,kaito-social-spider.kaito_smart_followers_snapshot.data.metrics,app,field,kaito,kaito-social-spider,kaito-social-spider.kaito_smart_followers_snapshot,sha256:f1620ffa32315698b375587fe1c122404db9b82a56c98e66940100518206b35c
Kaito 社交数据,看跌指标,衡量指标,保留返回行中的看跌指标；分值口径需由对应工具确认。,例如在“高关注度粉丝快照”中按对象和时间窗比较这个值；计算前先核对单位与口径。 此指标是否由当前 Kaito 工具返回仍待核对。,,unavailable,,,kaito_smart_followers_snapshot,高关注度粉丝快照,data.metrics.bearish,kaito-social-spider.kaito_smart_followers_snapshot.data.metrics.bearish,app,field,kaito,kaito-social-spider,kaito-social-spider.kaito_smart_followers_snapshot,sha256:f1620ffa32315698b375587fe1c122404db9b82a56c98e66940100518206b35c
Kaito 社交数据,看涨指标,衡量指标,保留返回行中的看涨指标；分值口径需由对应工具确认。,例如在“高关注度粉丝快照”中按对象和时间窗比较这个值；计算前先核对单位与口径。 此指标是否由当前 Kaito 工具返回仍待核对。,,unavailable,,,kaito_smart_followers_snapshot,高关注度粉丝快照,data.metrics.bullish,kaito-social-spider.kaito_smart_followers_snapshot.data.metrics.bullish,app,field,kaito,kaito-social-spider,kaito-social-spider.kaito_smart_followers_snapshot,sha256:f1620ffa32315698b375587fe1c122404db9b82a56c98e66940100518206b35c
Kaito 社交数据,变化量,衡量指标,保留返回行中的变化值；比较前需确认变化的基准。,例如在“高关注度粉丝快照”中按对象和时间窗比较这个值；计算前先核对单位与口径。 此指标是否由当前 Kaito 工具返回仍待核对。,,unavailable,,,kaito_smart_followers_snapshot,高关注度粉丝快照,data.metrics.change,kaito-social-spider.kaito_smart_followers_snapshot.data.metrics.change,app,field,kaito,kaito-social-spider,kaito-social-spider.kaito_smart_followers_snapshot,sha256:f1620ffa32315698b375587fe1c122404db9b82a56c98e66940100518206b35c
Kaito 社交数据,当前关注份额,衡量指标,保留当前关注份额；分母和时间窗需由对应工具确认。,例如在“高关注度粉丝快照”中按对象和时间窗比较这个值；计算前先核对单位与口径。 此指标是否由当前 Kaito 工具返回仍待核对。,,unavailable,,,kaito_smart_followers_snapshot,高关注度粉丝快照,data.metrics.current_mindshare,kaito-social-spider.kaito_smart_followers_snapshot.data.metrics.current_mindshare,app,field,kaito,kaito-social-spider,kaito-social-spider.kaito_smart_followers_snapshot,sha256:f1620ffa32315698b375587fe1c122404db9b82a56c98e66940100518206b35c
Kaito 社交数据,变化值,衡量指标,保留相对上一窗口的变化值；比较前需确认方向和单位。,例如在“高关注度粉丝快照”中按对象和时间窗比较这个值；计算前先核对单位与口径。 此指标是否由当前 Kaito 工具返回仍待核对。,,unavailable,,,kaito_smart_followers_snapshot,高关注度粉丝快照,data.metrics.delta,kaito-social-spider.kaito_smart_followers_snapshot.data.metrics.delta,app,field,kaito,kaito-social-spider,kaito-social-spider.kaito_smart_followers_snapshot,sha256:f1620ffa32315698b375587fe1c122404db9b82a56c98e66940100518206b35c
Kaito 社交数据,绝对变化值,衡量指标,保留绝对变化值；不要与百分比变化混用。,例如在“高关注度粉丝快照”中按对象和时间窗比较这个值；计算前先核对单位与口径。 此指标是否由当前 Kaito 工具返回仍待核对。,,unavailable,,,kaito_smart_followers_snapshot,高关注度粉丝快照,data.metrics.delta_abs,kaito-social-spider.kaito_smart_followers_snapshot.data.metrics.delta_abs,app,field,kaito,kaito-social-spider,kaito-social-spider.kaito_smart_followers_snapshot,sha256:f1620ffa32315698b375587fe1c122404db9b82a56c98e66940100518206b35c
Kaito 社交数据,变化百分比,衡量指标,保留百分比变化；需要核对上游使用的是小数还是百分数。,例如在“高关注度粉丝快照”中按对象和时间窗比较这个值；计算前先核对单位与口径。 此指标是否由当前 Kaito 工具返回仍待核对。,,unavailable,,,kaito_smart_followers_snapshot,高关注度粉丝快照,data.metrics.delta_pct,kaito-social-spider.kaito_smart_followers_snapshot.data.metrics.delta_pct,app,field,kaito,kaito-social-spider,kaito-social-spider.kaito_smart_followers_snapshot,sha256:f1620ffa32315698b375587fe1c122404db9b82a56c98e66940100518206b35c
Kaito 社交数据,变化方向,记录属性,标记变化属于上升或下降等方向，用于区分增减。,例如先用这个属性筛选可比较的记录，再查看对应的数值或内容。 此指标是否由当前 Kaito 工具返回仍待核对。,,unavailable,,,kaito_smart_followers_snapshot,高关注度粉丝快照,data.metrics.direction,kaito-social-spider.kaito_smart_followers_snapshot.data.metrics.direction,app,field,kaito,kaito-social-spider,kaito-social-spider.kaito_smart_followers_snapshot,sha256:f1620ffa32315698b375587fe1c122404db9b82a56c98e66940100518206b35c
Kaito 社交数据,互动量,衡量指标,保留返回行的互动量；需核对包含哪些互动行为。,例如统计同一对象在一个窗口内的互动量变化，再对照提及量判断热度来源。 当前工具是否返回此指标仍待核对。,,unavailable,,,kaito_smart_followers_snapshot,高关注度粉丝快照,data.metrics.engagement,kaito-social-spider.kaito_smart_followers_snapshot.data.metrics.engagement,app,field,kaito,kaito-social-spider,kaito-social-spider.kaito_smart_followers_snapshot,sha256:f1620ffa32315698b375587fe1c122404db9b82a56c98e66940100518206b35c
Kaito 社交数据,粉丝数,衡量指标,保留返回行的粉丝数量；需核对统计对象。,例如在“高关注度粉丝快照”中按对象和时间窗比较这个值；计算前先核对单位与口径。 此指标是否由当前 Kaito 工具返回仍待核对。,,unavailable,,,kaito_smart_followers_snapshot,高关注度粉丝快照,data.metrics.followers,kaito-social-spider.kaito_smart_followers_snapshot.data.metrics.followers,app,field,kaito,kaito-social-spider,kaito-social-spider.kaito_smart_followers_snapshot,sha256:f1620ffa32315698b375587fe1c122404db9b82a56c98e66940100518206b35c
Kaito 社交数据,点赞数,衡量指标,保留点赞次数，用于观察内容互动。,例如比较同一批帖子中的点赞分布，识别由少数爆款带来的热度。 当前工具是否返回此指标仍待核对。,,unavailable,,,kaito_smart_followers_snapshot,高关注度粉丝快照,data.metrics.likes,kaito-social-spider.kaito_smart_followers_snapshot.data.metrics.likes,app,field,kaito,kaito-social-spider,kaito-social-spider.kaito_smart_followers_snapshot,sha256:f1620ffa32315698b375587fe1c122404db9b82a56c98e66940100518206b35c
Kaito 社交数据,提及次数,衡量指标,保留提及次数，用于观察讨论量。,例如按天计算项目提及次数，并与过去一周的基线比较。 当前工具是否返回此指标仍待核对。,,unavailable,,,kaito_smart_followers_snapshot,高关注度粉丝快照,data.metrics.mention_count,kaito-social-spider.kaito_smart_followers_snapshot.data.metrics.mention_count,app,field,kaito,kaito-social-spider,kaito-social-spider.kaito_smart_followers_snapshot,sha256:f1620ffa32315698b375587fe1c122404db9b82a56c98e66940100518206b35c
Kaito 社交数据,提及量,衡量指标,保留提及量，用于观察讨论量。,例如按天观察项目被提及的频率，检查增长是否持续。 当前工具是否返回此指标仍待核对。,,unavailable,,,kaito_smart_followers_snapshot,高关注度粉丝快照,data.metrics.mentions,kaito-social-spider.kaito_smart_followers_snapshot.data.metrics.mentions,app,field,kaito,kaito-social-spider,kaito-social-spider.kaito_smart_followers_snapshot,sha256:f1620ffa32315698b375587fe1c122404db9b82a56c98e66940100518206b35c
Kaito 社交数据,提及次数,衡量指标,保留提及次数，用于观察讨论量。,例如按天观察项目被提及的频率，检查增长是否持续。 当前工具是否返回此指标仍待核对。,,unavailable,,,kaito_smart_followers_snapshot,高关注度粉丝快照,data.metrics.mentions_count,kaito-social-spider.kaito_smart_followers_snapshot.data.metrics.mentions_count,app,field,kaito,kaito-social-spider,kaito-social-spider.kaito_smart_followers_snapshot,sha256:f1620ffa32315698b375587fe1c122404db9b82a56c98e66940100518206b35c
Kaito 社交数据,关注份额,衡量指标,保留关注份额；比较前需确认分母、时间窗和来源范围。,例如比较同一来源、同一窗口的关注份额变化，检查项目讨论占比是否持续上升。 当前工具是否返回此指标仍待核对。,,unavailable,,,kaito_smart_followers_snapshot,高关注度粉丝快照,data.metrics.mindshare,kaito-social-spider.kaito_smart_followers_snapshot.data.metrics.mindshare,app,field,kaito,kaito-social-spider,kaito-social-spider.kaito_smart_followers_snapshot,sha256:f1620ffa32315698b375587fe1c122404db9b82a56c98e66940100518206b35c
Kaito 社交数据,当前关注份额,衡量指标,保留当前关注份额；比较前需确认分母和时间窗。,例如在“高关注度粉丝快照”中按对象和时间窗比较这个值；计算前先核对单位与口径。 此指标是否由当前 Kaito 工具返回仍待核对。,,unavailable,,,kaito_smart_followers_snapshot,高关注度粉丝快照,data.metrics.mindshare_current,kaito-social-spider.kaito_smart_followers_snapshot.data.metrics.mindshare_current,app,field,kaito,kaito-social-spider,kaito-social-spider.kaito_smart_followers_snapshot,sha256:f1620ffa32315698b375587fe1c122404db9b82a56c98e66940100518206b35c
Kaito 社交数据,关注份额变化,衡量指标,保留关注份额变化；需与相同口径的前期值比较。,例如筛选关注份额上升最快的项目，再检查绝对讨论量，避免小基数误导。 当前工具是否返回此指标仍待核对。,,unavailable,,,kaito_smart_followers_snapshot,高关注度粉丝快照,data.metrics.mindshare_delta,kaito-social-spider.kaito_smart_followers_snapshot.data.metrics.mindshare_delta,app,field,kaito,kaito-social-spider,kaito-social-spider.kaito_smart_followers_snapshot,sha256:f1620ffa32315698b375587fe1c122404db9b82a56c98e66940100518206b35c
Kaito 社交数据,上期排名,衡量指标,保留上一统计窗口的名次，用于计算排名变化。,例如在“高关注度粉丝快照”中按对象和时间窗比较这个值；计算前先核对单位与口径。 此指标是否由当前 Kaito 工具返回仍待核对。,,unavailable,,,kaito_smart_followers_snapshot,高关注度粉丝快照,data.metrics.previous_rank,kaito-social-spider.kaito_smart_followers_snapshot.data.metrics.previous_rank,app,field,kaito,kaito-social-spider,kaito-social-spider.kaito_smart_followers_snapshot,sha256:f1620ffa32315698b375587fe1c122404db9b82a56c98e66940100518206b35c
Kaito 社交数据,引用数,衡量指标,保留引用转发次数，用于观察内容传播。,例如在“高关注度粉丝快照”中按对象和时间窗比较这个值；计算前先核对单位与口径。 此指标是否由当前 Kaito 工具返回仍待核对。,,unavailable,,,kaito_smart_followers_snapshot,高关注度粉丝快照,data.metrics.quotes,kaito-social-spider.kaito_smart_followers_snapshot.data.metrics.quotes,app,field,kaito,kaito-social-spider,kaito-social-spider.kaito_smart_followers_snapshot,sha256:f1620ffa32315698b375587fe1c122404db9b82a56c98e66940100518206b35c
Kaito 社交数据,排名,衡量指标,保留当前名次，用于查看对象在同口径榜单中的位置。,例如追踪同一榜单中名次的连续变化，而不是只看单次排名。 当前工具是否返回此指标仍待核对。,,unavailable,,,kaito_smart_followers_snapshot,高关注度粉丝快照,data.metrics.rank,kaito-social-spider.kaito_smart_followers_snapshot.data.metrics.rank,app,field,kaito,kaito-social-spider,kaito-social-spider.kaito_smart_followers_snapshot,sha256:f1620ffa32315698b375587fe1c122404db9b82a56c98e66940100518206b35c
Kaito 社交数据,排名变化,衡量指标,保留名次变化；需要确认正负号代表的方向。,例如在“高关注度粉丝快照”中按对象和时间窗比较这个值；计算前先核对单位与口径。 此指标是否由当前 Kaito 工具返回仍待核对。,,unavailable,,,kaito_smart_followers_snapshot,高关注度粉丝快照,data.metrics.rank_change,kaito-social-spider.kaito_smart_followers_snapshot.data.metrics.rank_change,app,field,kaito,kaito-social-spider,kaito-social-spider.kaito_smart_followers_snapshot,sha256:f1620ffa32315698b375587fe1c122404db9b82a56c98e66940100518206b35c
Kaito 社交数据,回复数,衡量指标,保留回复次数，用于观察讨论参与。,例如在“高关注度粉丝快照”中按对象和时间窗比较这个值；计算前先核对单位与口径。 此指标是否由当前 Kaito 工具返回仍待核对。,,unavailable,,,kaito_smart_followers_snapshot,高关注度粉丝快照,data.metrics.replies,kaito-social-spider.kaito_smart_followers_snapshot.data.metrics.replies,app,field,kaito,kaito-social-spider,kaito-social-spider.kaito_smart_followers_snapshot,sha256:f1620ffa32315698b375587fe1c122404db9b82a56c98e66940100518206b35c
Kaito 社交数据,转发数,衡量指标,保留转发次数，用于观察内容传播。,例如在“高关注度粉丝快照”中按对象和时间窗比较这个值；计算前先核对单位与口径。 此指标是否由当前 Kaito 工具返回仍待核对。,,unavailable,,,kaito_smart_followers_snapshot,高关注度粉丝快照,data.metrics.retweets,kaito-social-spider.kaito_smart_followers_snapshot.data.metrics.retweets,app,field,kaito,kaito-social-spider,kaito-social-spider.kaito_smart_followers_snapshot,sha256:f1620ffa32315698b375587fe1c122404db9b82a56c98e66940100518206b35c
Kaito 社交数据,评分,衡量指标,保留工具返回的评分；不同工具的评分不能直接混算。,例如在“高关注度粉丝快照”中按对象和时间窗比较这个值；计算前先核对单位与口径。 此指标是否由当前 Kaito 工具返回仍待核对。,,unavailable,,,kaito_smart_followers_snapshot,高关注度粉丝快照,data.metrics.score,kaito-social-spider.kaito_smart_followers_snapshot.data.metrics.score,app,field,kaito,kaito-social-spider,kaito-social-spider.kaito_smart_followers_snapshot,sha256:f1620ffa32315698b375587fe1c122404db9b82a56c98e66940100518206b35c
Kaito 社交数据,情绪,衡量指标,保留情绪指标；量纲和正负含义需由对应工具确认。,例如把情绪变化与同一窗口的提及量一起看，避免少量帖子主导判断。 当前工具是否返回此指标仍待核对。,,unavailable,,,kaito_smart_followers_snapshot,高关注度粉丝快照,data.metrics.sentiment,kaito-social-spider.kaito_smart_followers_snapshot.data.metrics.sentiment,app,field,kaito,kaito-social-spider,kaito-social-spider.kaito_smart_followers_snapshot,sha256:f1620ffa32315698b375587fe1c122404db9b82a56c98e66940100518206b35c
Kaito 社交数据,情绪评分,衡量指标,保留情绪评分；与讨论量一起看更能判断可靠性。,例如把情绪评分与同一窗口的提及量一起看，避免少量帖子主导判断。 当前工具是否返回此指标仍待核对。,,unavailable,,,kaito_smart_followers_snapshot,高关注度粉丝快照,data.metrics.sentiment_score,kaito-social-spider.kaito_smart_followers_snapshot.data.metrics.sentiment_score,app,field,kaito,kaito-social-spider,kaito-social-spider.kaito_smart_followers_snapshot,sha256:f1620ffa32315698b375587fe1c122404db9b82a56c98e66940100518206b35c
Kaito 社交数据,高关注度账号互动量,衡量指标,保留高关注度账号的互动量；账号认定口径需核对。,例如观察高关注度账号的互动是否先于整体互动增加，作为待验证的早期关注线索。 当前工具是否返回此指标仍待核对。,,unavailable,,,kaito_smart_followers_snapshot,高关注度粉丝快照,data.metrics.smart_engagement,kaito-social-spider.kaito_smart_followers_snapshot.data.metrics.smart_engagement,app,field,kaito,kaito-social-spider,kaito-social-spider.kaito_smart_followers_snapshot,sha256:f1620ffa32315698b375587fe1c122404db9b82a56c98e66940100518206b35c
Kaito 社交数据,高关注度账号互动占比,衡量指标,保留高关注度账号互动占比；需核对分母。,例如在“高关注度粉丝快照”中按对象和时间窗比较这个值；计算前先核对单位与口径。 此指标是否由当前 Kaito 工具返回仍待核对。,,unavailable,,,kaito_smart_followers_snapshot,高关注度粉丝快照,data.metrics.smart_engagement_ratio,kaito-social-spider.kaito_smart_followers_snapshot.data.metrics.smart_engagement_ratio,app,field,kaito,kaito-social-spider,kaito-social-spider.kaito_smart_followers_snapshot,sha256:f1620ffa32315698b375587fe1c122404db9b82a56c98e66940100518206b35c
Kaito 社交数据,高关注度粉丝数,衡量指标,保留高关注度粉丝数；账号认定口径需核对。,例如比较同一账号连续两次的高关注度粉丝数，检查是否出现异常增长。 当前工具是否返回此指标仍待核对。,123,transformed_test_fixture,https://github.com/cyberight-cap/fewunderstand/blob/23a854c2a02e6b52e424844648d4026737361caa/spider/kaito-social-spider/tests/fixtures/kaito_p0_raw.json,,kaito_smart_followers_snapshot,高关注度粉丝快照,data.metrics.smart_followers,kaito-social-spider.kaito_smart_followers_snapshot.data.metrics.smart_followers,app,field,kaito,kaito-social-spider,kaito-social-spider.kaito_smart_followers_snapshot,sha256:f1620ffa32315698b375587fe1c122404db9b82a56c98e66940100518206b35c
Kaito 社交数据,指标时间,时间定位,标记指标对应的时间点，用于组成时间序列。,例如按同一时间窗分组，并检查记录是否过时。 此指标是否由当前 Kaito 工具返回仍待核对。,,unavailable,,,kaito_smart_followers_snapshot,高关注度粉丝快照,data.metrics.timestamp,kaito-social-spider.kaito_smart_followers_snapshot.data.metrics.timestamp,app,field,kaito,kaito-social-spider,kaito-social-spider.kaito_smart_followers_snapshot,sha256:f1620ffa32315698b375587fe1c122404db9b82a56c98e66940100518206b35c
Kaito 社交数据,总互动量,衡量指标,保留总互动量，用于观察讨论热度。,例如与提及次数一起比较，区分少数高互动内容和广泛讨论。 当前工具是否返回此指标仍待核对。,,unavailable,,,kaito_smart_followers_snapshot,高关注度粉丝快照,data.metrics.total_engagement,kaito-social-spider.kaito_smart_followers_snapshot.data.metrics.total_engagement,app,field,kaito,kaito-social-spider,kaito-social-spider.kaito_smart_followers_snapshot,sha256:f1620ffa32315698b375587fe1c122404db9b82a56c98e66940100518206b35c
Kaito 社交数据,指标值,衡量指标,保留时间序列或指标行的数值；含义取决于对应工具。,例如在“高关注度粉丝快照”中按对象和时间窗比较这个值；计算前先核对单位与口径。 此指标是否由当前 Kaito 工具返回仍待核对。,,unavailable,,,kaito_smart_followers_snapshot,高关注度粉丝快照,data.metrics.value,kaito-social-spider.kaito_smart_followers_snapshot.data.metrics.value,app,field,kaito,kaito-social-spider,kaito-social-spider.kaito_smart_followers_snapshot,sha256:f1620ffa32315698b375587fe1c122404db9b82a56c98e66940100518206b35c
Kaito 社交数据,浏览量,衡量指标,保留浏览次数，用于观察内容曝光。,例如用浏览量作曝光参考，再看互动量是否同步增长。 当前工具是否返回此指标仍待核对。,,unavailable,,,kaito_smart_followers_snapshot,高关注度粉丝快照,data.metrics.views,kaito-social-spider.kaito_smart_followers_snapshot.data.metrics.views,app,field,kaito,kaito-social-spider,kaito-social-spider.kaito_smart_followers_snapshot,sha256:f1620ffa32315698b375587fe1c122404db9b82a56c98e66940100518206b35c
Kaito 社交数据,平台,记录属性,标记内容所在的平台，便于区分来源渠道。,例如先用这个属性筛选可比较的记录，再查看对应的数值或内容。,kaito,transformed_test_fixture,https://github.com/cyberight-cap/fewunderstand/blob/23a854c2a02e6b52e424844648d4026737361caa/spider/kaito-social-spider/tests/fixtures/kaito_p0_raw.json,,kaito_smart_followers_snapshot,高关注度粉丝快照,data.platform,kaito-social-spider.kaito_smart_followers_snapshot.data.platform,app,field,kaito,kaito-social-spider,kaito-social-spider.kaito_smart_followers_snapshot,sha256:f1620ffa32315698b375587fe1c122404db9b82a56c98e66940100518206b35c
Kaito 社交数据,原始数据,原始或结构数据,保留该 Kaito 记录对应的原始返回行，用于回查未提取的键。,点开返回样本核对内部键，再决定是否需要提取为独立字段。,"{""username"": ""smart_kol"", ""smart_followers"": 123}",transformed_test_fixture,https://github.com/cyberight-cap/fewunderstand/blob/23a854c2a02e6b52e424844648d4026737361caa/spider/kaito-social-spider/tests/fixtures/kaito_p0_raw.json,,kaito_smart_followers_snapshot,高关注度粉丝快照,data.raw,kaito-social-spider.kaito_smart_followers_snapshot.data.raw,app,field,kaito,kaito-social-spider,kaito-social-spider.kaito_smart_followers_snapshot,sha256:f1620ffa32315698b375587fe1c122404db9b82a56c98e66940100518206b35c
Kaito 社交数据,记录类型,来源与溯源,标记转换后的 Kaito 记录类型，便于选择正确的处理规则。,例如排查一条指标的来源或重复记录时，用它回到原始查询和处理链。,kaito_smart_followers_snapshot,transformed_test_fixture,https://github.com/cyberight-cap/fewunderstand/blob/23a854c2a02e6b52e424844648d4026737361caa/spider/kaito-social-spider/tests/fixtures/kaito_p0_raw.json,,kaito_smart_followers_snapshot,高关注度粉丝快照,data.record_type,kaito-social-spider.kaito_smart_followers_snapshot.data.record_type,v2,field,kaito,kaito-social-spider,kaito-social-spider.kaito_smart_followers_snapshot,sha256:f1620ffa32315698b375587fe1c122404db9b82a56c98e66940100518206b35c
Kaito 社交数据,请求信息,原始或结构数据,保存调用 Kaito 工具的请求元信息，用于核对查询条件。,点开返回样本核对内部键，再决定是否需要提取为独立字段。,"{""tool"": ""kaito_smart_followers"", ""params_hash"": ""3a0b9442a1a5e7d2"", ""window_start"": null, ""window_end"": null}",transformed_test_fixture,https://github.com/cyberight-cap/fewunderstand/blob/23a854c2a02e6b52e424844648d4026737361caa/spider/kaito-social-spider/tests/fixtures/kaito_p0_raw.json,,kaito_smart_followers_snapshot,高关注度粉丝快照,data.request,kaito-social-spider.kaito_smart_followers_snapshot.data.request,app,field,kaito,kaito-social-spider,kaito-social-spider.kaito_smart_followers_snapshot,sha256:f1620ffa32315698b375587fe1c122404db9b82a56c98e66940100518206b35c
Kaito 社交数据,请求参数摘要,来源与溯源,保存脱敏后的请求参数摘要，用于识别同一次查询条件。,例如排查一条指标的来源或重复记录时，用它回到原始查询和处理链。,3a0b9442a1a5e7d2,transformed_test_fixture,https://github.com/cyberight-cap/fewunderstand/blob/23a854c2a02e6b52e424844648d4026737361caa/spider/kaito-social-spider/tests/fixtures/kaito_p0_raw.json,,kaito_smart_followers_snapshot,高关注度粉丝快照,data.request.params_hash,kaito-social-spider.kaito_smart_followers_snapshot.data.request.params_hash,app,field,kaito,kaito-social-spider,kaito-social-spider.kaito_smart_followers_snapshot,sha256:f1620ffa32315698b375587fe1c122404db9b82a56c98e66940100518206b35c
Kaito 社交数据,请求工具,来源与溯源,指出产生这条记录的 Kaito 工具，用于核对指标口径。,例如排查一条指标的来源或重复记录时，用它回到原始查询和处理链。,kaito_smart_followers,transformed_test_fixture,https://github.com/cyberight-cap/fewunderstand/blob/23a854c2a02e6b52e424844648d4026737361caa/spider/kaito-social-spider/tests/fixtures/kaito_p0_raw.json,,kaito_smart_followers_snapshot,高关注度粉丝快照,data.request.tool,kaito-social-spider.kaito_smart_followers_snapshot.data.request.tool,app,field,kaito,kaito-social-spider,kaito-social-spider.kaito_smart_followers_snapshot,sha256:f1620ffa32315698b375587fe1c122404db9b82a56c98e66940100518206b35c
Kaito 社交数据,请求时间窗口,来源与溯源,记录请求时使用的时间窗口，用于比较同口径数据。,例如排查一条指标的来源或重复记录时，用它回到原始查询和处理链。,,unavailable,,,kaito_smart_followers_snapshot,高关注度粉丝快照,data.request.window,kaito-social-spider.kaito_smart_followers_snapshot.data.request.window,app,field,kaito,kaito-social-spider,kaito-social-spider.kaito_smart_followers_snapshot,sha256:f1620ffa32315698b375587fe1c122404db9b82a56c98e66940100518206b35c
Kaito 社交数据,请求窗口结束,来源与溯源,记录请求窗口的结束时间，用于界定统计区间。,例如排查一条指标的来源或重复记录时，用它回到原始查询和处理链。,,transformed_test_fixture,https://github.com/cyberight-cap/fewunderstand/blob/23a854c2a02e6b52e424844648d4026737361caa/spider/kaito-social-spider/tests/fixtures/kaito_p0_raw.json,,kaito_smart_followers_snapshot,高关注度粉丝快照,data.request.window_end,kaito-social-spider.kaito_smart_followers_snapshot.data.request.window_end,app,field,kaito,kaito-social-spider,kaito-social-spider.kaito_smart_followers_snapshot,sha256:f1620ffa32315698b375587fe1c122404db9b82a56c98e66940100518206b35c
Kaito 社交数据,请求窗口开始,来源与溯源,记录请求窗口的开始时间，用于界定统计区间。,例如排查一条指标的来源或重复记录时，用它回到原始查询和处理链。,,transformed_test_fixture,https://github.com/cyberight-cap/fewunderstand/blob/23a854c2a02e6b52e424844648d4026737361caa/spider/kaito-social-spider/tests/fixtures/kaito_p0_raw.json,,kaito_smart_followers_snapshot,高关注度粉丝快照,data.request.window_start,kaito-social-spider.kaito_smart_followers_snapshot.data.request.window_start,app,field,kaito,kaito-social-spider,kaito-social-spider.kaito_smart_followers_snapshot,sha256:f1620ffa32315698b375587fe1c122404db9b82a56c98e66940100518206b35c
Kaito 社交数据,统计窗口,时间定位,保存记录对应的统计窗口，用于避免混合不同时间跨度。,例如按同一时间窗分组，并检查记录是否过时。,,transformed_test_fixture,https://github.com/cyberight-cap/fewunderstand/blob/23a854c2a02e6b52e424844648d4026737361caa/spider/kaito-social-spider/tests/fixtures/kaito_p0_raw.json,,kaito_smart_followers_snapshot,高关注度粉丝快照,data.window,kaito-social-spider.kaito_smart_followers_snapshot.data.window,app,field,kaito,kaito-social-spider,kaito-social-spider.kaito_smart_followers_snapshot,sha256:f1620ffa32315698b375587fe1c122404db9b82a56c98e66940100518206b35c
Kaito 社交数据,处理溯源,来源与溯源,保存处理链路元信息，用于追查记录如何产生。,例如排查一条指标的来源或重复记录时，用它回到原始查询和处理链。,"{""event_id"": ""evt:ef58ab3a7bc29033cfbef19127526b59"", ""trace_id"": ""evt:ef58ab3a7bc29033cfbef19127526b59"", ""parent_event_ids"": [], ""source_event_id"": null, ""record_type"": ""kaito_smart_followers_snapshot"", ""schema_version"": ""pipeline-lineage/v1"", ""producer"": ""kaito-social-spider"", ""processing_stage"": ""ingest"", ""observed_at"": ""2026-07-19T00:00:00Z"", ""processed_at"": ""2026-07-19T00:00:00Z"", ""source_topic"": null, ""source_partition"": null, ""source_offset"": null, ""asset_id"": null}",transformed_test_fixture,https://github.com/cyberight-cap/fewunderstand/blob/23a854c2a02e6b52e424844648d4026737361caa/spider/kaito-social-spider/tests/fixtures/kaito_p0_raw.json,,kaito_smart_followers_snapshot,高关注度粉丝快照,lineage,kaito-social-spider.kaito_smart_followers_snapshot.lineage,app,field,kaito,kaito-social-spider,kaito-social-spider.kaito_smart_followers_snapshot,sha256:f1620ffa32315698b375587fe1c122404db9b82a56c98e66940100518206b35c
Kaito 社交数据,资产 ID,来源与溯源,保存解析后的内部资产 ID；未完成资产绑定时可能为空。,例如排查一条指标的来源或重复记录时，用它回到原始查询和处理链。,,transformed_test_fixture,https://github.com/cyberight-cap/fewunderstand/blob/23a854c2a02e6b52e424844648d4026737361caa/spider/kaito-social-spider/tests/fixtures/kaito_p0_raw.json,,kaito_smart_followers_snapshot,高关注度粉丝快照,lineage.asset_id,kaito-social-spider.kaito_smart_followers_snapshot.lineage.asset_id,app,field,kaito,kaito-social-spider,kaito-social-spider.kaito_smart_followers_snapshot,sha256:f1620ffa32315698b375587fe1c122404db9b82a56c98e66940100518206b35c
Kaito 社交数据,事件 ID,来源与溯源,稳定识别这条事件，用于追踪后续计算与结果。,例如排查一条指标的来源或重复记录时，用它回到原始查询和处理链。,evt:ef58ab3a7bc29033cfbef19127526b59,transformed_test_fixture,https://github.com/cyberight-cap/fewunderstand/blob/23a854c2a02e6b52e424844648d4026737361caa/spider/kaito-social-spider/tests/fixtures/kaito_p0_raw.json,,kaito_smart_followers_snapshot,高关注度粉丝快照,lineage.event_id,kaito-social-spider.kaito_smart_followers_snapshot.lineage.event_id,app,field,kaito,kaito-social-spider,kaito-social-spider.kaito_smart_followers_snapshot,sha256:f1620ffa32315698b375587fe1c122404db9b82a56c98e66940100518206b35c
Kaito 社交数据,观察时间,来源与溯源,记录事实被观察的时间，用于确认原始数据时效。,例如排查一条指标的来源或重复记录时，用它回到原始查询和处理链。,2026-07-19T00:00:00Z,transformed_test_fixture,https://github.com/cyberight-cap/fewunderstand/blob/23a854c2a02e6b52e424844648d4026737361caa/spider/kaito-social-spider/tests/fixtures/kaito_p0_raw.json,,kaito_smart_followers_snapshot,高关注度粉丝快照,lineage.observed_at,kaito-social-spider.kaito_smart_followers_snapshot.lineage.observed_at,app,field,kaito,kaito-social-spider,kaito-social-spider.kaito_smart_followers_snapshot,sha256:f1620ffa32315698b375587fe1c122404db9b82a56c98e66940100518206b35c
Kaito 社交数据,上游事件 ID,来源与溯源,保存上游事件 ID，用于追溯派生结果的输入。,例如排查一条指标的来源或重复记录时，用它回到原始查询和处理链。,[],transformed_test_fixture,https://github.com/cyberight-cap/fewunderstand/blob/23a854c2a02e6b52e424844648d4026737361caa/spider/kaito-social-spider/tests/fixtures/kaito_p0_raw.json,,kaito_smart_followers_snapshot,高关注度粉丝快照,lineage.parent_event_ids,kaito-social-spider.kaito_smart_followers_snapshot.lineage.parent_event_ids,app,field,kaito,kaito-social-spider,kaito-social-spider.kaito_smart_followers_snapshot,sha256:f1620ffa32315698b375587fe1c122404db9b82a56c98e66940100518206b35c
Kaito 社交数据,处理时间,来源与溯源,记录处理程序生成消息的时间，用于定位处理延迟。,例如排查一条指标的来源或重复记录时，用它回到原始查询和处理链。,2026-07-19T00:00:00Z,transformed_test_fixture,https://github.com/cyberight-cap/fewunderstand/blob/23a854c2a02e6b52e424844648d4026737361caa/spider/kaito-social-spider/tests/fixtures/kaito_p0_raw.json,,kaito_smart_followers_snapshot,高关注度粉丝快照,lineage.processed_at,kaito-social-spider.kaito_smart_followers_snapshot.lineage.processed_at,app,field,kaito,kaito-social-spider,kaito-social-spider.kaito_smart_followers_snapshot,sha256:f1620ffa32315698b375587fe1c122404db9b82a56c98e66940100518206b35c
Kaito 社交数据,处理阶段,来源与溯源,标记当前处理阶段，用于区分采集与后续加工。,例如排查一条指标的来源或重复记录时，用它回到原始查询和处理链。,ingest,transformed_test_fixture,https://github.com/cyberight-cap/fewunderstand/blob/23a854c2a02e6b52e424844648d4026737361caa/spider/kaito-social-spider/tests/fixtures/kaito_p0_raw.json,,kaito_smart_followers_snapshot,高关注度粉丝快照,lineage.processing_stage,kaito-social-spider.kaito_smart_followers_snapshot.lineage.processing_stage,app,field,kaito,kaito-social-spider,kaito-social-spider.kaito_smart_followers_snapshot,sha256:f1620ffa32315698b375587fe1c122404db9b82a56c98e66940100518206b35c
Kaito 社交数据,生产程序,来源与溯源,标记生成这条消息的程序，用于核对生产来源。,例如排查一条指标的来源或重复记录时，用它回到原始查询和处理链。,kaito-social-spider,transformed_test_fixture,https://github.com/cyberight-cap/fewunderstand/blob/23a854c2a02e6b52e424844648d4026737361caa/spider/kaito-social-spider/tests/fixtures/kaito_p0_raw.json,,kaito_smart_followers_snapshot,高关注度粉丝快照,lineage.producer,kaito-social-spider.kaito_smart_followers_snapshot.lineage.producer,app,field,kaito,kaito-social-spider,kaito-social-spider.kaito_smart_followers_snapshot,sha256:f1620ffa32315698b375587fe1c122404db9b82a56c98e66940100518206b35c
Kaito 社交数据,溯源记录类型,来源与溯源,标记溯源信封里的记录类型，用于验证处理链路。,例如排查一条指标的来源或重复记录时，用它回到原始查询和处理链。,kaito_smart_followers_snapshot,transformed_test_fixture,https://github.com/cyberight-cap/fewunderstand/blob/23a854c2a02e6b52e424844648d4026737361caa/spider/kaito-social-spider/tests/fixtures/kaito_p0_raw.json,,kaito_smart_followers_snapshot,高关注度粉丝快照,lineage.record_type,kaito-social-spider.kaito_smart_followers_snapshot.lineage.record_type,app,field,kaito,kaito-social-spider,kaito-social-spider.kaito_smart_followers_snapshot,sha256:f1620ffa32315698b375587fe1c122404db9b82a56c98e66940100518206b35c
Kaito 社交数据,结构版本,来源与溯源,标记消息结构版本，用于兼容不同版本的处理代码。,例如排查一条指标的来源或重复记录时，用它回到原始查询和处理链。,pipeline-lineage/v1,transformed_test_fixture,https://github.com/cyberight-cap/fewunderstand/blob/23a854c2a02e6b52e424844648d4026737361caa/spider/kaito-social-spider/tests/fixtures/kaito_p0_raw.json,,kaito_smart_followers_snapshot,高关注度粉丝快照,lineage.schema_version,kaito-social-spider.kaito_smart_followers_snapshot.lineage.schema_version,app,field,kaito,kaito-social-spider,kaito-social-spider.kaito_smart_followers_snapshot,sha256:f1620ffa32315698b375587fe1c122404db9b82a56c98e66940100518206b35c
Kaito 社交数据,来源事件 ID,来源与溯源,保存来源系统的事件 ID，用于跨系统回查。,例如排查一条指标的来源或重复记录时，用它回到原始查询和处理链。,,transformed_test_fixture,https://github.com/cyberight-cap/fewunderstand/blob/23a854c2a02e6b52e424844648d4026737361caa/spider/kaito-social-spider/tests/fixtures/kaito_p0_raw.json,,kaito_smart_followers_snapshot,高关注度粉丝快照,lineage.source_event_id,kaito-social-spider.kaito_smart_followers_snapshot.lineage.source_event_id,app,field,kaito,kaito-social-spider,kaito-social-spider.kaito_smart_followers_snapshot,sha256:f1620ffa32315698b375587fe1c122404db9b82a56c98e66940100518206b35c
Kaito 社交数据,来源偏移量,来源与溯源,保存来源消息偏移量，用于定位消息流位置。,例如排查一条指标的来源或重复记录时，用它回到原始查询和处理链。,,transformed_test_fixture,https://github.com/cyberight-cap/fewunderstand/blob/23a854c2a02e6b52e424844648d4026737361caa/spider/kaito-social-spider/tests/fixtures/kaito_p0_raw.json,,kaito_smart_followers_snapshot,高关注度粉丝快照,lineage.source_offset,kaito-social-spider.kaito_smart_followers_snapshot.lineage.source_offset,app,field,kaito,kaito-social-spider,kaito-social-spider.kaito_smart_followers_snapshot,sha256:f1620ffa32315698b375587fe1c122404db9b82a56c98e66940100518206b35c
Kaito 社交数据,来源分区,来源与溯源,保存来源消息分区，用于定位消息流位置。,例如排查一条指标的来源或重复记录时，用它回到原始查询和处理链。,,transformed_test_fixture,https://github.com/cyberight-cap/fewunderstand/blob/23a854c2a02e6b52e424844648d4026737361caa/spider/kaito-social-spider/tests/fixtures/kaito_p0_raw.json,,kaito_smart_followers_snapshot,高关注度粉丝快照,lineage.source_partition,kaito-social-spider.kaito_smart_followers_snapshot.lineage.source_partition,app,field,kaito,kaito-social-spider,kaito-social-spider.kaito_smart_followers_snapshot,sha256:f1620ffa32315698b375587fe1c122404db9b82a56c98e66940100518206b35c
Kaito 社交数据,来源主题,来源与溯源,保存来源主题名称，用于定位消息流位置。,例如排查一条指标的来源或重复记录时，用它回到原始查询和处理链。,,transformed_test_fixture,https://github.com/cyberight-cap/fewunderstand/blob/23a854c2a02e6b52e424844648d4026737361caa/spider/kaito-social-spider/tests/fixtures/kaito_p0_raw.json,,kaito_smart_followers_snapshot,高关注度粉丝快照,lineage.source_topic,kaito-social-spider.kaito_smart_followers_snapshot.lineage.source_topic,app,field,kaito,kaito-social-spider,kaito-social-spider.kaito_smart_followers_snapshot,sha256:f1620ffa32315698b375587fe1c122404db9b82a56c98e66940100518206b35c
Kaito 社交数据,追踪 ID,来源与溯源,关联同一处理链路上的事件，用于端到端追踪。,例如排查一条指标的来源或重复记录时，用它回到原始查询和处理链。,evt:ef58ab3a7bc29033cfbef19127526b59,transformed_test_fixture,https://github.com/cyberight-cap/fewunderstand/blob/23a854c2a02e6b52e424844648d4026737361caa/spider/kaito-social-spider/tests/fixtures/kaito_p0_raw.json,,kaito_smart_followers_snapshot,高关注度粉丝快照,lineage.trace_id,kaito-social-spider.kaito_smart_followers_snapshot.lineage.trace_id,app,field,kaito,kaito-social-spider,kaito-social-spider.kaito_smart_followers_snapshot,sha256:f1620ffa32315698b375587fe1c122404db9b82a56c98e66940100518206b35c
Kaito 社交数据,原始文本,内容理解,保留内容的原始文本，用于回查清洗前的信息。,例如筛选与目标项目相关的内容，再点回原文人工核查。,,unavailable,,,kaito_smart_followers_snapshot,高关注度粉丝快照,raw_text,kaito-social-spider.kaito_smart_followers_snapshot.raw_text,app,field,kaito,kaito-social-spider,kaito-social-spider.kaito_smart_followers_snapshot,sha256:f1620ffa32315698b375587fe1c122404db9b82a56c98e66940100518206b35c
Kaito 社交数据,来源,来源与溯源,标记这条记录的来源，用于筛选和核对数据出处。,例如排查一条指标的来源或重复记录时，用它回到原始查询和处理链。,kaito,transformed_test_fixture,https://github.com/cyberight-cap/fewunderstand/blob/23a854c2a02e6b52e424844648d4026737361caa/spider/kaito-social-spider/tests/fixtures/kaito_p0_raw.json,,kaito_smart_followers_snapshot,高关注度粉丝快照,source,kaito-social-spider.kaito_smart_followers_snapshot.source,app,field,kaito,kaito-social-spider,kaito-social-spider.kaito_smart_followers_snapshot,sha256:f1620ffa32315698b375587fe1c122404db9b82a56c98e66940100518206b35c
Kaito 社交数据,正文,内容理解,保存消息或帖子的正文，用于关键词、主题和事件分析。,例如查找项目名或事件关键词，并结合消息时间和来源做人工核对。,,unavailable,,,kaito_smart_followers_snapshot,高关注度粉丝快照,text,kaito-social-spider.kaito_smart_followers_snapshot.text,app,field,kaito,kaito-social-spider,kaito-social-spider.kaito_smart_followers_snapshot,sha256:f1620ffa32315698b375587fe1c122404db9b82a56c98e66940100518206b35c
Kaito 社交数据,记录时间,时间定位,记录该数据对应的时间点，用于排序或时间窗聚合。,例如按同一时间窗分组，并检查记录是否过时。,2026-07-19T00:00:00Z,transformed_test_fixture,https://github.com/cyberight-cap/fewunderstand/blob/23a854c2a02e6b52e424844648d4026737361caa/spider/kaito-social-spider/tests/fixtures/kaito_p0_raw.json,,kaito_smart_followers_snapshot,高关注度粉丝快照,timestamp,kaito-social-spider.kaito_smart_followers_snapshot.timestamp,app,field,kaito,kaito-social-spider,kaito-social-spider.kaito_smart_followers_snapshot,sha256:f1620ffa32315698b375587fe1c122404db9b82a56c98e66940100518206b35c
Kaito 社交数据,标题,内容理解,保存内容标题，用于快速判断主题。,例如先用标题筛选相关内容，再用正文或原文链接验证。,,unavailable,,,kaito_smart_followers_snapshot,高关注度粉丝快照,title,kaito-social-spider.kaito_smart_followers_snapshot.title,app,field,kaito,kaito-social-spider,kaito-social-spider.kaito_smart_followers_snapshot,sha256:f1620ffa32315698b375587fe1c122404db9b82a56c98e66940100518206b35c
Kaito 社交数据,链接地址,对象识别,保存内容原文地址，用于回查和去重。,例如把同一对象在不同时间的记录对齐，再比较指标变化。,,unavailable,,,kaito_smart_followers_snapshot,高关注度粉丝快照,url,kaito-social-spider.kaito_smart_followers_snapshot.url,app,field,kaito,kaito-social-spider,kaito-social-spider.kaito_smart_followers_snapshot,sha256:f1620ffa32315698b375587fe1c122404db9b82a56c98e66940100518206b35c
Kaito 社交数据,高关注度账号关注市场,记录类型,这类记录包含下列可展开的字段定义。,先选择记录类型，再查看字段用途与返回样本。,,unavailable,,,kaito_smart_following_market,高关注度账号关注市场,kaito_smart_following_market,kaito-social-spider.kaito_smart_following_market,app,record_type,kaito,kaito-social-spider,kaito-social-spider.kaito_smart_following_market,sha256:f1620ffa32315698b375587fe1c122404db9b82a56c98e66940100518206b35c
Kaito 社交数据,作者,内容理解,指出内容的作者，便于按发布者汇总或回到原帖。,例如筛选与目标项目相关的内容，再点回原文人工核查。,,unavailable,,,kaito_smart_following_market,高关注度账号关注市场,author,kaito-social-spider.kaito_smart_following_market.author,app,field,kaito,kaito-social-spider,kaito-social-spider.kaito_smart_following_market,sha256:f1620ffa32315698b375587fe1c122404db9b82a56c98e66940100518206b35c
Kaito 社交数据,数据对象,原始或结构数据,装载这一类记录的主要业务数据；应继续展开具体子字段。,点开返回样本核对内部键，再决定是否需要提取为独立字段。,"{""platform"": ""kaito"", ""content_type"": ""social_intelligence"", ""record_type"": ""kaito_smart_following_market"", ""entity"": {""kaito_id"": ""pendle"", ""symbol"": ""PENDLE"", ""name"": null, ""coingecko_slug"": null}, ""window"": null, ""metrics"": {""followers"": 12}, ""request"": {""tool"": ""kaito_smart_following_market"", ""params_hash"": ""59676b023081bf7f"", ""window_start"": null, ""window_end"": null}, ""raw"": {""entity_id"": ""pendle"", ""symbol"": ""PENDLE"", ""followers"": 12}}",transformed_test_fixture,https://github.com/cyberight-cap/fewunderstand/blob/23a854c2a02e6b52e424844648d4026737361caa/spider/kaito-social-spider/tests/fixtures/kaito_p0_raw.json,,kaito_smart_following_market,高关注度账号关注市场,data,kaito-social-spider.kaito_smart_following_market.data,app,field,kaito,kaito-social-spider,kaito-social-spider.kaito_smart_following_market,sha256:f1620ffa32315698b375587fe1c122404db9b82a56c98e66940100518206b35c
Kaito 社交数据,内容类型,记录属性,说明 Kaito 记录的内容类别，便于区分不同内容。,例如先用这个属性筛选可比较的记录，再查看对应的数值或内容。,social_intelligence,transformed_test_fixture,https://github.com/cyberight-cap/fewunderstand/blob/23a854c2a02e6b52e424844648d4026737361caa/spider/kaito-social-spider/tests/fixtures/kaito_p0_raw.json,,kaito_smart_following_market,高关注度账号关注市场,data.content_type,kaito-social-spider.kaito_smart_following_market.data.content_type,app,field,kaito,kaito-social-spider,kaito-social-spider.kaito_smart_following_market,sha256:f1620ffa32315698b375587fe1c122404db9b82a56c98e66940100518206b35c
Kaito 社交数据,对象信息,原始或结构数据,保存被分析对象的身份信息，用于关联同一项目或资产。,点开返回样本核对内部键，再决定是否需要提取为独立字段。,"{""kaito_id"": ""pendle"", ""symbol"": ""PENDLE"", ""name"": null, ""coingecko_slug"": null}",transformed_test_fixture,https://github.com/cyberight-cap/fewunderstand/blob/23a854c2a02e6b52e424844648d4026737361caa/spider/kaito-social-spider/tests/fixtures/kaito_p0_raw.json,,kaito_smart_following_market,高关注度账号关注市场,data.entity,kaito-social-spider.kaito_smart_following_market.data.entity,app,field,kaito,kaito-social-spider,kaito-social-spider.kaito_smart_following_market,sha256:f1620ffa32315698b375587fe1c122404db9b82a56c98e66940100518206b35c
Kaito 社交数据,CoinGecko 标识,对象识别,保存 CoinGecko 的对象标识，便于跨来源对齐同一资产。,例如把同一对象在不同时间的记录对齐，再比较指标变化。,,transformed_test_fixture,https://github.com/cyberight-cap/fewunderstand/blob/23a854c2a02e6b52e424844648d4026737361caa/spider/kaito-social-spider/tests/fixtures/kaito_p0_raw.json,,kaito_smart_following_market,高关注度账号关注市场,data.entity.coingecko_slug,kaito-social-spider.kaito_smart_following_market.data.entity.coingecko_slug,app,field,kaito,kaito-social-spider,kaito-social-spider.kaito_smart_following_market,sha256:f1620ffa32315698b375587fe1c122404db9b82a56c98e66940100518206b35c
Kaito 社交数据,Kaito ID,对象识别,保存 Kaito 的对象标识，便于合并同一对象的多条记录。,例如把同一对象在不同时间的记录对齐，再比较指标变化。,pendle,transformed_test_fixture,https://github.com/cyberight-cap/fewunderstand/blob/23a854c2a02e6b52e424844648d4026737361caa/spider/kaito-social-spider/tests/fixtures/kaito_p0_raw.json,,kaito_smart_following_market,高关注度账号关注市场,data.entity.kaito_id,kaito-social-spider.kaito_smart_following_market.data.entity.kaito_id,app,field,kaito,kaito-social-spider,kaito-social-spider.kaito_smart_following_market,sha256:f1620ffa32315698b375587fe1c122404db9b82a56c98e66940100518206b35c
Kaito 社交数据,对象名称,对象识别,显示被分析对象的名称，便于人工核对。,例如把同一对象在不同时间的记录对齐，再比较指标变化。,,transformed_test_fixture,https://github.com/cyberight-cap/fewunderstand/blob/23a854c2a02e6b52e424844648d4026737361caa/spider/kaito-social-spider/tests/fixtures/kaito_p0_raw.json,,kaito_smart_following_market,高关注度账号关注市场,data.entity.name,kaito-social-spider.kaito_smart_following_market.data.entity.name,app,field,kaito,kaito-social-spider,kaito-social-spider.kaito_smart_following_market,sha256:f1620ffa32315698b375587fe1c122404db9b82a56c98e66940100518206b35c
Kaito 社交数据,资产代码,对象识别,保存对象的资产代码，便于与市场数据匹配；同名代码仍需核验。,例如把同一对象在不同时间的记录对齐，再比较指标变化。,PENDLE,transformed_test_fixture,https://github.com/cyberight-cap/fewunderstand/blob/23a854c2a02e6b52e424844648d4026737361caa/spider/kaito-social-spider/tests/fixtures/kaito_p0_raw.json,,kaito_smart_following_market,高关注度账号关注市场,data.entity.symbol,kaito-social-spider.kaito_smart_following_market.data.entity.symbol,v2,field,kaito,kaito-social-spider,kaito-social-spider.kaito_smart_following_market,sha256:f1620ffa32315698b375587fe1c122404db9b82a56c98e66940100518206b35c
Kaito 社交数据,指标集合,原始或结构数据,装载 Kaito 返回行中提取出的指标；具体有哪些键取决于工具返回。,点开返回样本核对内部键，再决定是否需要提取为独立字段。,"{""followers"": 12}",transformed_test_fixture,https://github.com/cyberight-cap/fewunderstand/blob/23a854c2a02e6b52e424844648d4026737361caa/spider/kaito-social-spider/tests/fixtures/kaito_p0_raw.json,,kaito_smart_following_market,高关注度账号关注市场,data.metrics,kaito-social-spider.kaito_smart_following_market.data.metrics,app,field,kaito,kaito-social-spider,kaito-social-spider.kaito_smart_following_market,sha256:f1620ffa32315698b375587fe1c122404db9b82a56c98e66940100518206b35c
Kaito 社交数据,看跌指标,衡量指标,保留返回行中的看跌指标；分值口径需由对应工具确认。,例如在“高关注度账号关注市场”中按对象和时间窗比较这个值；计算前先核对单位与口径。 此指标是否由当前 Kaito 工具返回仍待核对。,,unavailable,,,kaito_smart_following_market,高关注度账号关注市场,data.metrics.bearish,kaito-social-spider.kaito_smart_following_market.data.metrics.bearish,app,field,kaito,kaito-social-spider,kaito-social-spider.kaito_smart_following_market,sha256:f1620ffa32315698b375587fe1c122404db9b82a56c98e66940100518206b35c
Kaito 社交数据,看涨指标,衡量指标,保留返回行中的看涨指标；分值口径需由对应工具确认。,例如在“高关注度账号关注市场”中按对象和时间窗比较这个值；计算前先核对单位与口径。 此指标是否由当前 Kaito 工具返回仍待核对。,,unavailable,,,kaito_smart_following_market,高关注度账号关注市场,data.metrics.bullish,kaito-social-spider.kaito_smart_following_market.data.metrics.bullish,app,field,kaito,kaito-social-spider,kaito-social-spider.kaito_smart_following_market,sha256:f1620ffa32315698b375587fe1c122404db9b82a56c98e66940100518206b35c
Kaito 社交数据,变化量,衡量指标,保留返回行中的变化值；比较前需确认变化的基准。,例如在“高关注度账号关注市场”中按对象和时间窗比较这个值；计算前先核对单位与口径。 此指标是否由当前 Kaito 工具返回仍待核对。,,unavailable,,,kaito_smart_following_market,高关注度账号关注市场,data.metrics.change,kaito-social-spider.kaito_smart_following_market.data.metrics.change,app,field,kaito,kaito-social-spider,kaito-social-spider.kaito_smart_following_market,sha256:f1620ffa32315698b375587fe1c122404db9b82a56c98e66940100518206b35c
Kaito 社交数据,当前关注份额,衡量指标,保留当前关注份额；分母和时间窗需由对应工具确认。,例如在“高关注度账号关注市场”中按对象和时间窗比较这个值；计算前先核对单位与口径。 此指标是否由当前 Kaito 工具返回仍待核对。,,unavailable,,,kaito_smart_following_market,高关注度账号关注市场,data.metrics.current_mindshare,kaito-social-spider.kaito_smart_following_market.data.metrics.current_mindshare,app,field,kaito,kaito-social-spider,kaito-social-spider.kaito_smart_following_market,sha256:f1620ffa32315698b375587fe1c122404db9b82a56c98e66940100518206b35c
Kaito 社交数据,变化值,衡量指标,保留相对上一窗口的变化值；比较前需确认方向和单位。,例如在“高关注度账号关注市场”中按对象和时间窗比较这个值；计算前先核对单位与口径。 此指标是否由当前 Kaito 工具返回仍待核对。,,unavailable,,,kaito_smart_following_market,高关注度账号关注市场,data.metrics.delta,kaito-social-spider.kaito_smart_following_market.data.metrics.delta,app,field,kaito,kaito-social-spider,kaito-social-spider.kaito_smart_following_market,sha256:f1620ffa32315698b375587fe1c122404db9b82a56c98e66940100518206b35c
Kaito 社交数据,绝对变化值,衡量指标,保留绝对变化值；不要与百分比变化混用。,例如在“高关注度账号关注市场”中按对象和时间窗比较这个值；计算前先核对单位与口径。 此指标是否由当前 Kaito 工具返回仍待核对。,,unavailable,,,kaito_smart_following_market,高关注度账号关注市场,data.metrics.delta_abs,kaito-social-spider.kaito_smart_following_market.data.metrics.delta_abs,app,field,kaito,kaito-social-spider,kaito-social-spider.kaito_smart_following_market,sha256:f1620ffa32315698b375587fe1c122404db9b82a56c98e66940100518206b35c
Kaito 社交数据,变化百分比,衡量指标,保留百分比变化；需要核对上游使用的是小数还是百分数。,例如在“高关注度账号关注市场”中按对象和时间窗比较这个值；计算前先核对单位与口径。 此指标是否由当前 Kaito 工具返回仍待核对。,,unavailable,,,kaito_smart_following_market,高关注度账号关注市场,data.metrics.delta_pct,kaito-social-spider.kaito_smart_following_market.data.metrics.delta_pct,app,field,kaito,kaito-social-spider,kaito-social-spider.kaito_smart_following_market,sha256:f1620ffa32315698b375587fe1c122404db9b82a56c98e66940100518206b35c
Kaito 社交数据,变化方向,记录属性,标记变化属于上升或下降等方向，用于区分增减。,例如先用这个属性筛选可比较的记录，再查看对应的数值或内容。 此指标是否由当前 Kaito 工具返回仍待核对。,,unavailable,,,kaito_smart_following_market,高关注度账号关注市场,data.metrics.direction,kaito-social-spider.kaito_smart_following_market.data.metrics.direction,app,field,kaito,kaito-social-spider,kaito-social-spider.kaito_smart_following_market,sha256:f1620ffa32315698b375587fe1c122404db9b82a56c98e66940100518206b35c
Kaito 社交数据,互动量,衡量指标,保留返回行的互动量；需核对包含哪些互动行为。,例如统计同一对象在一个窗口内的互动量变化，再对照提及量判断热度来源。 当前工具是否返回此指标仍待核对。,,unavailable,,,kaito_smart_following_market,高关注度账号关注市场,data.metrics.engagement,kaito-social-spider.kaito_smart_following_market.data.metrics.engagement,app,field,kaito,kaito-social-spider,kaito-social-spider.kaito_smart_following_market,sha256:f1620ffa32315698b375587fe1c122404db9b82a56c98e66940100518206b35c
Kaito 社交数据,粉丝数,衡量指标,保留返回行的粉丝数量；需核对统计对象。,例如在“高关注度账号关注市场”中按对象和时间窗比较这个值；计算前先核对单位与口径。 此指标是否由当前 Kaito 工具返回仍待核对。,12,transformed_test_fixture,https://github.com/cyberight-cap/fewunderstand/blob/23a854c2a02e6b52e424844648d4026737361caa/spider/kaito-social-spider/tests/fixtures/kaito_p0_raw.json,,kaito_smart_following_market,高关注度账号关注市场,data.metrics.followers,kaito-social-spider.kaito_smart_following_market.data.metrics.followers,app,field,kaito,kaito-social-spider,kaito-social-spider.kaito_smart_following_market,sha256:f1620ffa32315698b375587fe1c122404db9b82a56c98e66940100518206b35c
Kaito 社交数据,点赞数,衡量指标,保留点赞次数，用于观察内容互动。,例如比较同一批帖子中的点赞分布，识别由少数爆款带来的热度。 当前工具是否返回此指标仍待核对。,,unavailable,,,kaito_smart_following_market,高关注度账号关注市场,data.metrics.likes,kaito-social-spider.kaito_smart_following_market.data.metrics.likes,app,field,kaito,kaito-social-spider,kaito-social-spider.kaito_smart_following_market,sha256:f1620ffa32315698b375587fe1c122404db9b82a56c98e66940100518206b35c
Kaito 社交数据,提及次数,衡量指标,保留提及次数，用于观察讨论量。,例如按天计算项目提及次数，并与过去一周的基线比较。 当前工具是否返回此指标仍待核对。,,unavailable,,,kaito_smart_following_market,高关注度账号关注市场,data.metrics.mention_count,kaito-social-spider.kaito_smart_following_market.data.metrics.mention_count,app,field,kaito,kaito-social-spider,kaito-social-spider.kaito_smart_following_market,sha256:f1620ffa32315698b375587fe1c122404db9b82a56c98e66940100518206b35c
Kaito 社交数据,提及量,衡量指标,保留提及量，用于观察讨论量。,例如按天观察项目被提及的频率，检查增长是否持续。 当前工具是否返回此指标仍待核对。,,unavailable,,,kaito_smart_following_market,高关注度账号关注市场,data.metrics.mentions,kaito-social-spider.kaito_smart_following_market.data.metrics.mentions,app,field,kaito,kaito-social-spider,kaito-social-spider.kaito_smart_following_market,sha256:f1620ffa32315698b375587fe1c122404db9b82a56c98e66940100518206b35c
Kaito 社交数据,提及次数,衡量指标,保留提及次数，用于观察讨论量。,例如按天观察项目被提及的频率，检查增长是否持续。 当前工具是否返回此指标仍待核对。,,unavailable,,,kaito_smart_following_market,高关注度账号关注市场,data.metrics.mentions_count,kaito-social-spider.kaito_smart_following_market.data.metrics.mentions_count,app,field,kaito,kaito-social-spider,kaito-social-spider.kaito_smart_following_market,sha256:f1620ffa32315698b375587fe1c122404db9b82a56c98e66940100518206b35c
Kaito 社交数据,关注份额,衡量指标,保留关注份额；比较前需确认分母、时间窗和来源范围。,例如比较同一来源、同一窗口的关注份额变化，检查项目讨论占比是否持续上升。 当前工具是否返回此指标仍待核对。,,unavailable,,,kaito_smart_following_market,高关注度账号关注市场,data.metrics.mindshare,kaito-social-spider.kaito_smart_following_market.data.metrics.mindshare,app,field,kaito,kaito-social-spider,kaito-social-spider.kaito_smart_following_market,sha256:f1620ffa32315698b375587fe1c122404db9b82a56c98e66940100518206b35c
Kaito 社交数据,当前关注份额,衡量指标,保留当前关注份额；比较前需确认分母和时间窗。,例如在“高关注度账号关注市场”中按对象和时间窗比较这个值；计算前先核对单位与口径。 此指标是否由当前 Kaito 工具返回仍待核对。,,unavailable,,,kaito_smart_following_market,高关注度账号关注市场,data.metrics.mindshare_current,kaito-social-spider.kaito_smart_following_market.data.metrics.mindshare_current,app,field,kaito,kaito-social-spider,kaito-social-spider.kaito_smart_following_market,sha256:f1620ffa32315698b375587fe1c122404db9b82a56c98e66940100518206b35c
Kaito 社交数据,关注份额变化,衡量指标,保留关注份额变化；需与相同口径的前期值比较。,例如筛选关注份额上升最快的项目，再检查绝对讨论量，避免小基数误导。 当前工具是否返回此指标仍待核对。,,unavailable,,,kaito_smart_following_market,高关注度账号关注市场,data.metrics.mindshare_delta,kaito-social-spider.kaito_smart_following_market.data.metrics.mindshare_delta,app,field,kaito,kaito-social-spider,kaito-social-spider.kaito_smart_following_market,sha256:f1620ffa32315698b375587fe1c122404db9b82a56c98e66940100518206b35c
Kaito 社交数据,上期排名,衡量指标,保留上一统计窗口的名次，用于计算排名变化。,例如在“高关注度账号关注市场”中按对象和时间窗比较这个值；计算前先核对单位与口径。 此指标是否由当前 Kaito 工具返回仍待核对。,,unavailable,,,kaito_smart_following_market,高关注度账号关注市场,data.metrics.previous_rank,kaito-social-spider.kaito_smart_following_market.data.metrics.previous_rank,app,field,kaito,kaito-social-spider,kaito-social-spider.kaito_smart_following_market,sha256:f1620ffa32315698b375587fe1c122404db9b82a56c98e66940100518206b35c
Kaito 社交数据,引用数,衡量指标,保留引用转发次数，用于观察内容传播。,例如在“高关注度账号关注市场”中按对象和时间窗比较这个值；计算前先核对单位与口径。 此指标是否由当前 Kaito 工具返回仍待核对。,,unavailable,,,kaito_smart_following_market,高关注度账号关注市场,data.metrics.quotes,kaito-social-spider.kaito_smart_following_market.data.metrics.quotes,app,field,kaito,kaito-social-spider,kaito-social-spider.kaito_smart_following_market,sha256:f1620ffa32315698b375587fe1c122404db9b82a56c98e66940100518206b35c
Kaito 社交数据,排名,衡量指标,保留当前名次，用于查看对象在同口径榜单中的位置。,例如追踪同一榜单中名次的连续变化，而不是只看单次排名。 当前工具是否返回此指标仍待核对。,,unavailable,,,kaito_smart_following_market,高关注度账号关注市场,data.metrics.rank,kaito-social-spider.kaito_smart_following_market.data.metrics.rank,app,field,kaito,kaito-social-spider,kaito-social-spider.kaito_smart_following_market,sha256:f1620ffa32315698b375587fe1c122404db9b82a56c98e66940100518206b35c
Kaito 社交数据,排名变化,衡量指标,保留名次变化；需要确认正负号代表的方向。,例如在“高关注度账号关注市场”中按对象和时间窗比较这个值；计算前先核对单位与口径。 此指标是否由当前 Kaito 工具返回仍待核对。,,unavailable,,,kaito_smart_following_market,高关注度账号关注市场,data.metrics.rank_change,kaito-social-spider.kaito_smart_following_market.data.metrics.rank_change,app,field,kaito,kaito-social-spider,kaito-social-spider.kaito_smart_following_market,sha256:f1620ffa32315698b375587fe1c122404db9b82a56c98e66940100518206b35c
Kaito 社交数据,回复数,衡量指标,保留回复次数，用于观察讨论参与。,例如在“高关注度账号关注市场”中按对象和时间窗比较这个值；计算前先核对单位与口径。 此指标是否由当前 Kaito 工具返回仍待核对。,,unavailable,,,kaito_smart_following_market,高关注度账号关注市场,data.metrics.replies,kaito-social-spider.kaito_smart_following_market.data.metrics.replies,app,field,kaito,kaito-social-spider,kaito-social-spider.kaito_smart_following_market,sha256:f1620ffa32315698b375587fe1c122404db9b82a56c98e66940100518206b35c
Kaito 社交数据,转发数,衡量指标,保留转发次数，用于观察内容传播。,例如在“高关注度账号关注市场”中按对象和时间窗比较这个值；计算前先核对单位与口径。 此指标是否由当前 Kaito 工具返回仍待核对。,,unavailable,,,kaito_smart_following_market,高关注度账号关注市场,data.metrics.retweets,kaito-social-spider.kaito_smart_following_market.data.metrics.retweets,app,field,kaito,kaito-social-spider,kaito-social-spider.kaito_smart_following_market,sha256:f1620ffa32315698b375587fe1c122404db9b82a56c98e66940100518206b35c
Kaito 社交数据,评分,衡量指标,保留工具返回的评分；不同工具的评分不能直接混算。,例如在“高关注度账号关注市场”中按对象和时间窗比较这个值；计算前先核对单位与口径。 此指标是否由当前 Kaito 工具返回仍待核对。,,unavailable,,,kaito_smart_following_market,高关注度账号关注市场,data.metrics.score,kaito-social-spider.kaito_smart_following_market.data.metrics.score,app,field,kaito,kaito-social-spider,kaito-social-spider.kaito_smart_following_market,sha256:f1620ffa32315698b375587fe1c122404db9b82a56c98e66940100518206b35c
Kaito 社交数据,情绪,衡量指标,保留情绪指标；量纲和正负含义需由对应工具确认。,例如把情绪变化与同一窗口的提及量一起看，避免少量帖子主导判断。 当前工具是否返回此指标仍待核对。,,unavailable,,,kaito_smart_following_market,高关注度账号关注市场,data.metrics.sentiment,kaito-social-spider.kaito_smart_following_market.data.metrics.sentiment,app,field,kaito,kaito-social-spider,kaito-social-spider.kaito_smart_following_market,sha256:f1620ffa32315698b375587fe1c122404db9b82a56c98e66940100518206b35c
Kaito 社交数据,情绪评分,衡量指标,保留情绪评分；与讨论量一起看更能判断可靠性。,例如把情绪评分与同一窗口的提及量一起看，避免少量帖子主导判断。 当前工具是否返回此指标仍待核对。,,unavailable,,,kaito_smart_following_market,高关注度账号关注市场,data.metrics.sentiment_score,kaito-social-spider.kaito_smart_following_market.data.metrics.sentiment_score,app,field,kaito,kaito-social-spider,kaito-social-spider.kaito_smart_following_market,sha256:f1620ffa32315698b375587fe1c122404db9b82a56c98e66940100518206b35c
Kaito 社交数据,高关注度账号互动量,衡量指标,保留高关注度账号的互动量；账号认定口径需核对。,例如观察高关注度账号的互动是否先于整体互动增加，作为待验证的早期关注线索。 当前工具是否返回此指标仍待核对。,,unavailable,,,kaito_smart_following_market,高关注度账号关注市场,data.metrics.smart_engagement,kaito-social-spider.kaito_smart_following_market.data.metrics.smart_engagement,app,field,kaito,kaito-social-spider,kaito-social-spider.kaito_smart_following_market,sha256:f1620ffa32315698b375587fe1c122404db9b82a56c98e66940100518206b35c
Kaito 社交数据,高关注度账号互动占比,衡量指标,保留高关注度账号互动占比；需核对分母。,例如在“高关注度账号关注市场”中按对象和时间窗比较这个值；计算前先核对单位与口径。 此指标是否由当前 Kaito 工具返回仍待核对。,,unavailable,,,kaito_smart_following_market,高关注度账号关注市场,data.metrics.smart_engagement_ratio,kaito-social-spider.kaito_smart_following_market.data.metrics.smart_engagement_ratio,app,field,kaito,kaito-social-spider,kaito-social-spider.kaito_smart_following_market,sha256:f1620ffa32315698b375587fe1c122404db9b82a56c98e66940100518206b35c
Kaito 社交数据,高关注度粉丝数,衡量指标,保留高关注度粉丝数；账号认定口径需核对。,例如比较同一账号连续两次的高关注度粉丝数，检查是否出现异常增长。 当前工具是否返回此指标仍待核对。,,unavailable,,,kaito_smart_following_market,高关注度账号关注市场,data.metrics.smart_followers,kaito-social-spider.kaito_smart_following_market.data.metrics.smart_followers,app,field,kaito,kaito-social-spider,kaito-social-spider.kaito_smart_following_market,sha256:f1620ffa32315698b375587fe1c122404db9b82a56c98e66940100518206b35c
Kaito 社交数据,指标时间,时间定位,标记指标对应的时间点，用于组成时间序列。,例如按同一时间窗分组，并检查记录是否过时。 此指标是否由当前 Kaito 工具返回仍待核对。,,unavailable,,,kaito_smart_following_market,高关注度账号关注市场,data.metrics.timestamp,kaito-social-spider.kaito_smart_following_market.data.metrics.timestamp,app,field,kaito,kaito-social-spider,kaito-social-spider.kaito_smart_following_market,sha256:f1620ffa32315698b375587fe1c122404db9b82a56c98e66940100518206b35c
Kaito 社交数据,总互动量,衡量指标,保留总互动量，用于观察讨论热度。,例如与提及次数一起比较，区分少数高互动内容和广泛讨论。 当前工具是否返回此指标仍待核对。,,unavailable,,,kaito_smart_following_market,高关注度账号关注市场,data.metrics.total_engagement,kaito-social-spider.kaito_smart_following_market.data.metrics.total_engagement,app,field,kaito,kaito-social-spider,kaito-social-spider.kaito_smart_following_market,sha256:f1620ffa32315698b375587fe1c122404db9b82a56c98e66940100518206b35c
Kaito 社交数据,指标值,衡量指标,保留时间序列或指标行的数值；含义取决于对应工具。,例如在“高关注度账号关注市场”中按对象和时间窗比较这个值；计算前先核对单位与口径。 此指标是否由当前 Kaito 工具返回仍待核对。,,unavailable,,,kaito_smart_following_market,高关注度账号关注市场,data.metrics.value,kaito-social-spider.kaito_smart_following_market.data.metrics.value,app,field,kaito,kaito-social-spider,kaito-social-spider.kaito_smart_following_market,sha256:f1620ffa32315698b375587fe1c122404db9b82a56c98e66940100518206b35c
Kaito 社交数据,浏览量,衡量指标,保留浏览次数，用于观察内容曝光。,例如用浏览量作曝光参考，再看互动量是否同步增长。 当前工具是否返回此指标仍待核对。,,unavailable,,,kaito_smart_following_market,高关注度账号关注市场,data.metrics.views,kaito-social-spider.kaito_smart_following_market.data.metrics.views,app,field,kaito,kaito-social-spider,kaito-social-spider.kaito_smart_following_market,sha256:f1620ffa32315698b375587fe1c122404db9b82a56c98e66940100518206b35c
Kaito 社交数据,平台,记录属性,标记内容所在的平台，便于区分来源渠道。,例如先用这个属性筛选可比较的记录，再查看对应的数值或内容。,kaito,transformed_test_fixture,https://github.com/cyberight-cap/fewunderstand/blob/23a854c2a02e6b52e424844648d4026737361caa/spider/kaito-social-spider/tests/fixtures/kaito_p0_raw.json,,kaito_smart_following_market,高关注度账号关注市场,data.platform,kaito-social-spider.kaito_smart_following_market.data.platform,app,field,kaito,kaito-social-spider,kaito-social-spider.kaito_smart_following_market,sha256:f1620ffa32315698b375587fe1c122404db9b82a56c98e66940100518206b35c
Kaito 社交数据,原始数据,原始或结构数据,保留该 Kaito 记录对应的原始返回行，用于回查未提取的键。,点开返回样本核对内部键，再决定是否需要提取为独立字段。,"{""entity_id"": ""pendle"", ""symbol"": ""PENDLE"", ""followers"": 12}",transformed_test_fixture,https://github.com/cyberight-cap/fewunderstand/blob/23a854c2a02e6b52e424844648d4026737361caa/spider/kaito-social-spider/tests/fixtures/kaito_p0_raw.json,,kaito_smart_following_market,高关注度账号关注市场,data.raw,kaito-social-spider.kaito_smart_following_market.data.raw,app,field,kaito,kaito-social-spider,kaito-social-spider.kaito_smart_following_market,sha256:f1620ffa32315698b375587fe1c122404db9b82a56c98e66940100518206b35c
Kaito 社交数据,记录类型,来源与溯源,标记转换后的 Kaito 记录类型，便于选择正确的处理规则。,例如排查一条指标的来源或重复记录时，用它回到原始查询和处理链。,kaito_smart_following_market,transformed_test_fixture,https://github.com/cyberight-cap/fewunderstand/blob/23a854c2a02e6b52e424844648d4026737361caa/spider/kaito-social-spider/tests/fixtures/kaito_p0_raw.json,,kaito_smart_following_market,高关注度账号关注市场,data.record_type,kaito-social-spider.kaito_smart_following_market.data.record_type,v2,field,kaito,kaito-social-spider,kaito-social-spider.kaito_smart_following_market,sha256:f1620ffa32315698b375587fe1c122404db9b82a56c98e66940100518206b35c
Kaito 社交数据,请求信息,原始或结构数据,保存调用 Kaito 工具的请求元信息，用于核对查询条件。,点开返回样本核对内部键，再决定是否需要提取为独立字段。,"{""tool"": ""kaito_smart_following_market"", ""params_hash"": ""59676b023081bf7f"", ""window_start"": null, ""window_end"": null}",transformed_test_fixture,https://github.com/cyberight-cap/fewunderstand/blob/23a854c2a02e6b52e424844648d4026737361caa/spider/kaito-social-spider/tests/fixtures/kaito_p0_raw.json,,kaito_smart_following_market,高关注度账号关注市场,data.request,kaito-social-spider.kaito_smart_following_market.data.request,app,field,kaito,kaito-social-spider,kaito-social-spider.kaito_smart_following_market,sha256:f1620ffa32315698b375587fe1c122404db9b82a56c98e66940100518206b35c
Kaito 社交数据,请求参数摘要,来源与溯源,保存脱敏后的请求参数摘要，用于识别同一次查询条件。,例如排查一条指标的来源或重复记录时，用它回到原始查询和处理链。,59676b023081bf7f,transformed_test_fixture,https://github.com/cyberight-cap/fewunderstand/blob/23a854c2a02e6b52e424844648d4026737361caa/spider/kaito-social-spider/tests/fixtures/kaito_p0_raw.json,,kaito_smart_following_market,高关注度账号关注市场,data.request.params_hash,kaito-social-spider.kaito_smart_following_market.data.request.params_hash,app,field,kaito,kaito-social-spider,kaito-social-spider.kaito_smart_following_market,sha256:f1620ffa32315698b375587fe1c122404db9b82a56c98e66940100518206b35c
Kaito 社交数据,请求工具,来源与溯源,指出产生这条记录的 Kaito 工具，用于核对指标口径。,例如排查一条指标的来源或重复记录时，用它回到原始查询和处理链。,kaito_smart_following_market,transformed_test_fixture,https://github.com/cyberight-cap/fewunderstand/blob/23a854c2a02e6b52e424844648d4026737361caa/spider/kaito-social-spider/tests/fixtures/kaito_p0_raw.json,,kaito_smart_following_market,高关注度账号关注市场,data.request.tool,kaito-social-spider.kaito_smart_following_market.data.request.tool,app,field,kaito,kaito-social-spider,kaito-social-spider.kaito_smart_following_market,sha256:f1620ffa32315698b375587fe1c122404db9b82a56c98e66940100518206b35c
Kaito 社交数据,请求时间窗口,来源与溯源,记录请求时使用的时间窗口，用于比较同口径数据。,例如排查一条指标的来源或重复记录时，用它回到原始查询和处理链。,,unavailable,,,kaito_smart_following_market,高关注度账号关注市场,data.request.window,kaito-social-spider.kaito_smart_following_market.data.request.window,app,field,kaito,kaito-social-spider,kaito-social-spider.kaito_smart_following_market,sha256:f1620ffa32315698b375587fe1c122404db9b82a56c98e66940100518206b35c
Kaito 社交数据,请求窗口结束,来源与溯源,记录请求窗口的结束时间，用于界定统计区间。,例如排查一条指标的来源或重复记录时，用它回到原始查询和处理链。,,transformed_test_fixture,https://github.com/cyberight-cap/fewunderstand/blob/23a854c2a02e6b52e424844648d4026737361caa/spider/kaito-social-spider/tests/fixtures/kaito_p0_raw.json,,kaito_smart_following_market,高关注度账号关注市场,data.request.window_end,kaito-social-spider.kaito_smart_following_market.data.request.window_end,app,field,kaito,kaito-social-spider,kaito-social-spider.kaito_smart_following_market,sha256:f1620ffa32315698b375587fe1c122404db9b82a56c98e66940100518206b35c
Kaito 社交数据,请求窗口开始,来源与溯源,记录请求窗口的开始时间，用于界定统计区间。,例如排查一条指标的来源或重复记录时，用它回到原始查询和处理链。,,transformed_test_fixture,https://github.com/cyberight-cap/fewunderstand/blob/23a854c2a02e6b52e424844648d4026737361caa/spider/kaito-social-spider/tests/fixtures/kaito_p0_raw.json,,kaito_smart_following_market,高关注度账号关注市场,data.request.window_start,kaito-social-spider.kaito_smart_following_market.data.request.window_start,app,field,kaito,kaito-social-spider,kaito-social-spider.kaito_smart_following_market,sha256:f1620ffa32315698b375587fe1c122404db9b82a56c98e66940100518206b35c
Kaito 社交数据,统计窗口,时间定位,保存记录对应的统计窗口，用于避免混合不同时间跨度。,例如按同一时间窗分组，并检查记录是否过时。,,transformed_test_fixture,https://github.com/cyberight-cap/fewunderstand/blob/23a854c2a02e6b52e424844648d4026737361caa/spider/kaito-social-spider/tests/fixtures/kaito_p0_raw.json,,kaito_smart_following_market,高关注度账号关注市场,data.window,kaito-social-spider.kaito_smart_following_market.data.window,app,field,kaito,kaito-social-spider,kaito-social-spider.kaito_smart_following_market,sha256:f1620ffa32315698b375587fe1c122404db9b82a56c98e66940100518206b35c
Kaito 社交数据,处理溯源,来源与溯源,保存处理链路元信息，用于追查记录如何产生。,例如排查一条指标的来源或重复记录时，用它回到原始查询和处理链。,"{""event_id"": ""evt:d8bcc119a29da61bd8d5a18a692405be"", ""trace_id"": ""evt:d8bcc119a29da61bd8d5a18a692405be"", ""parent_event_ids"": [], ""source_event_id"": null, ""record_type"": ""kaito_smart_following_market"", ""schema_version"": ""pipeline-lineage/v1"", ""producer"": ""kaito-social-spider"", ""processing_stage"": ""ingest"", ""observed_at"": ""2026-07-19T00:00:00Z"", ""processed_at"": ""2026-07-19T00:00:00Z"", ""source_topic"": null, ""source_partition"": null, ""source_offset"": null, ""asset_id"": null}",transformed_test_fixture,https://github.com/cyberight-cap/fewunderstand/blob/23a854c2a02e6b52e424844648d4026737361caa/spider/kaito-social-spider/tests/fixtures/kaito_p0_raw.json,,kaito_smart_following_market,高关注度账号关注市场,lineage,kaito-social-spider.kaito_smart_following_market.lineage,app,field,kaito,kaito-social-spider,kaito-social-spider.kaito_smart_following_market,sha256:f1620ffa32315698b375587fe1c122404db9b82a56c98e66940100518206b35c
Kaito 社交数据,资产 ID,来源与溯源,保存解析后的内部资产 ID；未完成资产绑定时可能为空。,例如排查一条指标的来源或重复记录时，用它回到原始查询和处理链。,,transformed_test_fixture,https://github.com/cyberight-cap/fewunderstand/blob/23a854c2a02e6b52e424844648d4026737361caa/spider/kaito-social-spider/tests/fixtures/kaito_p0_raw.json,,kaito_smart_following_market,高关注度账号关注市场,lineage.asset_id,kaito-social-spider.kaito_smart_following_market.lineage.asset_id,app,field,kaito,kaito-social-spider,kaito-social-spider.kaito_smart_following_market,sha256:f1620ffa32315698b375587fe1c122404db9b82a56c98e66940100518206b35c
Kaito 社交数据,事件 ID,来源与溯源,稳定识别这条事件，用于追踪后续计算与结果。,例如排查一条指标的来源或重复记录时，用它回到原始查询和处理链。,evt:d8bcc119a29da61bd8d5a18a692405be,transformed_test_fixture,https://github.com/cyberight-cap/fewunderstand/blob/23a854c2a02e6b52e424844648d4026737361caa/spider/kaito-social-spider/tests/fixtures/kaito_p0_raw.json,,kaito_smart_following_market,高关注度账号关注市场,lineage.event_id,kaito-social-spider.kaito_smart_following_market.lineage.event_id,app,field,kaito,kaito-social-spider,kaito-social-spider.kaito_smart_following_market,sha256:f1620ffa32315698b375587fe1c122404db9b82a56c98e66940100518206b35c
Kaito 社交数据,观察时间,来源与溯源,记录事实被观察的时间，用于确认原始数据时效。,例如排查一条指标的来源或重复记录时，用它回到原始查询和处理链。,2026-07-19T00:00:00Z,transformed_test_fixture,https://github.com/cyberight-cap/fewunderstand/blob/23a854c2a02e6b52e424844648d4026737361caa/spider/kaito-social-spider/tests/fixtures/kaito_p0_raw.json,,kaito_smart_following_market,高关注度账号关注市场,lineage.observed_at,kaito-social-spider.kaito_smart_following_market.lineage.observed_at,app,field,kaito,kaito-social-spider,kaito-social-spider.kaito_smart_following_market,sha256:f1620ffa32315698b375587fe1c122404db9b82a56c98e66940100518206b35c
Kaito 社交数据,上游事件 ID,来源与溯源,保存上游事件 ID，用于追溯派生结果的输入。,例如排查一条指标的来源或重复记录时，用它回到原始查询和处理链。,[],transformed_test_fixture,https://github.com/cyberight-cap/fewunderstand/blob/23a854c2a02e6b52e424844648d4026737361caa/spider/kaito-social-spider/tests/fixtures/kaito_p0_raw.json,,kaito_smart_following_market,高关注度账号关注市场,lineage.parent_event_ids,kaito-social-spider.kaito_smart_following_market.lineage.parent_event_ids,app,field,kaito,kaito-social-spider,kaito-social-spider.kaito_smart_following_market,sha256:f1620ffa32315698b375587fe1c122404db9b82a56c98e66940100518206b35c
Kaito 社交数据,处理时间,来源与溯源,记录处理程序生成消息的时间，用于定位处理延迟。,例如排查一条指标的来源或重复记录时，用它回到原始查询和处理链。,2026-07-19T00:00:00Z,transformed_test_fixture,https://github.com/cyberight-cap/fewunderstand/blob/23a854c2a02e6b52e424844648d4026737361caa/spider/kaito-social-spider/tests/fixtures/kaito_p0_raw.json,,kaito_smart_following_market,高关注度账号关注市场,lineage.processed_at,kaito-social-spider.kaito_smart_following_market.lineage.processed_at,app,field,kaito,kaito-social-spider,kaito-social-spider.kaito_smart_following_market,sha256:f1620ffa32315698b375587fe1c122404db9b82a56c98e66940100518206b35c
Kaito 社交数据,处理阶段,来源与溯源,标记当前处理阶段，用于区分采集与后续加工。,例如排查一条指标的来源或重复记录时，用它回到原始查询和处理链。,ingest,transformed_test_fixture,https://github.com/cyberight-cap/fewunderstand/blob/23a854c2a02e6b52e424844648d4026737361caa/spider/kaito-social-spider/tests/fixtures/kaito_p0_raw.json,,kaito_smart_following_market,高关注度账号关注市场,lineage.processing_stage,kaito-social-spider.kaito_smart_following_market.lineage.processing_stage,app,field,kaito,kaito-social-spider,kaito-social-spider.kaito_smart_following_market,sha256:f1620ffa32315698b375587fe1c122404db9b82a56c98e66940100518206b35c
Kaito 社交数据,生产程序,来源与溯源,标记生成这条消息的程序，用于核对生产来源。,例如排查一条指标的来源或重复记录时，用它回到原始查询和处理链。,kaito-social-spider,transformed_test_fixture,https://github.com/cyberight-cap/fewunderstand/blob/23a854c2a02e6b52e424844648d4026737361caa/spider/kaito-social-spider/tests/fixtures/kaito_p0_raw.json,,kaito_smart_following_market,高关注度账号关注市场,lineage.producer,kaito-social-spider.kaito_smart_following_market.lineage.producer,app,field,kaito,kaito-social-spider,kaito-social-spider.kaito_smart_following_market,sha256:f1620ffa32315698b375587fe1c122404db9b82a56c98e66940100518206b35c
Kaito 社交数据,溯源记录类型,来源与溯源,标记溯源信封里的记录类型，用于验证处理链路。,例如排查一条指标的来源或重复记录时，用它回到原始查询和处理链。,kaito_smart_following_market,transformed_test_fixture,https://github.com/cyberight-cap/fewunderstand/blob/23a854c2a02e6b52e424844648d4026737361caa/spider/kaito-social-spider/tests/fixtures/kaito_p0_raw.json,,kaito_smart_following_market,高关注度账号关注市场,lineage.record_type,kaito-social-spider.kaito_smart_following_market.lineage.record_type,app,field,kaito,kaito-social-spider,kaito-social-spider.kaito_smart_following_market,sha256:f1620ffa32315698b375587fe1c122404db9b82a56c98e66940100518206b35c
Kaito 社交数据,结构版本,来源与溯源,标记消息结构版本，用于兼容不同版本的处理代码。,例如排查一条指标的来源或重复记录时，用它回到原始查询和处理链。,pipeline-lineage/v1,transformed_test_fixture,https://github.com/cyberight-cap/fewunderstand/blob/23a854c2a02e6b52e424844648d4026737361caa/spider/kaito-social-spider/tests/fixtures/kaito_p0_raw.json,,kaito_smart_following_market,高关注度账号关注市场,lineage.schema_version,kaito-social-spider.kaito_smart_following_market.lineage.schema_version,app,field,kaito,kaito-social-spider,kaito-social-spider.kaito_smart_following_market,sha256:f1620ffa32315698b375587fe1c122404db9b82a56c98e66940100518206b35c
Kaito 社交数据,来源事件 ID,来源与溯源,保存来源系统的事件 ID，用于跨系统回查。,例如排查一条指标的来源或重复记录时，用它回到原始查询和处理链。,,transformed_test_fixture,https://github.com/cyberight-cap/fewunderstand/blob/23a854c2a02e6b52e424844648d4026737361caa/spider/kaito-social-spider/tests/fixtures/kaito_p0_raw.json,,kaito_smart_following_market,高关注度账号关注市场,lineage.source_event_id,kaito-social-spider.kaito_smart_following_market.lineage.source_event_id,app,field,kaito,kaito-social-spider,kaito-social-spider.kaito_smart_following_market,sha256:f1620ffa32315698b375587fe1c122404db9b82a56c98e66940100518206b35c
Kaito 社交数据,来源偏移量,来源与溯源,保存来源消息偏移量，用于定位消息流位置。,例如排查一条指标的来源或重复记录时，用它回到原始查询和处理链。,,transformed_test_fixture,https://github.com/cyberight-cap/fewunderstand/blob/23a854c2a02e6b52e424844648d4026737361caa/spider/kaito-social-spider/tests/fixtures/kaito_p0_raw.json,,kaito_smart_following_market,高关注度账号关注市场,lineage.source_offset,kaito-social-spider.kaito_smart_following_market.lineage.source_offset,app,field,kaito,kaito-social-spider,kaito-social-spider.kaito_smart_following_market,sha256:f1620ffa32315698b375587fe1c122404db9b82a56c98e66940100518206b35c
Kaito 社交数据,来源分区,来源与溯源,保存来源消息分区，用于定位消息流位置。,例如排查一条指标的来源或重复记录时，用它回到原始查询和处理链。,,transformed_test_fixture,https://github.com/cyberight-cap/fewunderstand/blob/23a854c2a02e6b52e424844648d4026737361caa/spider/kaito-social-spider/tests/fixtures/kaito_p0_raw.json,,kaito_smart_following_market,高关注度账号关注市场,lineage.source_partition,kaito-social-spider.kaito_smart_following_market.lineage.source_partition,app,field,kaito,kaito-social-spider,kaito-social-spider.kaito_smart_following_market,sha256:f1620ffa32315698b375587fe1c122404db9b82a56c98e66940100518206b35c
Kaito 社交数据,来源主题,来源与溯源,保存来源主题名称，用于定位消息流位置。,例如排查一条指标的来源或重复记录时，用它回到原始查询和处理链。,,transformed_test_fixture,https://github.com/cyberight-cap/fewunderstand/blob/23a854c2a02e6b52e424844648d4026737361caa/spider/kaito-social-spider/tests/fixtures/kaito_p0_raw.json,,kaito_smart_following_market,高关注度账号关注市场,lineage.source_topic,kaito-social-spider.kaito_smart_following_market.lineage.source_topic,app,field,kaito,kaito-social-spider,kaito-social-spider.kaito_smart_following_market,sha256:f1620ffa32315698b375587fe1c122404db9b82a56c98e66940100518206b35c
Kaito 社交数据,追踪 ID,来源与溯源,关联同一处理链路上的事件，用于端到端追踪。,例如排查一条指标的来源或重复记录时，用它回到原始查询和处理链。,evt:d8bcc119a29da61bd8d5a18a692405be,transformed_test_fixture,https://github.com/cyberight-cap/fewunderstand/blob/23a854c2a02e6b52e424844648d4026737361caa/spider/kaito-social-spider/tests/fixtures/kaito_p0_raw.json,,kaito_smart_following_market,高关注度账号关注市场,lineage.trace_id,kaito-social-spider.kaito_smart_following_market.lineage.trace_id,app,field,kaito,kaito-social-spider,kaito-social-spider.kaito_smart_following_market,sha256:f1620ffa32315698b375587fe1c122404db9b82a56c98e66940100518206b35c
Kaito 社交数据,原始文本,内容理解,保留内容的原始文本，用于回查清洗前的信息。,例如筛选与目标项目相关的内容，再点回原文人工核查。,,unavailable,,,kaito_smart_following_market,高关注度账号关注市场,raw_text,kaito-social-spider.kaito_smart_following_market.raw_text,app,field,kaito,kaito-social-spider,kaito-social-spider.kaito_smart_following_market,sha256:f1620ffa32315698b375587fe1c122404db9b82a56c98e66940100518206b35c
Kaito 社交数据,来源,来源与溯源,标记这条记录的来源，用于筛选和核对数据出处。,例如排查一条指标的来源或重复记录时，用它回到原始查询和处理链。,kaito,transformed_test_fixture,https://github.com/cyberight-cap/fewunderstand/blob/23a854c2a02e6b52e424844648d4026737361caa/spider/kaito-social-spider/tests/fixtures/kaito_p0_raw.json,,kaito_smart_following_market,高关注度账号关注市场,source,kaito-social-spider.kaito_smart_following_market.source,app,field,kaito,kaito-social-spider,kaito-social-spider.kaito_smart_following_market,sha256:f1620ffa32315698b375587fe1c122404db9b82a56c98e66940100518206b35c
Kaito 社交数据,正文,内容理解,保存消息或帖子的正文，用于关键词、主题和事件分析。,例如查找项目名或事件关键词，并结合消息时间和来源做人工核对。,,unavailable,,,kaito_smart_following_market,高关注度账号关注市场,text,kaito-social-spider.kaito_smart_following_market.text,app,field,kaito,kaito-social-spider,kaito-social-spider.kaito_smart_following_market,sha256:f1620ffa32315698b375587fe1c122404db9b82a56c98e66940100518206b35c
Kaito 社交数据,记录时间,时间定位,记录该数据对应的时间点，用于排序或时间窗聚合。,例如按同一时间窗分组，并检查记录是否过时。,2026-07-19T00:00:00Z,transformed_test_fixture,https://github.com/cyberight-cap/fewunderstand/blob/23a854c2a02e6b52e424844648d4026737361caa/spider/kaito-social-spider/tests/fixtures/kaito_p0_raw.json,,kaito_smart_following_market,高关注度账号关注市场,timestamp,kaito-social-spider.kaito_smart_following_market.timestamp,app,field,kaito,kaito-social-spider,kaito-social-spider.kaito_smart_following_market,sha256:f1620ffa32315698b375587fe1c122404db9b82a56c98e66940100518206b35c
Kaito 社交数据,标题,内容理解,保存内容标题，用于快速判断主题。,例如先用标题筛选相关内容，再用正文或原文链接验证。,,unavailable,,,kaito_smart_following_market,高关注度账号关注市场,title,kaito-social-spider.kaito_smart_following_market.title,app,field,kaito,kaito-social-spider,kaito-social-spider.kaito_smart_following_market,sha256:f1620ffa32315698b375587fe1c122404db9b82a56c98e66940100518206b35c
Kaito 社交数据,链接地址,对象识别,保存内容原文地址，用于回查和去重。,例如把同一对象在不同时间的记录对齐，再比较指标变化。,,unavailable,,,kaito_smart_following_market,高关注度账号关注市场,url,kaito-social-spider.kaito_smart_following_market.url,app,field,kaito,kaito-social-spider,kaito-social-spider.kaito_smart_following_market,sha256:f1620ffa32315698b375587fe1c122404db9b82a56c98e66940100518206b35c
Kaito 社交数据,高关注度账号关注快照,记录类型,这类记录包含下列可展开的字段定义。,先选择记录类型，再查看字段用途与返回样本。,,unavailable,,,kaito_smart_following_snapshot,高关注度账号关注快照,kaito_smart_following_snapshot,kaito-social-spider.kaito_smart_following_snapshot,app,record_type,kaito,kaito-social-spider,kaito-social-spider.kaito_smart_following_snapshot,sha256:f1620ffa32315698b375587fe1c122404db9b82a56c98e66940100518206b35c
Kaito 社交数据,作者,内容理解,指出内容的作者，便于按发布者汇总或回到原帖。,例如筛选与目标项目相关的内容，再点回原文人工核查。,smart_kol,transformed_test_fixture,https://github.com/cyberight-cap/fewunderstand/blob/23a854c2a02e6b52e424844648d4026737361caa/spider/kaito-social-spider/tests/fixtures/kaito_p0_raw.json,,kaito_smart_following_snapshot,高关注度账号关注快照,author,kaito-social-spider.kaito_smart_following_snapshot.author,app,field,kaito,kaito-social-spider,kaito-social-spider.kaito_smart_following_snapshot,sha256:f1620ffa32315698b375587fe1c122404db9b82a56c98e66940100518206b35c
Kaito 社交数据,数据对象,原始或结构数据,装载这一类记录的主要业务数据；应继续展开具体子字段。,点开返回样本核对内部键，再决定是否需要提取为独立字段。,"{""platform"": ""kaito"", ""content_type"": ""social_intelligence"", ""record_type"": ""kaito_smart_following_snapshot"", ""entity"": {""kaito_id"": null, ""symbol"": null, ""name"": null, ""coingecko_slug"": null}, ""window"": null, ""metrics"": {}, ""request"": {""tool"": ""kaito_smart_following"", ""params_hash"": ""3a0b9442a1a5e7d2"", ""window_start"": null, ""window_end"": null}, ""raw"": {""username"": ""smart_kol"", ""following"": ""pendle""}}",transformed_test_fixture,https://github.com/cyberight-cap/fewunderstand/blob/23a854c2a02e6b52e424844648d4026737361caa/spider/kaito-social-spider/tests/fixtures/kaito_p0_raw.json,,kaito_smart_following_snapshot,高关注度账号关注快照,data,kaito-social-spider.kaito_smart_following_snapshot.data,app,field,kaito,kaito-social-spider,kaito-social-spider.kaito_smart_following_snapshot,sha256:f1620ffa32315698b375587fe1c122404db9b82a56c98e66940100518206b35c
Kaito 社交数据,内容类型,记录属性,说明 Kaito 记录的内容类别，便于区分不同内容。,例如先用这个属性筛选可比较的记录，再查看对应的数值或内容。,social_intelligence,transformed_test_fixture,https://github.com/cyberight-cap/fewunderstand/blob/23a854c2a02e6b52e424844648d4026737361caa/spider/kaito-social-spider/tests/fixtures/kaito_p0_raw.json,,kaito_smart_following_snapshot,高关注度账号关注快照,data.content_type,kaito-social-spider.kaito_smart_following_snapshot.data.content_type,app,field,kaito,kaito-social-spider,kaito-social-spider.kaito_smart_following_snapshot,sha256:f1620ffa32315698b375587fe1c122404db9b82a56c98e66940100518206b35c
Kaito 社交数据,对象信息,原始或结构数据,保存被分析对象的身份信息，用于关联同一项目或资产。,点开返回样本核对内部键，再决定是否需要提取为独立字段。,"{""kaito_id"": null, ""symbol"": null, ""name"": null, ""coingecko_slug"": null}",transformed_test_fixture,https://github.com/cyberight-cap/fewunderstand/blob/23a854c2a02e6b52e424844648d4026737361caa/spider/kaito-social-spider/tests/fixtures/kaito_p0_raw.json,,kaito_smart_following_snapshot,高关注度账号关注快照,data.entity,kaito-social-spider.kaito_smart_following_snapshot.data.entity,app,field,kaito,kaito-social-spider,kaito-social-spider.kaito_smart_following_snapshot,sha256:f1620ffa32315698b375587fe1c122404db9b82a56c98e66940100518206b35c
Kaito 社交数据,CoinGecko 标识,对象识别,保存 CoinGecko 的对象标识，便于跨来源对齐同一资产。,例如把同一对象在不同时间的记录对齐，再比较指标变化。,,transformed_test_fixture,https://github.com/cyberight-cap/fewunderstand/blob/23a854c2a02e6b52e424844648d4026737361caa/spider/kaito-social-spider/tests/fixtures/kaito_p0_raw.json,,kaito_smart_following_snapshot,高关注度账号关注快照,data.entity.coingecko_slug,kaito-social-spider.kaito_smart_following_snapshot.data.entity.coingecko_slug,app,field,kaito,kaito-social-spider,kaito-social-spider.kaito_smart_following_snapshot,sha256:f1620ffa32315698b375587fe1c122404db9b82a56c98e66940100518206b35c
Kaito 社交数据,Kaito ID,对象识别,保存 Kaito 的对象标识，便于合并同一对象的多条记录。,例如把同一对象在不同时间的记录对齐，再比较指标变化。,,transformed_test_fixture,https://github.com/cyberight-cap/fewunderstand/blob/23a854c2a02e6b52e424844648d4026737361caa/spider/kaito-social-spider/tests/fixtures/kaito_p0_raw.json,,kaito_smart_following_snapshot,高关注度账号关注快照,data.entity.kaito_id,kaito-social-spider.kaito_smart_following_snapshot.data.entity.kaito_id,app,field,kaito,kaito-social-spider,kaito-social-spider.kaito_smart_following_snapshot,sha256:f1620ffa32315698b375587fe1c122404db9b82a56c98e66940100518206b35c
Kaito 社交数据,对象名称,对象识别,显示被分析对象的名称，便于人工核对。,例如把同一对象在不同时间的记录对齐，再比较指标变化。,,transformed_test_fixture,https://github.com/cyberight-cap/fewunderstand/blob/23a854c2a02e6b52e424844648d4026737361caa/spider/kaito-social-spider/tests/fixtures/kaito_p0_raw.json,,kaito_smart_following_snapshot,高关注度账号关注快照,data.entity.name,kaito-social-spider.kaito_smart_following_snapshot.data.entity.name,app,field,kaito,kaito-social-spider,kaito-social-spider.kaito_smart_following_snapshot,sha256:f1620ffa32315698b375587fe1c122404db9b82a56c98e66940100518206b35c
Kaito 社交数据,资产代码,对象识别,保存对象的资产代码，便于与市场数据匹配；同名代码仍需核验。,例如把同一对象在不同时间的记录对齐，再比较指标变化。,,transformed_test_fixture,https://github.com/cyberight-cap/fewunderstand/blob/23a854c2a02e6b52e424844648d4026737361caa/spider/kaito-social-spider/tests/fixtures/kaito_p0_raw.json,,kaito_smart_following_snapshot,高关注度账号关注快照,data.entity.symbol,kaito-social-spider.kaito_smart_following_snapshot.data.entity.symbol,v2,field,kaito,kaito-social-spider,kaito-social-spider.kaito_smart_following_snapshot,sha256:f1620ffa32315698b375587fe1c122404db9b82a56c98e66940100518206b35c
Kaito 社交数据,指标集合,原始或结构数据,装载 Kaito 返回行中提取出的指标；具体有哪些键取决于工具返回。,点开返回样本核对内部键，再决定是否需要提取为独立字段。,{},transformed_test_fixture,https://github.com/cyberight-cap/fewunderstand/blob/23a854c2a02e6b52e424844648d4026737361caa/spider/kaito-social-spider/tests/fixtures/kaito_p0_raw.json,,kaito_smart_following_snapshot,高关注度账号关注快照,data.metrics,kaito-social-spider.kaito_smart_following_snapshot.data.metrics,app,field,kaito,kaito-social-spider,kaito-social-spider.kaito_smart_following_snapshot,sha256:f1620ffa32315698b375587fe1c122404db9b82a56c98e66940100518206b35c
Kaito 社交数据,看跌指标,衡量指标,保留返回行中的看跌指标；分值口径需由对应工具确认。,例如在“高关注度账号关注快照”中按对象和时间窗比较这个值；计算前先核对单位与口径。 此指标是否由当前 Kaito 工具返回仍待核对。,,unavailable,,,kaito_smart_following_snapshot,高关注度账号关注快照,data.metrics.bearish,kaito-social-spider.kaito_smart_following_snapshot.data.metrics.bearish,app,field,kaito,kaito-social-spider,kaito-social-spider.kaito_smart_following_snapshot,sha256:f1620ffa32315698b375587fe1c122404db9b82a56c98e66940100518206b35c
Kaito 社交数据,看涨指标,衡量指标,保留返回行中的看涨指标；分值口径需由对应工具确认。,例如在“高关注度账号关注快照”中按对象和时间窗比较这个值；计算前先核对单位与口径。 此指标是否由当前 Kaito 工具返回仍待核对。,,unavailable,,,kaito_smart_following_snapshot,高关注度账号关注快照,data.metrics.bullish,kaito-social-spider.kaito_smart_following_snapshot.data.metrics.bullish,app,field,kaito,kaito-social-spider,kaito-social-spider.kaito_smart_following_snapshot,sha256:f1620ffa32315698b375587fe1c122404db9b82a56c98e66940100518206b35c
Kaito 社交数据,变化量,衡量指标,保留返回行中的变化值；比较前需确认变化的基准。,例如在“高关注度账号关注快照”中按对象和时间窗比较这个值；计算前先核对单位与口径。 此指标是否由当前 Kaito 工具返回仍待核对。,,unavailable,,,kaito_smart_following_snapshot,高关注度账号关注快照,data.metrics.change,kaito-social-spider.kaito_smart_following_snapshot.data.metrics.change,app,field,kaito,kaito-social-spider,kaito-social-spider.kaito_smart_following_snapshot,sha256:f1620ffa32315698b375587fe1c122404db9b82a56c98e66940100518206b35c
Kaito 社交数据,当前关注份额,衡量指标,保留当前关注份额；分母和时间窗需由对应工具确认。,例如在“高关注度账号关注快照”中按对象和时间窗比较这个值；计算前先核对单位与口径。 此指标是否由当前 Kaito 工具返回仍待核对。,,unavailable,,,kaito_smart_following_snapshot,高关注度账号关注快照,data.metrics.current_mindshare,kaito-social-spider.kaito_smart_following_snapshot.data.metrics.current_mindshare,app,field,kaito,kaito-social-spider,kaito-social-spider.kaito_smart_following_snapshot,sha256:f1620ffa32315698b375587fe1c122404db9b82a56c98e66940100518206b35c
Kaito 社交数据,变化值,衡量指标,保留相对上一窗口的变化值；比较前需确认方向和单位。,例如在“高关注度账号关注快照”中按对象和时间窗比较这个值；计算前先核对单位与口径。 此指标是否由当前 Kaito 工具返回仍待核对。,,unavailable,,,kaito_smart_following_snapshot,高关注度账号关注快照,data.metrics.delta,kaito-social-spider.kaito_smart_following_snapshot.data.metrics.delta,app,field,kaito,kaito-social-spider,kaito-social-spider.kaito_smart_following_snapshot,sha256:f1620ffa32315698b375587fe1c122404db9b82a56c98e66940100518206b35c
Kaito 社交数据,绝对变化值,衡量指标,保留绝对变化值；不要与百分比变化混用。,例如在“高关注度账号关注快照”中按对象和时间窗比较这个值；计算前先核对单位与口径。 此指标是否由当前 Kaito 工具返回仍待核对。,,unavailable,,,kaito_smart_following_snapshot,高关注度账号关注快照,data.metrics.delta_abs,kaito-social-spider.kaito_smart_following_snapshot.data.metrics.delta_abs,app,field,kaito,kaito-social-spider,kaito-social-spider.kaito_smart_following_snapshot,sha256:f1620ffa32315698b375587fe1c122404db9b82a56c98e66940100518206b35c
Kaito 社交数据,变化百分比,衡量指标,保留百分比变化；需要核对上游使用的是小数还是百分数。,例如在“高关注度账号关注快照”中按对象和时间窗比较这个值；计算前先核对单位与口径。 此指标是否由当前 Kaito 工具返回仍待核对。,,unavailable,,,kaito_smart_following_snapshot,高关注度账号关注快照,data.metrics.delta_pct,kaito-social-spider.kaito_smart_following_snapshot.data.metrics.delta_pct,app,field,kaito,kaito-social-spider,kaito-social-spider.kaito_smart_following_snapshot,sha256:f1620ffa32315698b375587fe1c122404db9b82a56c98e66940100518206b35c
Kaito 社交数据,变化方向,记录属性,标记变化属于上升或下降等方向，用于区分增减。,例如先用这个属性筛选可比较的记录，再查看对应的数值或内容。 此指标是否由当前 Kaito 工具返回仍待核对。,,unavailable,,,kaito_smart_following_snapshot,高关注度账号关注快照,data.metrics.direction,kaito-social-spider.kaito_smart_following_snapshot.data.metrics.direction,app,field,kaito,kaito-social-spider,kaito-social-spider.kaito_smart_following_snapshot,sha256:f1620ffa32315698b375587fe1c122404db9b82a56c98e66940100518206b35c
Kaito 社交数据,互动量,衡量指标,保留返回行的互动量；需核对包含哪些互动行为。,例如统计同一对象在一个窗口内的互动量变化，再对照提及量判断热度来源。 当前工具是否返回此指标仍待核对。,,unavailable,,,kaito_smart_following_snapshot,高关注度账号关注快照,data.metrics.engagement,kaito-social-spider.kaito_smart_following_snapshot.data.metrics.engagement,app,field,kaito,kaito-social-spider,kaito-social-spider.kaito_smart_following_snapshot,sha256:f1620ffa32315698b375587fe1c122404db9b82a56c98e66940100518206b35c
Kaito 社交数据,粉丝数,衡量指标,保留返回行的粉丝数量；需核对统计对象。,例如在“高关注度账号关注快照”中按对象和时间窗比较这个值；计算前先核对单位与口径。 此指标是否由当前 Kaito 工具返回仍待核对。,,unavailable,,,kaito_smart_following_snapshot,高关注度账号关注快照,data.metrics.followers,kaito-social-spider.kaito_smart_following_snapshot.data.metrics.followers,app,field,kaito,kaito-social-spider,kaito-social-spider.kaito_smart_following_snapshot,sha256:f1620ffa32315698b375587fe1c122404db9b82a56c98e66940100518206b35c
Kaito 社交数据,点赞数,衡量指标,保留点赞次数，用于观察内容互动。,例如比较同一批帖子中的点赞分布，识别由少数爆款带来的热度。 当前工具是否返回此指标仍待核对。,,unavailable,,,kaito_smart_following_snapshot,高关注度账号关注快照,data.metrics.likes,kaito-social-spider.kaito_smart_following_snapshot.data.metrics.likes,app,field,kaito,kaito-social-spider,kaito-social-spider.kaito_smart_following_snapshot,sha256:f1620ffa32315698b375587fe1c122404db9b82a56c98e66940100518206b35c
Kaito 社交数据,提及次数,衡量指标,保留提及次数，用于观察讨论量。,例如按天计算项目提及次数，并与过去一周的基线比较。 当前工具是否返回此指标仍待核对。,,unavailable,,,kaito_smart_following_snapshot,高关注度账号关注快照,data.metrics.mention_count,kaito-social-spider.kaito_smart_following_snapshot.data.metrics.mention_count,app,field,kaito,kaito-social-spider,kaito-social-spider.kaito_smart_following_snapshot,sha256:f1620ffa32315698b375587fe1c122404db9b82a56c98e66940100518206b35c
Kaito 社交数据,提及量,衡量指标,保留提及量，用于观察讨论量。,例如按天观察项目被提及的频率，检查增长是否持续。 当前工具是否返回此指标仍待核对。,,unavailable,,,kaito_smart_following_snapshot,高关注度账号关注快照,data.metrics.mentions,kaito-social-spider.kaito_smart_following_snapshot.data.metrics.mentions,app,field,kaito,kaito-social-spider,kaito-social-spider.kaito_smart_following_snapshot,sha256:f1620ffa32315698b375587fe1c122404db9b82a56c98e66940100518206b35c
Kaito 社交数据,提及次数,衡量指标,保留提及次数，用于观察讨论量。,例如按天观察项目被提及的频率，检查增长是否持续。 当前工具是否返回此指标仍待核对。,,unavailable,,,kaito_smart_following_snapshot,高关注度账号关注快照,data.metrics.mentions_count,kaito-social-spider.kaito_smart_following_snapshot.data.metrics.mentions_count,app,field,kaito,kaito-social-spider,kaito-social-spider.kaito_smart_following_snapshot,sha256:f1620ffa32315698b375587fe1c122404db9b82a56c98e66940100518206b35c
Kaito 社交数据,关注份额,衡量指标,保留关注份额；比较前需确认分母、时间窗和来源范围。,例如比较同一来源、同一窗口的关注份额变化，检查项目讨论占比是否持续上升。 当前工具是否返回此指标仍待核对。,,unavailable,,,kaito_smart_following_snapshot,高关注度账号关注快照,data.metrics.mindshare,kaito-social-spider.kaito_smart_following_snapshot.data.metrics.mindshare,app,field,kaito,kaito-social-spider,kaito-social-spider.kaito_smart_following_snapshot,sha256:f1620ffa32315698b375587fe1c122404db9b82a56c98e66940100518206b35c
Kaito 社交数据,当前关注份额,衡量指标,保留当前关注份额；比较前需确认分母和时间窗。,例如在“高关注度账号关注快照”中按对象和时间窗比较这个值；计算前先核对单位与口径。 此指标是否由当前 Kaito 工具返回仍待核对。,,unavailable,,,kaito_smart_following_snapshot,高关注度账号关注快照,data.metrics.mindshare_current,kaito-social-spider.kaito_smart_following_snapshot.data.metrics.mindshare_current,app,field,kaito,kaito-social-spider,kaito-social-spider.kaito_smart_following_snapshot,sha256:f1620ffa32315698b375587fe1c122404db9b82a56c98e66940100518206b35c
Kaito 社交数据,关注份额变化,衡量指标,保留关注份额变化；需与相同口径的前期值比较。,例如筛选关注份额上升最快的项目，再检查绝对讨论量，避免小基数误导。 当前工具是否返回此指标仍待核对。,,unavailable,,,kaito_smart_following_snapshot,高关注度账号关注快照,data.metrics.mindshare_delta,kaito-social-spider.kaito_smart_following_snapshot.data.metrics.mindshare_delta,app,field,kaito,kaito-social-spider,kaito-social-spider.kaito_smart_following_snapshot,sha256:f1620ffa32315698b375587fe1c122404db9b82a56c98e66940100518206b35c
Kaito 社交数据,上期排名,衡量指标,保留上一统计窗口的名次，用于计算排名变化。,例如在“高关注度账号关注快照”中按对象和时间窗比较这个值；计算前先核对单位与口径。 此指标是否由当前 Kaito 工具返回仍待核对。,,unavailable,,,kaito_smart_following_snapshot,高关注度账号关注快照,data.metrics.previous_rank,kaito-social-spider.kaito_smart_following_snapshot.data.metrics.previous_rank,app,field,kaito,kaito-social-spider,kaito-social-spider.kaito_smart_following_snapshot,sha256:f1620ffa32315698b375587fe1c122404db9b82a56c98e66940100518206b35c
Kaito 社交数据,引用数,衡量指标,保留引用转发次数，用于观察内容传播。,例如在“高关注度账号关注快照”中按对象和时间窗比较这个值；计算前先核对单位与口径。 此指标是否由当前 Kaito 工具返回仍待核对。,,unavailable,,,kaito_smart_following_snapshot,高关注度账号关注快照,data.metrics.quotes,kaito-social-spider.kaito_smart_following_snapshot.data.metrics.quotes,app,field,kaito,kaito-social-spider,kaito-social-spider.kaito_smart_following_snapshot,sha256:f1620ffa32315698b375587fe1c122404db9b82a56c98e66940100518206b35c
Kaito 社交数据,排名,衡量指标,保留当前名次，用于查看对象在同口径榜单中的位置。,例如追踪同一榜单中名次的连续变化，而不是只看单次排名。 当前工具是否返回此指标仍待核对。,,unavailable,,,kaito_smart_following_snapshot,高关注度账号关注快照,data.metrics.rank,kaito-social-spider.kaito_smart_following_snapshot.data.metrics.rank,app,field,kaito,kaito-social-spider,kaito-social-spider.kaito_smart_following_snapshot,sha256:f1620ffa32315698b375587fe1c122404db9b82a56c98e66940100518206b35c
Kaito 社交数据,排名变化,衡量指标,保留名次变化；需要确认正负号代表的方向。,例如在“高关注度账号关注快照”中按对象和时间窗比较这个值；计算前先核对单位与口径。 此指标是否由当前 Kaito 工具返回仍待核对。,,unavailable,,,kaito_smart_following_snapshot,高关注度账号关注快照,data.metrics.rank_change,kaito-social-spider.kaito_smart_following_snapshot.data.metrics.rank_change,app,field,kaito,kaito-social-spider,kaito-social-spider.kaito_smart_following_snapshot,sha256:f1620ffa32315698b375587fe1c122404db9b82a56c98e66940100518206b35c
Kaito 社交数据,回复数,衡量指标,保留回复次数，用于观察讨论参与。,例如在“高关注度账号关注快照”中按对象和时间窗比较这个值；计算前先核对单位与口径。 此指标是否由当前 Kaito 工具返回仍待核对。,,unavailable,,,kaito_smart_following_snapshot,高关注度账号关注快照,data.metrics.replies,kaito-social-spider.kaito_smart_following_snapshot.data.metrics.replies,app,field,kaito,kaito-social-spider,kaito-social-spider.kaito_smart_following_snapshot,sha256:f1620ffa32315698b375587fe1c122404db9b82a56c98e66940100518206b35c
Kaito 社交数据,转发数,衡量指标,保留转发次数，用于观察内容传播。,例如在“高关注度账号关注快照”中按对象和时间窗比较这个值；计算前先核对单位与口径。 此指标是否由当前 Kaito 工具返回仍待核对。,,unavailable,,,kaito_smart_following_snapshot,高关注度账号关注快照,data.metrics.retweets,kaito-social-spider.kaito_smart_following_snapshot.data.metrics.retweets,app,field,kaito,kaito-social-spider,kaito-social-spider.kaito_smart_following_snapshot,sha256:f1620ffa32315698b375587fe1c122404db9b82a56c98e66940100518206b35c
Kaito 社交数据,评分,衡量指标,保留工具返回的评分；不同工具的评分不能直接混算。,例如在“高关注度账号关注快照”中按对象和时间窗比较这个值；计算前先核对单位与口径。 此指标是否由当前 Kaito 工具返回仍待核对。,,unavailable,,,kaito_smart_following_snapshot,高关注度账号关注快照,data.metrics.score,kaito-social-spider.kaito_smart_following_snapshot.data.metrics.score,app,field,kaito,kaito-social-spider,kaito-social-spider.kaito_smart_following_snapshot,sha256:f1620ffa32315698b375587fe1c122404db9b82a56c98e66940100518206b35c
Kaito 社交数据,情绪,衡量指标,保留情绪指标；量纲和正负含义需由对应工具确认。,例如把情绪变化与同一窗口的提及量一起看，避免少量帖子主导判断。 当前工具是否返回此指标仍待核对。,,unavailable,,,kaito_smart_following_snapshot,高关注度账号关注快照,data.metrics.sentiment,kaito-social-spider.kaito_smart_following_snapshot.data.metrics.sentiment,app,field,kaito,kaito-social-spider,kaito-social-spider.kaito_smart_following_snapshot,sha256:f1620ffa32315698b375587fe1c122404db9b82a56c98e66940100518206b35c
Kaito 社交数据,情绪评分,衡量指标,保留情绪评分；与讨论量一起看更能判断可靠性。,例如把情绪评分与同一窗口的提及量一起看，避免少量帖子主导判断。 当前工具是否返回此指标仍待核对。,,unavailable,,,kaito_smart_following_snapshot,高关注度账号关注快照,data.metrics.sentiment_score,kaito-social-spider.kaito_smart_following_snapshot.data.metrics.sentiment_score,app,field,kaito,kaito-social-spider,kaito-social-spider.kaito_smart_following_snapshot,sha256:f1620ffa32315698b375587fe1c122404db9b82a56c98e66940100518206b35c
Kaito 社交数据,高关注度账号互动量,衡量指标,保留高关注度账号的互动量；账号认定口径需核对。,例如观察高关注度账号的互动是否先于整体互动增加，作为待验证的早期关注线索。 当前工具是否返回此指标仍待核对。,,unavailable,,,kaito_smart_following_snapshot,高关注度账号关注快照,data.metrics.smart_engagement,kaito-social-spider.kaito_smart_following_snapshot.data.metrics.smart_engagement,app,field,kaito,kaito-social-spider,kaito-social-spider.kaito_smart_following_snapshot,sha256:f1620ffa32315698b375587fe1c122404db9b82a56c98e66940100518206b35c
Kaito 社交数据,高关注度账号互动占比,衡量指标,保留高关注度账号互动占比；需核对分母。,例如在“高关注度账号关注快照”中按对象和时间窗比较这个值；计算前先核对单位与口径。 此指标是否由当前 Kaito 工具返回仍待核对。,,unavailable,,,kaito_smart_following_snapshot,高关注度账号关注快照,data.metrics.smart_engagement_ratio,kaito-social-spider.kaito_smart_following_snapshot.data.metrics.smart_engagement_ratio,app,field,kaito,kaito-social-spider,kaito-social-spider.kaito_smart_following_snapshot,sha256:f1620ffa32315698b375587fe1c122404db9b82a56c98e66940100518206b35c
Kaito 社交数据,高关注度粉丝数,衡量指标,保留高关注度粉丝数；账号认定口径需核对。,例如比较同一账号连续两次的高关注度粉丝数，检查是否出现异常增长。 当前工具是否返回此指标仍待核对。,,unavailable,,,kaito_smart_following_snapshot,高关注度账号关注快照,data.metrics.smart_followers,kaito-social-spider.kaito_smart_following_snapshot.data.metrics.smart_followers,app,field,kaito,kaito-social-spider,kaito-social-spider.kaito_smart_following_snapshot,sha256:f1620ffa32315698b375587fe1c122404db9b82a56c98e66940100518206b35c
Kaito 社交数据,指标时间,时间定位,标记指标对应的时间点，用于组成时间序列。,例如按同一时间窗分组，并检查记录是否过时。 此指标是否由当前 Kaito 工具返回仍待核对。,,unavailable,,,kaito_smart_following_snapshot,高关注度账号关注快照,data.metrics.timestamp,kaito-social-spider.kaito_smart_following_snapshot.data.metrics.timestamp,app,field,kaito,kaito-social-spider,kaito-social-spider.kaito_smart_following_snapshot,sha256:f1620ffa32315698b375587fe1c122404db9b82a56c98e66940100518206b35c
Kaito 社交数据,总互动量,衡量指标,保留总互动量，用于观察讨论热度。,例如与提及次数一起比较，区分少数高互动内容和广泛讨论。 当前工具是否返回此指标仍待核对。,,unavailable,,,kaito_smart_following_snapshot,高关注度账号关注快照,data.metrics.total_engagement,kaito-social-spider.kaito_smart_following_snapshot.data.metrics.total_engagement,app,field,kaito,kaito-social-spider,kaito-social-spider.kaito_smart_following_snapshot,sha256:f1620ffa32315698b375587fe1c122404db9b82a56c98e66940100518206b35c
Kaito 社交数据,指标值,衡量指标,保留时间序列或指标行的数值；含义取决于对应工具。,例如在“高关注度账号关注快照”中按对象和时间窗比较这个值；计算前先核对单位与口径。 此指标是否由当前 Kaito 工具返回仍待核对。,,unavailable,,,kaito_smart_following_snapshot,高关注度账号关注快照,data.metrics.value,kaito-social-spider.kaito_smart_following_snapshot.data.metrics.value,app,field,kaito,kaito-social-spider,kaito-social-spider.kaito_smart_following_snapshot,sha256:f1620ffa32315698b375587fe1c122404db9b82a56c98e66940100518206b35c
Kaito 社交数据,浏览量,衡量指标,保留浏览次数，用于观察内容曝光。,例如用浏览量作曝光参考，再看互动量是否同步增长。 当前工具是否返回此指标仍待核对。,,unavailable,,,kaito_smart_following_snapshot,高关注度账号关注快照,data.metrics.views,kaito-social-spider.kaito_smart_following_snapshot.data.metrics.views,app,field,kaito,kaito-social-spider,kaito-social-spider.kaito_smart_following_snapshot,sha256:f1620ffa32315698b375587fe1c122404db9b82a56c98e66940100518206b35c
Kaito 社交数据,平台,记录属性,标记内容所在的平台，便于区分来源渠道。,例如先用这个属性筛选可比较的记录，再查看对应的数值或内容。,kaito,transformed_test_fixture,https://github.com/cyberight-cap/fewunderstand/blob/23a854c2a02e6b52e424844648d4026737361caa/spider/kaito-social-spider/tests/fixtures/kaito_p0_raw.json,,kaito_smart_following_snapshot,高关注度账号关注快照,data.platform,kaito-social-spider.kaito_smart_following_snapshot.data.platform,app,field,kaito,kaito-social-spider,kaito-social-spider.kaito_smart_following_snapshot,sha256:f1620ffa32315698b375587fe1c122404db9b82a56c98e66940100518206b35c
Kaito 社交数据,原始数据,原始或结构数据,保留该 Kaito 记录对应的原始返回行，用于回查未提取的键。,点开返回样本核对内部键，再决定是否需要提取为独立字段。,"{""username"": ""smart_kol"", ""following"": ""pendle""}",transformed_test_fixture,https://github.com/cyberight-cap/fewunderstand/blob/23a854c2a02e6b52e424844648d4026737361caa/spider/kaito-social-spider/tests/fixtures/kaito_p0_raw.json,,kaito_smart_following_snapshot,高关注度账号关注快照,data.raw,kaito-social-spider.kaito_smart_following_snapshot.data.raw,app,field,kaito,kaito-social-spider,kaito-social-spider.kaito_smart_following_snapshot,sha256:f1620ffa32315698b375587fe1c122404db9b82a56c98e66940100518206b35c
Kaito 社交数据,记录类型,来源与溯源,标记转换后的 Kaito 记录类型，便于选择正确的处理规则。,例如排查一条指标的来源或重复记录时，用它回到原始查询和处理链。,kaito_smart_following_snapshot,transformed_test_fixture,https://github.com/cyberight-cap/fewunderstand/blob/23a854c2a02e6b52e424844648d4026737361caa/spider/kaito-social-spider/tests/fixtures/kaito_p0_raw.json,,kaito_smart_following_snapshot,高关注度账号关注快照,data.record_type,kaito-social-spider.kaito_smart_following_snapshot.data.record_type,v2,field,kaito,kaito-social-spider,kaito-social-spider.kaito_smart_following_snapshot,sha256:f1620ffa32315698b375587fe1c122404db9b82a56c98e66940100518206b35c
Kaito 社交数据,请求信息,原始或结构数据,保存调用 Kaito 工具的请求元信息，用于核对查询条件。,点开返回样本核对内部键，再决定是否需要提取为独立字段。,"{""tool"": ""kaito_smart_following"", ""params_hash"": ""3a0b9442a1a5e7d2"", ""window_start"": null, ""window_end"": null}",transformed_test_fixture,https://github.com/cyberight-cap/fewunderstand/blob/23a854c2a02e6b52e424844648d4026737361caa/spider/kaito-social-spider/tests/fixtures/kaito_p0_raw.json,,kaito_smart_following_snapshot,高关注度账号关注快照,data.request,kaito-social-spider.kaito_smart_following_snapshot.data.request,app,field,kaito,kaito-social-spider,kaito-social-spider.kaito_smart_following_snapshot,sha256:f1620ffa32315698b375587fe1c122404db9b82a56c98e66940100518206b35c
Kaito 社交数据,请求参数摘要,来源与溯源,保存脱敏后的请求参数摘要，用于识别同一次查询条件。,例如排查一条指标的来源或重复记录时，用它回到原始查询和处理链。,3a0b9442a1a5e7d2,transformed_test_fixture,https://github.com/cyberight-cap/fewunderstand/blob/23a854c2a02e6b52e424844648d4026737361caa/spider/kaito-social-spider/tests/fixtures/kaito_p0_raw.json,,kaito_smart_following_snapshot,高关注度账号关注快照,data.request.params_hash,kaito-social-spider.kaito_smart_following_snapshot.data.request.params_hash,app,field,kaito,kaito-social-spider,kaito-social-spider.kaito_smart_following_snapshot,sha256:f1620ffa32315698b375587fe1c122404db9b82a56c98e66940100518206b35c
Kaito 社交数据,请求工具,来源与溯源,指出产生这条记录的 Kaito 工具，用于核对指标口径。,例如排查一条指标的来源或重复记录时，用它回到原始查询和处理链。,kaito_smart_following,transformed_test_fixture,https://github.com/cyberight-cap/fewunderstand/blob/23a854c2a02e6b52e424844648d4026737361caa/spider/kaito-social-spider/tests/fixtures/kaito_p0_raw.json,,kaito_smart_following_snapshot,高关注度账号关注快照,data.request.tool,kaito-social-spider.kaito_smart_following_snapshot.data.request.tool,app,field,kaito,kaito-social-spider,kaito-social-spider.kaito_smart_following_snapshot,sha256:f1620ffa32315698b375587fe1c122404db9b82a56c98e66940100518206b35c
Kaito 社交数据,请求时间窗口,来源与溯源,记录请求时使用的时间窗口，用于比较同口径数据。,例如排查一条指标的来源或重复记录时，用它回到原始查询和处理链。,,unavailable,,,kaito_smart_following_snapshot,高关注度账号关注快照,data.request.window,kaito-social-spider.kaito_smart_following_snapshot.data.request.window,app,field,kaito,kaito-social-spider,kaito-social-spider.kaito_smart_following_snapshot,sha256:f1620ffa32315698b375587fe1c122404db9b82a56c98e66940100518206b35c
Kaito 社交数据,请求窗口结束,来源与溯源,记录请求窗口的结束时间，用于界定统计区间。,例如排查一条指标的来源或重复记录时，用它回到原始查询和处理链。,,transformed_test_fixture,https://github.com/cyberight-cap/fewunderstand/blob/23a854c2a02e6b52e424844648d4026737361caa/spider/kaito-social-spider/tests/fixtures/kaito_p0_raw.json,,kaito_smart_following_snapshot,高关注度账号关注快照,data.request.window_end,kaito-social-spider.kaito_smart_following_snapshot.data.request.window_end,app,field,kaito,kaito-social-spider,kaito-social-spider.kaito_smart_following_snapshot,sha256:f1620ffa32315698b375587fe1c122404db9b82a56c98e66940100518206b35c
Kaito 社交数据,请求窗口开始,来源与溯源,记录请求窗口的开始时间，用于界定统计区间。,例如排查一条指标的来源或重复记录时，用它回到原始查询和处理链。,,transformed_test_fixture,https://github.com/cyberight-cap/fewunderstand/blob/23a854c2a02e6b52e424844648d4026737361caa/spider/kaito-social-spider/tests/fixtures/kaito_p0_raw.json,,kaito_smart_following_snapshot,高关注度账号关注快照,data.request.window_start,kaito-social-spider.kaito_smart_following_snapshot.data.request.window_start,app,field,kaito,kaito-social-spider,kaito-social-spider.kaito_smart_following_snapshot,sha256:f1620ffa32315698b375587fe1c122404db9b82a56c98e66940100518206b35c
Kaito 社交数据,统计窗口,时间定位,保存记录对应的统计窗口，用于避免混合不同时间跨度。,例如按同一时间窗分组，并检查记录是否过时。,,transformed_test_fixture,https://github.com/cyberight-cap/fewunderstand/blob/23a854c2a02e6b52e424844648d4026737361caa/spider/kaito-social-spider/tests/fixtures/kaito_p0_raw.json,,kaito_smart_following_snapshot,高关注度账号关注快照,data.window,kaito-social-spider.kaito_smart_following_snapshot.data.window,app,field,kaito,kaito-social-spider,kaito-social-spider.kaito_smart_following_snapshot,sha256:f1620ffa32315698b375587fe1c122404db9b82a56c98e66940100518206b35c
Kaito 社交数据,处理溯源,来源与溯源,保存处理链路元信息，用于追查记录如何产生。,例如排查一条指标的来源或重复记录时，用它回到原始查询和处理链。,"{""event_id"": ""evt:10bc58316016b2f045f20033adfab465"", ""trace_id"": ""evt:10bc58316016b2f045f20033adfab465"", ""parent_event_ids"": [], ""source_event_id"": null, ""record_type"": ""kaito_smart_following_snapshot"", ""schema_version"": ""pipeline-lineage/v1"", ""producer"": ""kaito-social-spider"", ""processing_stage"": ""ingest"", ""observed_at"": ""2026-07-19T00:00:00Z"", ""processed_at"": ""2026-07-19T00:00:00Z"", ""source_topic"": null, ""source_partition"": null, ""source_offset"": null, ""asset_id"": null}",transformed_test_fixture,https://github.com/cyberight-cap/fewunderstand/blob/23a854c2a02e6b52e424844648d4026737361caa/spider/kaito-social-spider/tests/fixtures/kaito_p0_raw.json,,kaito_smart_following_snapshot,高关注度账号关注快照,lineage,kaito-social-spider.kaito_smart_following_snapshot.lineage,app,field,kaito,kaito-social-spider,kaito-social-spider.kaito_smart_following_snapshot,sha256:f1620ffa32315698b375587fe1c122404db9b82a56c98e66940100518206b35c
Kaito 社交数据,资产 ID,来源与溯源,保存解析后的内部资产 ID；未完成资产绑定时可能为空。,例如排查一条指标的来源或重复记录时，用它回到原始查询和处理链。,,transformed_test_fixture,https://github.com/cyberight-cap/fewunderstand/blob/23a854c2a02e6b52e424844648d4026737361caa/spider/kaito-social-spider/tests/fixtures/kaito_p0_raw.json,,kaito_smart_following_snapshot,高关注度账号关注快照,lineage.asset_id,kaito-social-spider.kaito_smart_following_snapshot.lineage.asset_id,app,field,kaito,kaito-social-spider,kaito-social-spider.kaito_smart_following_snapshot,sha256:f1620ffa32315698b375587fe1c122404db9b82a56c98e66940100518206b35c
Kaito 社交数据,事件 ID,来源与溯源,稳定识别这条事件，用于追踪后续计算与结果。,例如排查一条指标的来源或重复记录时，用它回到原始查询和处理链。,evt:10bc58316016b2f045f20033adfab465,transformed_test_fixture,https://github.com/cyberight-cap/fewunderstand/blob/23a854c2a02e6b52e424844648d4026737361caa/spider/kaito-social-spider/tests/fixtures/kaito_p0_raw.json,,kaito_smart_following_snapshot,高关注度账号关注快照,lineage.event_id,kaito-social-spider.kaito_smart_following_snapshot.lineage.event_id,app,field,kaito,kaito-social-spider,kaito-social-spider.kaito_smart_following_snapshot,sha256:f1620ffa32315698b375587fe1c122404db9b82a56c98e66940100518206b35c
Kaito 社交数据,观察时间,来源与溯源,记录事实被观察的时间，用于确认原始数据时效。,例如排查一条指标的来源或重复记录时，用它回到原始查询和处理链。,2026-07-19T00:00:00Z,transformed_test_fixture,https://github.com/cyberight-cap/fewunderstand/blob/23a854c2a02e6b52e424844648d4026737361caa/spider/kaito-social-spider/tests/fixtures/kaito_p0_raw.json,,kaito_smart_following_snapshot,高关注度账号关注快照,lineage.observed_at,kaito-social-spider.kaito_smart_following_snapshot.lineage.observed_at,app,field,kaito,kaito-social-spider,kaito-social-spider.kaito_smart_following_snapshot,sha256:f1620ffa32315698b375587fe1c122404db9b82a56c98e66940100518206b35c
Kaito 社交数据,上游事件 ID,来源与溯源,保存上游事件 ID，用于追溯派生结果的输入。,例如排查一条指标的来源或重复记录时，用它回到原始查询和处理链。,[],transformed_test_fixture,https://github.com/cyberight-cap/fewunderstand/blob/23a854c2a02e6b52e424844648d4026737361caa/spider/kaito-social-spider/tests/fixtures/kaito_p0_raw.json,,kaito_smart_following_snapshot,高关注度账号关注快照,lineage.parent_event_ids,kaito-social-spider.kaito_smart_following_snapshot.lineage.parent_event_ids,app,field,kaito,kaito-social-spider,kaito-social-spider.kaito_smart_following_snapshot,sha256:f1620ffa32315698b375587fe1c122404db9b82a56c98e66940100518206b35c
Kaito 社交数据,处理时间,来源与溯源,记录处理程序生成消息的时间，用于定位处理延迟。,例如排查一条指标的来源或重复记录时，用它回到原始查询和处理链。,2026-07-19T00:00:00Z,transformed_test_fixture,https://github.com/cyberight-cap/fewunderstand/blob/23a854c2a02e6b52e424844648d4026737361caa/spider/kaito-social-spider/tests/fixtures/kaito_p0_raw.json,,kaito_smart_following_snapshot,高关注度账号关注快照,lineage.processed_at,kaito-social-spider.kaito_smart_following_snapshot.lineage.processed_at,app,field,kaito,kaito-social-spider,kaito-social-spider.kaito_smart_following_snapshot,sha256:f1620ffa32315698b375587fe1c122404db9b82a56c98e66940100518206b35c
Kaito 社交数据,处理阶段,来源与溯源,标记当前处理阶段，用于区分采集与后续加工。,例如排查一条指标的来源或重复记录时，用它回到原始查询和处理链。,ingest,transformed_test_fixture,https://github.com/cyberight-cap/fewunderstand/blob/23a854c2a02e6b52e424844648d4026737361caa/spider/kaito-social-spider/tests/fixtures/kaito_p0_raw.json,,kaito_smart_following_snapshot,高关注度账号关注快照,lineage.processing_stage,kaito-social-spider.kaito_smart_following_snapshot.lineage.processing_stage,app,field,kaito,kaito-social-spider,kaito-social-spider.kaito_smart_following_snapshot,sha256:f1620ffa32315698b375587fe1c122404db9b82a56c98e66940100518206b35c
Kaito 社交数据,生产程序,来源与溯源,标记生成这条消息的程序，用于核对生产来源。,例如排查一条指标的来源或重复记录时，用它回到原始查询和处理链。,kaito-social-spider,transformed_test_fixture,https://github.com/cyberight-cap/fewunderstand/blob/23a854c2a02e6b52e424844648d4026737361caa/spider/kaito-social-spider/tests/fixtures/kaito_p0_raw.json,,kaito_smart_following_snapshot,高关注度账号关注快照,lineage.producer,kaito-social-spider.kaito_smart_following_snapshot.lineage.producer,app,field,kaito,kaito-social-spider,kaito-social-spider.kaito_smart_following_snapshot,sha256:f1620ffa32315698b375587fe1c122404db9b82a56c98e66940100518206b35c
Kaito 社交数据,溯源记录类型,来源与溯源,标记溯源信封里的记录类型，用于验证处理链路。,例如排查一条指标的来源或重复记录时，用它回到原始查询和处理链。,kaito_smart_following_snapshot,transformed_test_fixture,https://github.com/cyberight-cap/fewunderstand/blob/23a854c2a02e6b52e424844648d4026737361caa/spider/kaito-social-spider/tests/fixtures/kaito_p0_raw.json,,kaito_smart_following_snapshot,高关注度账号关注快照,lineage.record_type,kaito-social-spider.kaito_smart_following_snapshot.lineage.record_type,app,field,kaito,kaito-social-spider,kaito-social-spider.kaito_smart_following_snapshot,sha256:f1620ffa32315698b375587fe1c122404db9b82a56c98e66940100518206b35c
Kaito 社交数据,结构版本,来源与溯源,标记消息结构版本，用于兼容不同版本的处理代码。,例如排查一条指标的来源或重复记录时，用它回到原始查询和处理链。,pipeline-lineage/v1,transformed_test_fixture,https://github.com/cyberight-cap/fewunderstand/blob/23a854c2a02e6b52e424844648d4026737361caa/spider/kaito-social-spider/tests/fixtures/kaito_p0_raw.json,,kaito_smart_following_snapshot,高关注度账号关注快照,lineage.schema_version,kaito-social-spider.kaito_smart_following_snapshot.lineage.schema_version,app,field,kaito,kaito-social-spider,kaito-social-spider.kaito_smart_following_snapshot,sha256:f1620ffa32315698b375587fe1c122404db9b82a56c98e66940100518206b35c
Kaito 社交数据,来源事件 ID,来源与溯源,保存来源系统的事件 ID，用于跨系统回查。,例如排查一条指标的来源或重复记录时，用它回到原始查询和处理链。,,transformed_test_fixture,https://github.com/cyberight-cap/fewunderstand/blob/23a854c2a02e6b52e424844648d4026737361caa/spider/kaito-social-spider/tests/fixtures/kaito_p0_raw.json,,kaito_smart_following_snapshot,高关注度账号关注快照,lineage.source_event_id,kaito-social-spider.kaito_smart_following_snapshot.lineage.source_event_id,app,field,kaito,kaito-social-spider,kaito-social-spider.kaito_smart_following_snapshot,sha256:f1620ffa32315698b375587fe1c122404db9b82a56c98e66940100518206b35c
Kaito 社交数据,来源偏移量,来源与溯源,保存来源消息偏移量，用于定位消息流位置。,例如排查一条指标的来源或重复记录时，用它回到原始查询和处理链。,,transformed_test_fixture,https://github.com/cyberight-cap/fewunderstand/blob/23a854c2a02e6b52e424844648d4026737361caa/spider/kaito-social-spider/tests/fixtures/kaito_p0_raw.json,,kaito_smart_following_snapshot,高关注度账号关注快照,lineage.source_offset,kaito-social-spider.kaito_smart_following_snapshot.lineage.source_offset,app,field,kaito,kaito-social-spider,kaito-social-spider.kaito_smart_following_snapshot,sha256:f1620ffa32315698b375587fe1c122404db9b82a56c98e66940100518206b35c
Kaito 社交数据,来源分区,来源与溯源,保存来源消息分区，用于定位消息流位置。,例如排查一条指标的来源或重复记录时，用它回到原始查询和处理链。,,transformed_test_fixture,https://github.com/cyberight-cap/fewunderstand/blob/23a854c2a02e6b52e424844648d4026737361caa/spider/kaito-social-spider/tests/fixtures/kaito_p0_raw.json,,kaito_smart_following_snapshot,高关注度账号关注快照,lineage.source_partition,kaito-social-spider.kaito_smart_following_snapshot.lineage.source_partition,app,field,kaito,kaito-social-spider,kaito-social-spider.kaito_smart_following_snapshot,sha256:f1620ffa32315698b375587fe1c122404db9b82a56c98e66940100518206b35c
Kaito 社交数据,来源主题,来源与溯源,保存来源主题名称，用于定位消息流位置。,例如排查一条指标的来源或重复记录时，用它回到原始查询和处理链。,,transformed_test_fixture,https://github.com/cyberight-cap/fewunderstand/blob/23a854c2a02e6b52e424844648d4026737361caa/spider/kaito-social-spider/tests/fixtures/kaito_p0_raw.json,,kaito_smart_following_snapshot,高关注度账号关注快照,lineage.source_topic,kaito-social-spider.kaito_smart_following_snapshot.lineage.source_topic,app,field,kaito,kaito-social-spider,kaito-social-spider.kaito_smart_following_snapshot,sha256:f1620ffa32315698b375587fe1c122404db9b82a56c98e66940100518206b35c
Kaito 社交数据,追踪 ID,来源与溯源,关联同一处理链路上的事件，用于端到端追踪。,例如排查一条指标的来源或重复记录时，用它回到原始查询和处理链。,evt:10bc58316016b2f045f20033adfab465,transformed_test_fixture,https://github.com/cyberight-cap/fewunderstand/blob/23a854c2a02e6b52e424844648d4026737361caa/spider/kaito-social-spider/tests/fixtures/kaito_p0_raw.json,,kaito_smart_following_snapshot,高关注度账号关注快照,lineage.trace_id,kaito-social-spider.kaito_smart_following_snapshot.lineage.trace_id,app,field,kaito,kaito-social-spider,kaito-social-spider.kaito_smart_following_snapshot,sha256:f1620ffa32315698b375587fe1c122404db9b82a56c98e66940100518206b35c
Kaito 社交数据,原始文本,内容理解,保留内容的原始文本，用于回查清洗前的信息。,例如筛选与目标项目相关的内容，再点回原文人工核查。,,unavailable,,,kaito_smart_following_snapshot,高关注度账号关注快照,raw_text,kaito-social-spider.kaito_smart_following_snapshot.raw_text,app,field,kaito,kaito-social-spider,kaito-social-spider.kaito_smart_following_snapshot,sha256:f1620ffa32315698b375587fe1c122404db9b82a56c98e66940100518206b35c
Kaito 社交数据,来源,来源与溯源,标记这条记录的来源，用于筛选和核对数据出处。,例如排查一条指标的来源或重复记录时，用它回到原始查询和处理链。,kaito,transformed_test_fixture,https://github.com/cyberight-cap/fewunderstand/blob/23a854c2a02e6b52e424844648d4026737361caa/spider/kaito-social-spider/tests/fixtures/kaito_p0_raw.json,,kaito_smart_following_snapshot,高关注度账号关注快照,source,kaito-social-spider.kaito_smart_following_snapshot.source,app,field,kaito,kaito-social-spider,kaito-social-spider.kaito_smart_following_snapshot,sha256:f1620ffa32315698b375587fe1c122404db9b82a56c98e66940100518206b35c
Kaito 社交数据,正文,内容理解,保存消息或帖子的正文，用于关键词、主题和事件分析。,例如查找项目名或事件关键词，并结合消息时间和来源做人工核对。,,unavailable,,,kaito_smart_following_snapshot,高关注度账号关注快照,text,kaito-social-spider.kaito_smart_following_snapshot.text,app,field,kaito,kaito-social-spider,kaito-social-spider.kaito_smart_following_snapshot,sha256:f1620ffa32315698b375587fe1c122404db9b82a56c98e66940100518206b35c
Kaito 社交数据,记录时间,时间定位,记录该数据对应的时间点，用于排序或时间窗聚合。,例如按同一时间窗分组，并检查记录是否过时。,2026-07-19T00:00:00Z,transformed_test_fixture,https://github.com/cyberight-cap/fewunderstand/blob/23a854c2a02e6b52e424844648d4026737361caa/spider/kaito-social-spider/tests/fixtures/kaito_p0_raw.json,,kaito_smart_following_snapshot,高关注度账号关注快照,timestamp,kaito-social-spider.kaito_smart_following_snapshot.timestamp,app,field,kaito,kaito-social-spider,kaito-social-spider.kaito_smart_following_snapshot,sha256:f1620ffa32315698b375587fe1c122404db9b82a56c98e66940100518206b35c
Kaito 社交数据,标题,内容理解,保存内容标题，用于快速判断主题。,例如先用标题筛选相关内容，再用正文或原文链接验证。,,unavailable,,,kaito_smart_following_snapshot,高关注度账号关注快照,title,kaito-social-spider.kaito_smart_following_snapshot.title,app,field,kaito,kaito-social-spider,kaito-social-spider.kaito_smart_following_snapshot,sha256:f1620ffa32315698b375587fe1c122404db9b82a56c98e66940100518206b35c
Kaito 社交数据,链接地址,对象识别,保存内容原文地址，用于回查和去重。,例如把同一对象在不同时间的记录对齐，再比较指标变化。,,unavailable,,,kaito_smart_following_snapshot,高关注度账号关注快照,url,kaito-social-spider.kaito_smart_following_snapshot.url,app,field,kaito,kaito-social-spider,kaito-social-spider.kaito_smart_following_snapshot,sha256:f1620ffa32315698b375587fe1c122404db9b82a56c98e66940100518206b35c
Kaito 社交数据,推文互动快照,记录类型,这类记录包含下列可展开的字段定义。,先选择记录类型，再查看字段用途与返回样本。,,unavailable,,,kaito_tweet_engagement_snapshot,推文互动快照,kaito_tweet_engagement_snapshot,kaito-social-spider.kaito_tweet_engagement_snapshot,app,record_type,kaito,kaito-social-spider,kaito-social-spider.kaito_tweet_engagement_snapshot,sha256:f1620ffa32315698b375587fe1c122404db9b82a56c98e66940100518206b35c
Kaito 社交数据,作者,内容理解,指出内容的作者，便于按发布者汇总或回到原帖。,例如筛选与目标项目相关的内容，再点回原文人工核查。,,unavailable,,,kaito_tweet_engagement_snapshot,推文互动快照,author,kaito-social-spider.kaito_tweet_engagement_snapshot.author,app,field,kaito,kaito-social-spider,kaito-social-spider.kaito_tweet_engagement_snapshot,sha256:f1620ffa32315698b375587fe1c122404db9b82a56c98e66940100518206b35c
Kaito 社交数据,数据对象,原始或结构数据,装载这一类记录的主要业务数据；应继续展开具体子字段。,点开返回样本核对内部键，再决定是否需要提取为独立字段。,"{""platform"": ""kaito"", ""content_type"": ""social_intelligence"", ""record_type"": ""kaito_tweet_engagement_snapshot"", ""entity"": {""kaito_id"": null, ""symbol"": null, ""name"": null, ""coingecko_slug"": null}, ""window"": null, ""metrics"": {""views"": 1000, ""likes"": 10, ""retweets"": 2, ""replies"": 1}, ""request"": {""tool"": ""kaito_tweet_engagement_info"", ""params_hash"": ""bf7bbe36d4e54b02"", ""window_start"": null, ""window_end"": null}, ""raw"": {""tweet_id"": ""1"", ""likes"": 10, ""retweets"": 2, ""replies"": 1, ""views"": 1000}}",transformed_test_fixture,https://github.com/cyberight-cap/fewunderstand/blob/23a854c2a02e6b52e424844648d4026737361caa/spider/kaito-social-spider/tests/fixtures/kaito_p0_raw.json,,kaito_tweet_engagement_snapshot,推文互动快照,data,kaito-social-spider.kaito_tweet_engagement_snapshot.data,app,field,kaito,kaito-social-spider,kaito-social-spider.kaito_tweet_engagement_snapshot,sha256:f1620ffa32315698b375587fe1c122404db9b82a56c98e66940100518206b35c
Kaito 社交数据,内容类型,记录属性,说明 Kaito 记录的内容类别，便于区分不同内容。,例如先用这个属性筛选可比较的记录，再查看对应的数值或内容。,social_intelligence,transformed_test_fixture,https://github.com/cyberight-cap/fewunderstand/blob/23a854c2a02e6b52e424844648d4026737361caa/spider/kaito-social-spider/tests/fixtures/kaito_p0_raw.json,,kaito_tweet_engagement_snapshot,推文互动快照,data.content_type,kaito-social-spider.kaito_tweet_engagement_snapshot.data.content_type,app,field,kaito,kaito-social-spider,kaito-social-spider.kaito_tweet_engagement_snapshot,sha256:f1620ffa32315698b375587fe1c122404db9b82a56c98e66940100518206b35c
Kaito 社交数据,对象信息,原始或结构数据,保存被分析对象的身份信息，用于关联同一项目或资产。,点开返回样本核对内部键，再决定是否需要提取为独立字段。,"{""kaito_id"": null, ""symbol"": null, ""name"": null, ""coingecko_slug"": null}",transformed_test_fixture,https://github.com/cyberight-cap/fewunderstand/blob/23a854c2a02e6b52e424844648d4026737361caa/spider/kaito-social-spider/tests/fixtures/kaito_p0_raw.json,,kaito_tweet_engagement_snapshot,推文互动快照,data.entity,kaito-social-spider.kaito_tweet_engagement_snapshot.data.entity,app,field,kaito,kaito-social-spider,kaito-social-spider.kaito_tweet_engagement_snapshot,sha256:f1620ffa32315698b375587fe1c122404db9b82a56c98e66940100518206b35c
Kaito 社交数据,CoinGecko 标识,对象识别,保存 CoinGecko 的对象标识，便于跨来源对齐同一资产。,例如把同一对象在不同时间的记录对齐，再比较指标变化。,,transformed_test_fixture,https://github.com/cyberight-cap/fewunderstand/blob/23a854c2a02e6b52e424844648d4026737361caa/spider/kaito-social-spider/tests/fixtures/kaito_p0_raw.json,,kaito_tweet_engagement_snapshot,推文互动快照,data.entity.coingecko_slug,kaito-social-spider.kaito_tweet_engagement_snapshot.data.entity.coingecko_slug,app,field,kaito,kaito-social-spider,kaito-social-spider.kaito_tweet_engagement_snapshot,sha256:f1620ffa32315698b375587fe1c122404db9b82a56c98e66940100518206b35c
Kaito 社交数据,Kaito ID,对象识别,保存 Kaito 的对象标识，便于合并同一对象的多条记录。,例如把同一对象在不同时间的记录对齐，再比较指标变化。,,transformed_test_fixture,https://github.com/cyberight-cap/fewunderstand/blob/23a854c2a02e6b52e424844648d4026737361caa/spider/kaito-social-spider/tests/fixtures/kaito_p0_raw.json,,kaito_tweet_engagement_snapshot,推文互动快照,data.entity.kaito_id,kaito-social-spider.kaito_tweet_engagement_snapshot.data.entity.kaito_id,app,field,kaito,kaito-social-spider,kaito-social-spider.kaito_tweet_engagement_snapshot,sha256:f1620ffa32315698b375587fe1c122404db9b82a56c98e66940100518206b35c
Kaito 社交数据,对象名称,对象识别,显示被分析对象的名称，便于人工核对。,例如把同一对象在不同时间的记录对齐，再比较指标变化。,,transformed_test_fixture,https://github.com/cyberight-cap/fewunderstand/blob/23a854c2a02e6b52e424844648d4026737361caa/spider/kaito-social-spider/tests/fixtures/kaito_p0_raw.json,,kaito_tweet_engagement_snapshot,推文互动快照,data.entity.name,kaito-social-spider.kaito_tweet_engagement_snapshot.data.entity.name,app,field,kaito,kaito-social-spider,kaito-social-spider.kaito_tweet_engagement_snapshot,sha256:f1620ffa32315698b375587fe1c122404db9b82a56c98e66940100518206b35c
Kaito 社交数据,资产代码,对象识别,保存对象的资产代码，便于与市场数据匹配；同名代码仍需核验。,例如把同一对象在不同时间的记录对齐，再比较指标变化。,,transformed_test_fixture,https://github.com/cyberight-cap/fewunderstand/blob/23a854c2a02e6b52e424844648d4026737361caa/spider/kaito-social-spider/tests/fixtures/kaito_p0_raw.json,,kaito_tweet_engagement_snapshot,推文互动快照,data.entity.symbol,kaito-social-spider.kaito_tweet_engagement_snapshot.data.entity.symbol,v2,field,kaito,kaito-social-spider,kaito-social-spider.kaito_tweet_engagement_snapshot,sha256:f1620ffa32315698b375587fe1c122404db9b82a56c98e66940100518206b35c
Kaito 社交数据,指标集合,原始或结构数据,装载 Kaito 返回行中提取出的指标；具体有哪些键取决于工具返回。,点开返回样本核对内部键，再决定是否需要提取为独立字段。,"{""views"": 1000, ""likes"": 10, ""retweets"": 2, ""replies"": 1}",transformed_test_fixture,https://github.com/cyberight-cap/fewunderstand/blob/23a854c2a02e6b52e424844648d4026737361caa/spider/kaito-social-spider/tests/fixtures/kaito_p0_raw.json,,kaito_tweet_engagement_snapshot,推文互动快照,data.metrics,kaito-social-spider.kaito_tweet_engagement_snapshot.data.metrics,app,field,kaito,kaito-social-spider,kaito-social-spider.kaito_tweet_engagement_snapshot,sha256:f1620ffa32315698b375587fe1c122404db9b82a56c98e66940100518206b35c
Kaito 社交数据,看跌指标,衡量指标,保留返回行中的看跌指标；分值口径需由对应工具确认。,例如在“推文互动快照”中按对象和时间窗比较这个值；计算前先核对单位与口径。 此指标是否由当前 Kaito 工具返回仍待核对。,,unavailable,,,kaito_tweet_engagement_snapshot,推文互动快照,data.metrics.bearish,kaito-social-spider.kaito_tweet_engagement_snapshot.data.metrics.bearish,app,field,kaito,kaito-social-spider,kaito-social-spider.kaito_tweet_engagement_snapshot,sha256:f1620ffa32315698b375587fe1c122404db9b82a56c98e66940100518206b35c
Kaito 社交数据,看涨指标,衡量指标,保留返回行中的看涨指标；分值口径需由对应工具确认。,例如在“推文互动快照”中按对象和时间窗比较这个值；计算前先核对单位与口径。 此指标是否由当前 Kaito 工具返回仍待核对。,,unavailable,,,kaito_tweet_engagement_snapshot,推文互动快照,data.metrics.bullish,kaito-social-spider.kaito_tweet_engagement_snapshot.data.metrics.bullish,app,field,kaito,kaito-social-spider,kaito-social-spider.kaito_tweet_engagement_snapshot,sha256:f1620ffa32315698b375587fe1c122404db9b82a56c98e66940100518206b35c
Kaito 社交数据,变化量,衡量指标,保留返回行中的变化值；比较前需确认变化的基准。,例如在“推文互动快照”中按对象和时间窗比较这个值；计算前先核对单位与口径。 此指标是否由当前 Kaito 工具返回仍待核对。,,unavailable,,,kaito_tweet_engagement_snapshot,推文互动快照,data.metrics.change,kaito-social-spider.kaito_tweet_engagement_snapshot.data.metrics.change,app,field,kaito,kaito-social-spider,kaito-social-spider.kaito_tweet_engagement_snapshot,sha256:f1620ffa32315698b375587fe1c122404db9b82a56c98e66940100518206b35c
Kaito 社交数据,当前关注份额,衡量指标,保留当前关注份额；分母和时间窗需由对应工具确认。,例如在“推文互动快照”中按对象和时间窗比较这个值；计算前先核对单位与口径。 此指标是否由当前 Kaito 工具返回仍待核对。,,unavailable,,,kaito_tweet_engagement_snapshot,推文互动快照,data.metrics.current_mindshare,kaito-social-spider.kaito_tweet_engagement_snapshot.data.metrics.current_mindshare,app,field,kaito,kaito-social-spider,kaito-social-spider.kaito_tweet_engagement_snapshot,sha256:f1620ffa32315698b375587fe1c122404db9b82a56c98e66940100518206b35c
Kaito 社交数据,变化值,衡量指标,保留相对上一窗口的变化值；比较前需确认方向和单位。,例如在“推文互动快照”中按对象和时间窗比较这个值；计算前先核对单位与口径。 此指标是否由当前 Kaito 工具返回仍待核对。,,unavailable,,,kaito_tweet_engagement_snapshot,推文互动快照,data.metrics.delta,kaito-social-spider.kaito_tweet_engagement_snapshot.data.metrics.delta,app,field,kaito,kaito-social-spider,kaito-social-spider.kaito_tweet_engagement_snapshot,sha256:f1620ffa32315698b375587fe1c122404db9b82a56c98e66940100518206b35c
Kaito 社交数据,绝对变化值,衡量指标,保留绝对变化值；不要与百分比变化混用。,例如在“推文互动快照”中按对象和时间窗比较这个值；计算前先核对单位与口径。 此指标是否由当前 Kaito 工具返回仍待核对。,,unavailable,,,kaito_tweet_engagement_snapshot,推文互动快照,data.metrics.delta_abs,kaito-social-spider.kaito_tweet_engagement_snapshot.data.metrics.delta_abs,app,field,kaito,kaito-social-spider,kaito-social-spider.kaito_tweet_engagement_snapshot,sha256:f1620ffa32315698b375587fe1c122404db9b82a56c98e66940100518206b35c
Kaito 社交数据,变化百分比,衡量指标,保留百分比变化；需要核对上游使用的是小数还是百分数。,例如在“推文互动快照”中按对象和时间窗比较这个值；计算前先核对单位与口径。 此指标是否由当前 Kaito 工具返回仍待核对。,,unavailable,,,kaito_tweet_engagement_snapshot,推文互动快照,data.metrics.delta_pct,kaito-social-spider.kaito_tweet_engagement_snapshot.data.metrics.delta_pct,app,field,kaito,kaito-social-spider,kaito-social-spider.kaito_tweet_engagement_snapshot,sha256:f1620ffa32315698b375587fe1c122404db9b82a56c98e66940100518206b35c
Kaito 社交数据,变化方向,记录属性,标记变化属于上升或下降等方向，用于区分增减。,例如先用这个属性筛选可比较的记录，再查看对应的数值或内容。 此指标是否由当前 Kaito 工具返回仍待核对。,,unavailable,,,kaito_tweet_engagement_snapshot,推文互动快照,data.metrics.direction,kaito-social-spider.kaito_tweet_engagement_snapshot.data.metrics.direction,app,field,kaito,kaito-social-spider,kaito-social-spider.kaito_tweet_engagement_snapshot,sha256:f1620ffa32315698b375587fe1c122404db9b82a56c98e66940100518206b35c
Kaito 社交数据,互动量,衡量指标,保留返回行的互动量；需核对包含哪些互动行为。,例如统计同一对象在一个窗口内的互动量变化，再对照提及量判断热度来源。 当前工具是否返回此指标仍待核对。,,unavailable,,,kaito_tweet_engagement_snapshot,推文互动快照,data.metrics.engagement,kaito-social-spider.kaito_tweet_engagement_snapshot.data.metrics.engagement,app,field,kaito,kaito-social-spider,kaito-social-spider.kaito_tweet_engagement_snapshot,sha256:f1620ffa32315698b375587fe1c122404db9b82a56c98e66940100518206b35c
Kaito 社交数据,粉丝数,衡量指标,保留返回行的粉丝数量；需核对统计对象。,例如在“推文互动快照”中按对象和时间窗比较这个值；计算前先核对单位与口径。 此指标是否由当前 Kaito 工具返回仍待核对。,,unavailable,,,kaito_tweet_engagement_snapshot,推文互动快照,data.metrics.followers,kaito-social-spider.kaito_tweet_engagement_snapshot.data.metrics.followers,app,field,kaito,kaito-social-spider,kaito-social-spider.kaito_tweet_engagement_snapshot,sha256:f1620ffa32315698b375587fe1c122404db9b82a56c98e66940100518206b35c
Kaito 社交数据,点赞数,衡量指标,保留点赞次数，用于观察内容互动。,例如比较同一批帖子中的点赞分布，识别由少数爆款带来的热度。 当前工具是否返回此指标仍待核对。,10,transformed_test_fixture,https://github.com/cyberight-cap/fewunderstand/blob/23a854c2a02e6b52e424844648d4026737361caa/spider/kaito-social-spider/tests/fixtures/kaito_p0_raw.json,,kaito_tweet_engagement_snapshot,推文互动快照,data.metrics.likes,kaito-social-spider.kaito_tweet_engagement_snapshot.data.metrics.likes,app,field,kaito,kaito-social-spider,kaito-social-spider.kaito_tweet_engagement_snapshot,sha256:f1620ffa32315698b375587fe1c122404db9b82a56c98e66940100518206b35c
Kaito 社交数据,提及次数,衡量指标,保留提及次数，用于观察讨论量。,例如按天计算项目提及次数，并与过去一周的基线比较。 当前工具是否返回此指标仍待核对。,,unavailable,,,kaito_tweet_engagement_snapshot,推文互动快照,data.metrics.mention_count,kaito-social-spider.kaito_tweet_engagement_snapshot.data.metrics.mention_count,app,field,kaito,kaito-social-spider,kaito-social-spider.kaito_tweet_engagement_snapshot,sha256:f1620ffa32315698b375587fe1c122404db9b82a56c98e66940100518206b35c
Kaito 社交数据,提及量,衡量指标,保留提及量，用于观察讨论量。,例如按天观察项目被提及的频率，检查增长是否持续。 当前工具是否返回此指标仍待核对。,,unavailable,,,kaito_tweet_engagement_snapshot,推文互动快照,data.metrics.mentions,kaito-social-spider.kaito_tweet_engagement_snapshot.data.metrics.mentions,app,field,kaito,kaito-social-spider,kaito-social-spider.kaito_tweet_engagement_snapshot,sha256:f1620ffa32315698b375587fe1c122404db9b82a56c98e66940100518206b35c
Kaito 社交数据,提及次数,衡量指标,保留提及次数，用于观察讨论量。,例如按天观察项目被提及的频率，检查增长是否持续。 当前工具是否返回此指标仍待核对。,,unavailable,,,kaito_tweet_engagement_snapshot,推文互动快照,data.metrics.mentions_count,kaito-social-spider.kaito_tweet_engagement_snapshot.data.metrics.mentions_count,app,field,kaito,kaito-social-spider,kaito-social-spider.kaito_tweet_engagement_snapshot,sha256:f1620ffa32315698b375587fe1c122404db9b82a56c98e66940100518206b35c
Kaito 社交数据,关注份额,衡量指标,保留关注份额；比较前需确认分母、时间窗和来源范围。,例如比较同一来源、同一窗口的关注份额变化，检查项目讨论占比是否持续上升。 当前工具是否返回此指标仍待核对。,,unavailable,,,kaito_tweet_engagement_snapshot,推文互动快照,data.metrics.mindshare,kaito-social-spider.kaito_tweet_engagement_snapshot.data.metrics.mindshare,app,field,kaito,kaito-social-spider,kaito-social-spider.kaito_tweet_engagement_snapshot,sha256:f1620ffa32315698b375587fe1c122404db9b82a56c98e66940100518206b35c
Kaito 社交数据,当前关注份额,衡量指标,保留当前关注份额；比较前需确认分母和时间窗。,例如在“推文互动快照”中按对象和时间窗比较这个值；计算前先核对单位与口径。 此指标是否由当前 Kaito 工具返回仍待核对。,,unavailable,,,kaito_tweet_engagement_snapshot,推文互动快照,data.metrics.mindshare_current,kaito-social-spider.kaito_tweet_engagement_snapshot.data.metrics.mindshare_current,app,field,kaito,kaito-social-spider,kaito-social-spider.kaito_tweet_engagement_snapshot,sha256:f1620ffa32315698b375587fe1c122404db9b82a56c98e66940100518206b35c
Kaito 社交数据,关注份额变化,衡量指标,保留关注份额变化；需与相同口径的前期值比较。,例如筛选关注份额上升最快的项目，再检查绝对讨论量，避免小基数误导。 当前工具是否返回此指标仍待核对。,,unavailable,,,kaito_tweet_engagement_snapshot,推文互动快照,data.metrics.mindshare_delta,kaito-social-spider.kaito_tweet_engagement_snapshot.data.metrics.mindshare_delta,app,field,kaito,kaito-social-spider,kaito-social-spider.kaito_tweet_engagement_snapshot,sha256:f1620ffa32315698b375587fe1c122404db9b82a56c98e66940100518206b35c
Kaito 社交数据,上期排名,衡量指标,保留上一统计窗口的名次，用于计算排名变化。,例如在“推文互动快照”中按对象和时间窗比较这个值；计算前先核对单位与口径。 此指标是否由当前 Kaito 工具返回仍待核对。,,unavailable,,,kaito_tweet_engagement_snapshot,推文互动快照,data.metrics.previous_rank,kaito-social-spider.kaito_tweet_engagement_snapshot.data.metrics.previous_rank,app,field,kaito,kaito-social-spider,kaito-social-spider.kaito_tweet_engagement_snapshot,sha256:f1620ffa32315698b375587fe1c122404db9b82a56c98e66940100518206b35c
Kaito 社交数据,引用数,衡量指标,保留引用转发次数，用于观察内容传播。,例如在“推文互动快照”中按对象和时间窗比较这个值；计算前先核对单位与口径。 此指标是否由当前 Kaito 工具返回仍待核对。,,unavailable,,,kaito_tweet_engagement_snapshot,推文互动快照,data.metrics.quotes,kaito-social-spider.kaito_tweet_engagement_snapshot.data.metrics.quotes,app,field,kaito,kaito-social-spider,kaito-social-spider.kaito_tweet_engagement_snapshot,sha256:f1620ffa32315698b375587fe1c122404db9b82a56c98e66940100518206b35c
Kaito 社交数据,排名,衡量指标,保留当前名次，用于查看对象在同口径榜单中的位置。,例如追踪同一榜单中名次的连续变化，而不是只看单次排名。 当前工具是否返回此指标仍待核对。,,unavailable,,,kaito_tweet_engagement_snapshot,推文互动快照,data.metrics.rank,kaito-social-spider.kaito_tweet_engagement_snapshot.data.metrics.rank,app,field,kaito,kaito-social-spider,kaito-social-spider.kaito_tweet_engagement_snapshot,sha256:f1620ffa32315698b375587fe1c122404db9b82a56c98e66940100518206b35c
Kaito 社交数据,排名变化,衡量指标,保留名次变化；需要确认正负号代表的方向。,例如在“推文互动快照”中按对象和时间窗比较这个值；计算前先核对单位与口径。 此指标是否由当前 Kaito 工具返回仍待核对。,,unavailable,,,kaito_tweet_engagement_snapshot,推文互动快照,data.metrics.rank_change,kaito-social-spider.kaito_tweet_engagement_snapshot.data.metrics.rank_change,app,field,kaito,kaito-social-spider,kaito-social-spider.kaito_tweet_engagement_snapshot,sha256:f1620ffa32315698b375587fe1c122404db9b82a56c98e66940100518206b35c
Kaito 社交数据,回复数,衡量指标,保留回复次数，用于观察讨论参与。,例如在“推文互动快照”中按对象和时间窗比较这个值；计算前先核对单位与口径。 此指标是否由当前 Kaito 工具返回仍待核对。,1,transformed_test_fixture,https://github.com/cyberight-cap/fewunderstand/blob/23a854c2a02e6b52e424844648d4026737361caa/spider/kaito-social-spider/tests/fixtures/kaito_p0_raw.json,,kaito_tweet_engagement_snapshot,推文互动快照,data.metrics.replies,kaito-social-spider.kaito_tweet_engagement_snapshot.data.metrics.replies,app,field,kaito,kaito-social-spider,kaito-social-spider.kaito_tweet_engagement_snapshot,sha256:f1620ffa32315698b375587fe1c122404db9b82a56c98e66940100518206b35c
Kaito 社交数据,转发数,衡量指标,保留转发次数，用于观察内容传播。,例如在“推文互动快照”中按对象和时间窗比较这个值；计算前先核对单位与口径。 此指标是否由当前 Kaito 工具返回仍待核对。,2,transformed_test_fixture,https://github.com/cyberight-cap/fewunderstand/blob/23a854c2a02e6b52e424844648d4026737361caa/spider/kaito-social-spider/tests/fixtures/kaito_p0_raw.json,,kaito_tweet_engagement_snapshot,推文互动快照,data.metrics.retweets,kaito-social-spider.kaito_tweet_engagement_snapshot.data.metrics.retweets,app,field,kaito,kaito-social-spider,kaito-social-spider.kaito_tweet_engagement_snapshot,sha256:f1620ffa32315698b375587fe1c122404db9b82a56c98e66940100518206b35c
Kaito 社交数据,评分,衡量指标,保留工具返回的评分；不同工具的评分不能直接混算。,例如在“推文互动快照”中按对象和时间窗比较这个值；计算前先核对单位与口径。 此指标是否由当前 Kaito 工具返回仍待核对。,,unavailable,,,kaito_tweet_engagement_snapshot,推文互动快照,data.metrics.score,kaito-social-spider.kaito_tweet_engagement_snapshot.data.metrics.score,app,field,kaito,kaito-social-spider,kaito-social-spider.kaito_tweet_engagement_snapshot,sha256:f1620ffa32315698b375587fe1c122404db9b82a56c98e66940100518206b35c
Kaito 社交数据,情绪,衡量指标,保留情绪指标；量纲和正负含义需由对应工具确认。,例如把情绪变化与同一窗口的提及量一起看，避免少量帖子主导判断。 当前工具是否返回此指标仍待核对。,,unavailable,,,kaito_tweet_engagement_snapshot,推文互动快照,data.metrics.sentiment,kaito-social-spider.kaito_tweet_engagement_snapshot.data.metrics.sentiment,app,field,kaito,kaito-social-spider,kaito-social-spider.kaito_tweet_engagement_snapshot,sha256:f1620ffa32315698b375587fe1c122404db9b82a56c98e66940100518206b35c
Kaito 社交数据,情绪评分,衡量指标,保留情绪评分；与讨论量一起看更能判断可靠性。,例如把情绪评分与同一窗口的提及量一起看，避免少量帖子主导判断。 当前工具是否返回此指标仍待核对。,,unavailable,,,kaito_tweet_engagement_snapshot,推文互动快照,data.metrics.sentiment_score,kaito-social-spider.kaito_tweet_engagement_snapshot.data.metrics.sentiment_score,app,field,kaito,kaito-social-spider,kaito-social-spider.kaito_tweet_engagement_snapshot,sha256:f1620ffa32315698b375587fe1c122404db9b82a56c98e66940100518206b35c
Kaito 社交数据,高关注度账号互动量,衡量指标,保留高关注度账号的互动量；账号认定口径需核对。,例如观察高关注度账号的互动是否先于整体互动增加，作为待验证的早期关注线索。 当前工具是否返回此指标仍待核对。,,unavailable,,,kaito_tweet_engagement_snapshot,推文互动快照,data.metrics.smart_engagement,kaito-social-spider.kaito_tweet_engagement_snapshot.data.metrics.smart_engagement,app,field,kaito,kaito-social-spider,kaito-social-spider.kaito_tweet_engagement_snapshot,sha256:f1620ffa32315698b375587fe1c122404db9b82a56c98e66940100518206b35c
Kaito 社交数据,高关注度账号互动占比,衡量指标,保留高关注度账号互动占比；需核对分母。,例如在“推文互动快照”中按对象和时间窗比较这个值；计算前先核对单位与口径。 此指标是否由当前 Kaito 工具返回仍待核对。,,unavailable,,,kaito_tweet_engagement_snapshot,推文互动快照,data.metrics.smart_engagement_ratio,kaito-social-spider.kaito_tweet_engagement_snapshot.data.metrics.smart_engagement_ratio,app,field,kaito,kaito-social-spider,kaito-social-spider.kaito_tweet_engagement_snapshot,sha256:f1620ffa32315698b375587fe1c122404db9b82a56c98e66940100518206b35c
Kaito 社交数据,高关注度粉丝数,衡量指标,保留高关注度粉丝数；账号认定口径需核对。,例如比较同一账号连续两次的高关注度粉丝数，检查是否出现异常增长。 当前工具是否返回此指标仍待核对。,,unavailable,,,kaito_tweet_engagement_snapshot,推文互动快照,data.metrics.smart_followers,kaito-social-spider.kaito_tweet_engagement_snapshot.data.metrics.smart_followers,app,field,kaito,kaito-social-spider,kaito-social-spider.kaito_tweet_engagement_snapshot,sha256:f1620ffa32315698b375587fe1c122404db9b82a56c98e66940100518206b35c
Kaito 社交数据,指标时间,时间定位,标记指标对应的时间点，用于组成时间序列。,例如按同一时间窗分组，并检查记录是否过时。 此指标是否由当前 Kaito 工具返回仍待核对。,,unavailable,,,kaito_tweet_engagement_snapshot,推文互动快照,data.metrics.timestamp,kaito-social-spider.kaito_tweet_engagement_snapshot.data.metrics.timestamp,app,field,kaito,kaito-social-spider,kaito-social-spider.kaito_tweet_engagement_snapshot,sha256:f1620ffa32315698b375587fe1c122404db9b82a56c98e66940100518206b35c
Kaito 社交数据,总互动量,衡量指标,保留总互动量，用于观察讨论热度。,例如与提及次数一起比较，区分少数高互动内容和广泛讨论。 当前工具是否返回此指标仍待核对。,,unavailable,,,kaito_tweet_engagement_snapshot,推文互动快照,data.metrics.total_engagement,kaito-social-spider.kaito_tweet_engagement_snapshot.data.metrics.total_engagement,app,field,kaito,kaito-social-spider,kaito-social-spider.kaito_tweet_engagement_snapshot,sha256:f1620ffa32315698b375587fe1c122404db9b82a56c98e66940100518206b35c
Kaito 社交数据,指标值,衡量指标,保留时间序列或指标行的数值；含义取决于对应工具。,例如在“推文互动快照”中按对象和时间窗比较这个值；计算前先核对单位与口径。 此指标是否由当前 Kaito 工具返回仍待核对。,,unavailable,,,kaito_tweet_engagement_snapshot,推文互动快照,data.metrics.value,kaito-social-spider.kaito_tweet_engagement_snapshot.data.metrics.value,app,field,kaito,kaito-social-spider,kaito-social-spider.kaito_tweet_engagement_snapshot,sha256:f1620ffa32315698b375587fe1c122404db9b82a56c98e66940100518206b35c
Kaito 社交数据,浏览量,衡量指标,保留浏览次数，用于观察内容曝光。,例如用浏览量作曝光参考，再看互动量是否同步增长。 当前工具是否返回此指标仍待核对。,1000,transformed_test_fixture,https://github.com/cyberight-cap/fewunderstand/blob/23a854c2a02e6b52e424844648d4026737361caa/spider/kaito-social-spider/tests/fixtures/kaito_p0_raw.json,,kaito_tweet_engagement_snapshot,推文互动快照,data.metrics.views,kaito-social-spider.kaito_tweet_engagement_snapshot.data.metrics.views,app,field,kaito,kaito-social-spider,kaito-social-spider.kaito_tweet_engagement_snapshot,sha256:f1620ffa32315698b375587fe1c122404db9b82a56c98e66940100518206b35c
Kaito 社交数据,平台,记录属性,标记内容所在的平台，便于区分来源渠道。,例如先用这个属性筛选可比较的记录，再查看对应的数值或内容。,kaito,transformed_test_fixture,https://github.com/cyberight-cap/fewunderstand/blob/23a854c2a02e6b52e424844648d4026737361caa/spider/kaito-social-spider/tests/fixtures/kaito_p0_raw.json,,kaito_tweet_engagement_snapshot,推文互动快照,data.platform,kaito-social-spider.kaito_tweet_engagement_snapshot.data.platform,app,field,kaito,kaito-social-spider,kaito-social-spider.kaito_tweet_engagement_snapshot,sha256:f1620ffa32315698b375587fe1c122404db9b82a56c98e66940100518206b35c
Kaito 社交数据,原始数据,原始或结构数据,保留该 Kaito 记录对应的原始返回行，用于回查未提取的键。,点开返回样本核对内部键，再决定是否需要提取为独立字段。,"{""tweet_id"": ""1"", ""likes"": 10, ""retweets"": 2, ""replies"": 1, ""views"": 1000}",transformed_test_fixture,https://github.com/cyberight-cap/fewunderstand/blob/23a854c2a02e6b52e424844648d4026737361caa/spider/kaito-social-spider/tests/fixtures/kaito_p0_raw.json,,kaito_tweet_engagement_snapshot,推文互动快照,data.raw,kaito-social-spider.kaito_tweet_engagement_snapshot.data.raw,app,field,kaito,kaito-social-spider,kaito-social-spider.kaito_tweet_engagement_snapshot,sha256:f1620ffa32315698b375587fe1c122404db9b82a56c98e66940100518206b35c
Kaito 社交数据,记录类型,来源与溯源,标记转换后的 Kaito 记录类型，便于选择正确的处理规则。,例如排查一条指标的来源或重复记录时，用它回到原始查询和处理链。,kaito_tweet_engagement_snapshot,transformed_test_fixture,https://github.com/cyberight-cap/fewunderstand/blob/23a854c2a02e6b52e424844648d4026737361caa/spider/kaito-social-spider/tests/fixtures/kaito_p0_raw.json,,kaito_tweet_engagement_snapshot,推文互动快照,data.record_type,kaito-social-spider.kaito_tweet_engagement_snapshot.data.record_type,v2,field,kaito,kaito-social-spider,kaito-social-spider.kaito_tweet_engagement_snapshot,sha256:f1620ffa32315698b375587fe1c122404db9b82a56c98e66940100518206b35c
Kaito 社交数据,请求信息,原始或结构数据,保存调用 Kaito 工具的请求元信息，用于核对查询条件。,点开返回样本核对内部键，再决定是否需要提取为独立字段。,"{""tool"": ""kaito_tweet_engagement_info"", ""params_hash"": ""bf7bbe36d4e54b02"", ""window_start"": null, ""window_end"": null}",transformed_test_fixture,https://github.com/cyberight-cap/fewunderstand/blob/23a854c2a02e6b52e424844648d4026737361caa/spider/kaito-social-spider/tests/fixtures/kaito_p0_raw.json,,kaito_tweet_engagement_snapshot,推文互动快照,data.request,kaito-social-spider.kaito_tweet_engagement_snapshot.data.request,app,field,kaito,kaito-social-spider,kaito-social-spider.kaito_tweet_engagement_snapshot,sha256:f1620ffa32315698b375587fe1c122404db9b82a56c98e66940100518206b35c
Kaito 社交数据,请求参数摘要,来源与溯源,保存脱敏后的请求参数摘要，用于识别同一次查询条件。,例如排查一条指标的来源或重复记录时，用它回到原始查询和处理链。,bf7bbe36d4e54b02,transformed_test_fixture,https://github.com/cyberight-cap/fewunderstand/blob/23a854c2a02e6b52e424844648d4026737361caa/spider/kaito-social-spider/tests/fixtures/kaito_p0_raw.json,,kaito_tweet_engagement_snapshot,推文互动快照,data.request.params_hash,kaito-social-spider.kaito_tweet_engagement_snapshot.data.request.params_hash,app,field,kaito,kaito-social-spider,kaito-social-spider.kaito_tweet_engagement_snapshot,sha256:f1620ffa32315698b375587fe1c122404db9b82a56c98e66940100518206b35c
Kaito 社交数据,请求工具,来源与溯源,指出产生这条记录的 Kaito 工具，用于核对指标口径。,例如排查一条指标的来源或重复记录时，用它回到原始查询和处理链。,kaito_tweet_engagement_info,transformed_test_fixture,https://github.com/cyberight-cap/fewunderstand/blob/23a854c2a02e6b52e424844648d4026737361caa/spider/kaito-social-spider/tests/fixtures/kaito_p0_raw.json,,kaito_tweet_engagement_snapshot,推文互动快照,data.request.tool,kaito-social-spider.kaito_tweet_engagement_snapshot.data.request.tool,app,field,kaito,kaito-social-spider,kaito-social-spider.kaito_tweet_engagement_snapshot,sha256:f1620ffa32315698b375587fe1c122404db9b82a56c98e66940100518206b35c
Kaito 社交数据,请求时间窗口,来源与溯源,记录请求时使用的时间窗口，用于比较同口径数据。,例如排查一条指标的来源或重复记录时，用它回到原始查询和处理链。,,unavailable,,,kaito_tweet_engagement_snapshot,推文互动快照,data.request.window,kaito-social-spider.kaito_tweet_engagement_snapshot.data.request.window,app,field,kaito,kaito-social-spider,kaito-social-spider.kaito_tweet_engagement_snapshot,sha256:f1620ffa32315698b375587fe1c122404db9b82a56c98e66940100518206b35c
Kaito 社交数据,请求窗口结束,来源与溯源,记录请求窗口的结束时间，用于界定统计区间。,例如排查一条指标的来源或重复记录时，用它回到原始查询和处理链。,,transformed_test_fixture,https://github.com/cyberight-cap/fewunderstand/blob/23a854c2a02e6b52e424844648d4026737361caa/spider/kaito-social-spider/tests/fixtures/kaito_p0_raw.json,,kaito_tweet_engagement_snapshot,推文互动快照,data.request.window_end,kaito-social-spider.kaito_tweet_engagement_snapshot.data.request.window_end,app,field,kaito,kaito-social-spider,kaito-social-spider.kaito_tweet_engagement_snapshot,sha256:f1620ffa32315698b375587fe1c122404db9b82a56c98e66940100518206b35c
Kaito 社交数据,请求窗口开始,来源与溯源,记录请求窗口的开始时间，用于界定统计区间。,例如排查一条指标的来源或重复记录时，用它回到原始查询和处理链。,,transformed_test_fixture,https://github.com/cyberight-cap/fewunderstand/blob/23a854c2a02e6b52e424844648d4026737361caa/spider/kaito-social-spider/tests/fixtures/kaito_p0_raw.json,,kaito_tweet_engagement_snapshot,推文互动快照,data.request.window_start,kaito-social-spider.kaito_tweet_engagement_snapshot.data.request.window_start,app,field,kaito,kaito-social-spider,kaito-social-spider.kaito_tweet_engagement_snapshot,sha256:f1620ffa32315698b375587fe1c122404db9b82a56c98e66940100518206b35c
Kaito 社交数据,统计窗口,时间定位,保存记录对应的统计窗口，用于避免混合不同时间跨度。,例如按同一时间窗分组，并检查记录是否过时。,,transformed_test_fixture,https://github.com/cyberight-cap/fewunderstand/blob/23a854c2a02e6b52e424844648d4026737361caa/spider/kaito-social-spider/tests/fixtures/kaito_p0_raw.json,,kaito_tweet_engagement_snapshot,推文互动快照,data.window,kaito-social-spider.kaito_tweet_engagement_snapshot.data.window,app,field,kaito,kaito-social-spider,kaito-social-spider.kaito_tweet_engagement_snapshot,sha256:f1620ffa32315698b375587fe1c122404db9b82a56c98e66940100518206b35c
Kaito 社交数据,处理溯源,来源与溯源,保存处理链路元信息，用于追查记录如何产生。,例如排查一条指标的来源或重复记录时，用它回到原始查询和处理链。,"{""event_id"": ""evt:10a7ed24d4b4667a94ae3107f0fdc01d"", ""trace_id"": ""evt:10a7ed24d4b4667a94ae3107f0fdc01d"", ""parent_event_ids"": [], ""source_event_id"": null, ""record_type"": ""kaito_tweet_engagement_snapshot"", ""schema_version"": ""pipeline-lineage/v1"", ""producer"": ""kaito-social-spider"", ""processing_stage"": ""ingest"", ""observed_at"": ""2026-07-19T00:00:00Z"", ""processed_at"": ""2026-07-19T00:00:00Z"", ""source_topic"": null, ""source_partition"": null, ""source_offset"": null, ""asset_id"": null}",transformed_test_fixture,https://github.com/cyberight-cap/fewunderstand/blob/23a854c2a02e6b52e424844648d4026737361caa/spider/kaito-social-spider/tests/fixtures/kaito_p0_raw.json,,kaito_tweet_engagement_snapshot,推文互动快照,lineage,kaito-social-spider.kaito_tweet_engagement_snapshot.lineage,app,field,kaito,kaito-social-spider,kaito-social-spider.kaito_tweet_engagement_snapshot,sha256:f1620ffa32315698b375587fe1c122404db9b82a56c98e66940100518206b35c
Kaito 社交数据,资产 ID,来源与溯源,保存解析后的内部资产 ID；未完成资产绑定时可能为空。,例如排查一条指标的来源或重复记录时，用它回到原始查询和处理链。,,transformed_test_fixture,https://github.com/cyberight-cap/fewunderstand/blob/23a854c2a02e6b52e424844648d4026737361caa/spider/kaito-social-spider/tests/fixtures/kaito_p0_raw.json,,kaito_tweet_engagement_snapshot,推文互动快照,lineage.asset_id,kaito-social-spider.kaito_tweet_engagement_snapshot.lineage.asset_id,app,field,kaito,kaito-social-spider,kaito-social-spider.kaito_tweet_engagement_snapshot,sha256:f1620ffa32315698b375587fe1c122404db9b82a56c98e66940100518206b35c
Kaito 社交数据,事件 ID,来源与溯源,稳定识别这条事件，用于追踪后续计算与结果。,例如排查一条指标的来源或重复记录时，用它回到原始查询和处理链。,evt:10a7ed24d4b4667a94ae3107f0fdc01d,transformed_test_fixture,https://github.com/cyberight-cap/fewunderstand/blob/23a854c2a02e6b52e424844648d4026737361caa/spider/kaito-social-spider/tests/fixtures/kaito_p0_raw.json,,kaito_tweet_engagement_snapshot,推文互动快照,lineage.event_id,kaito-social-spider.kaito_tweet_engagement_snapshot.lineage.event_id,app,field,kaito,kaito-social-spider,kaito-social-spider.kaito_tweet_engagement_snapshot,sha256:f1620ffa32315698b375587fe1c122404db9b82a56c98e66940100518206b35c
Kaito 社交数据,观察时间,来源与溯源,记录事实被观察的时间，用于确认原始数据时效。,例如排查一条指标的来源或重复记录时，用它回到原始查询和处理链。,2026-07-19T00:00:00Z,transformed_test_fixture,https://github.com/cyberight-cap/fewunderstand/blob/23a854c2a02e6b52e424844648d4026737361caa/spider/kaito-social-spider/tests/fixtures/kaito_p0_raw.json,,kaito_tweet_engagement_snapshot,推文互动快照,lineage.observed_at,kaito-social-spider.kaito_tweet_engagement_snapshot.lineage.observed_at,app,field,kaito,kaito-social-spider,kaito-social-spider.kaito_tweet_engagement_snapshot,sha256:f1620ffa32315698b375587fe1c122404db9b82a56c98e66940100518206b35c
Kaito 社交数据,上游事件 ID,来源与溯源,保存上游事件 ID，用于追溯派生结果的输入。,例如排查一条指标的来源或重复记录时，用它回到原始查询和处理链。,[],transformed_test_fixture,https://github.com/cyberight-cap/fewunderstand/blob/23a854c2a02e6b52e424844648d4026737361caa/spider/kaito-social-spider/tests/fixtures/kaito_p0_raw.json,,kaito_tweet_engagement_snapshot,推文互动快照,lineage.parent_event_ids,kaito-social-spider.kaito_tweet_engagement_snapshot.lineage.parent_event_ids,app,field,kaito,kaito-social-spider,kaito-social-spider.kaito_tweet_engagement_snapshot,sha256:f1620ffa32315698b375587fe1c122404db9b82a56c98e66940100518206b35c
Kaito 社交数据,处理时间,来源与溯源,记录处理程序生成消息的时间，用于定位处理延迟。,例如排查一条指标的来源或重复记录时，用它回到原始查询和处理链。,2026-07-19T00:00:00Z,transformed_test_fixture,https://github.com/cyberight-cap/fewunderstand/blob/23a854c2a02e6b52e424844648d4026737361caa/spider/kaito-social-spider/tests/fixtures/kaito_p0_raw.json,,kaito_tweet_engagement_snapshot,推文互动快照,lineage.processed_at,kaito-social-spider.kaito_tweet_engagement_snapshot.lineage.processed_at,app,field,kaito,kaito-social-spider,kaito-social-spider.kaito_tweet_engagement_snapshot,sha256:f1620ffa32315698b375587fe1c122404db9b82a56c98e66940100518206b35c
Kaito 社交数据,处理阶段,来源与溯源,标记当前处理阶段，用于区分采集与后续加工。,例如排查一条指标的来源或重复记录时，用它回到原始查询和处理链。,ingest,transformed_test_fixture,https://github.com/cyberight-cap/fewunderstand/blob/23a854c2a02e6b52e424844648d4026737361caa/spider/kaito-social-spider/tests/fixtures/kaito_p0_raw.json,,kaito_tweet_engagement_snapshot,推文互动快照,lineage.processing_stage,kaito-social-spider.kaito_tweet_engagement_snapshot.lineage.processing_stage,app,field,kaito,kaito-social-spider,kaito-social-spider.kaito_tweet_engagement_snapshot,sha256:f1620ffa32315698b375587fe1c122404db9b82a56c98e66940100518206b35c
Kaito 社交数据,生产程序,来源与溯源,标记生成这条消息的程序，用于核对生产来源。,例如排查一条指标的来源或重复记录时，用它回到原始查询和处理链。,kaito-social-spider,transformed_test_fixture,https://github.com/cyberight-cap/fewunderstand/blob/23a854c2a02e6b52e424844648d4026737361caa/spider/kaito-social-spider/tests/fixtures/kaito_p0_raw.json,,kaito_tweet_engagement_snapshot,推文互动快照,lineage.producer,kaito-social-spider.kaito_tweet_engagement_snapshot.lineage.producer,app,field,kaito,kaito-social-spider,kaito-social-spider.kaito_tweet_engagement_snapshot,sha256:f1620ffa32315698b375587fe1c122404db9b82a56c98e66940100518206b35c
Kaito 社交数据,溯源记录类型,来源与溯源,标记溯源信封里的记录类型，用于验证处理链路。,例如排查一条指标的来源或重复记录时，用它回到原始查询和处理链。,kaito_tweet_engagement_snapshot,transformed_test_fixture,https://github.com/cyberight-cap/fewunderstand/blob/23a854c2a02e6b52e424844648d4026737361caa/spider/kaito-social-spider/tests/fixtures/kaito_p0_raw.json,,kaito_tweet_engagement_snapshot,推文互动快照,lineage.record_type,kaito-social-spider.kaito_tweet_engagement_snapshot.lineage.record_type,app,field,kaito,kaito-social-spider,kaito-social-spider.kaito_tweet_engagement_snapshot,sha256:f1620ffa32315698b375587fe1c122404db9b82a56c98e66940100518206b35c
Kaito 社交数据,结构版本,来源与溯源,标记消息结构版本，用于兼容不同版本的处理代码。,例如排查一条指标的来源或重复记录时，用它回到原始查询和处理链。,pipeline-lineage/v1,transformed_test_fixture,https://github.com/cyberight-cap/fewunderstand/blob/23a854c2a02e6b52e424844648d4026737361caa/spider/kaito-social-spider/tests/fixtures/kaito_p0_raw.json,,kaito_tweet_engagement_snapshot,推文互动快照,lineage.schema_version,kaito-social-spider.kaito_tweet_engagement_snapshot.lineage.schema_version,app,field,kaito,kaito-social-spider,kaito-social-spider.kaito_tweet_engagement_snapshot,sha256:f1620ffa32315698b375587fe1c122404db9b82a56c98e66940100518206b35c
Kaito 社交数据,来源事件 ID,来源与溯源,保存来源系统的事件 ID，用于跨系统回查。,例如排查一条指标的来源或重复记录时，用它回到原始查询和处理链。,,transformed_test_fixture,https://github.com/cyberight-cap/fewunderstand/blob/23a854c2a02e6b52e424844648d4026737361caa/spider/kaito-social-spider/tests/fixtures/kaito_p0_raw.json,,kaito_tweet_engagement_snapshot,推文互动快照,lineage.source_event_id,kaito-social-spider.kaito_tweet_engagement_snapshot.lineage.source_event_id,app,field,kaito,kaito-social-spider,kaito-social-spider.kaito_tweet_engagement_snapshot,sha256:f1620ffa32315698b375587fe1c122404db9b82a56c98e66940100518206b35c
Kaito 社交数据,来源偏移量,来源与溯源,保存来源消息偏移量，用于定位消息流位置。,例如排查一条指标的来源或重复记录时，用它回到原始查询和处理链。,,transformed_test_fixture,https://github.com/cyberight-cap/fewunderstand/blob/23a854c2a02e6b52e424844648d4026737361caa/spider/kaito-social-spider/tests/fixtures/kaito_p0_raw.json,,kaito_tweet_engagement_snapshot,推文互动快照,lineage.source_offset,kaito-social-spider.kaito_tweet_engagement_snapshot.lineage.source_offset,app,field,kaito,kaito-social-spider,kaito-social-spider.kaito_tweet_engagement_snapshot,sha256:f1620ffa32315698b375587fe1c122404db9b82a56c98e66940100518206b35c
Kaito 社交数据,来源分区,来源与溯源,保存来源消息分区，用于定位消息流位置。,例如排查一条指标的来源或重复记录时，用它回到原始查询和处理链。,,transformed_test_fixture,https://github.com/cyberight-cap/fewunderstand/blob/23a854c2a02e6b52e424844648d4026737361caa/spider/kaito-social-spider/tests/fixtures/kaito_p0_raw.json,,kaito_tweet_engagement_snapshot,推文互动快照,lineage.source_partition,kaito-social-spider.kaito_tweet_engagement_snapshot.lineage.source_partition,app,field,kaito,kaito-social-spider,kaito-social-spider.kaito_tweet_engagement_snapshot,sha256:f1620ffa32315698b375587fe1c122404db9b82a56c98e66940100518206b35c
Kaito 社交数据,来源主题,来源与溯源,保存来源主题名称，用于定位消息流位置。,例如排查一条指标的来源或重复记录时，用它回到原始查询和处理链。,,transformed_test_fixture,https://github.com/cyberight-cap/fewunderstand/blob/23a854c2a02e6b52e424844648d4026737361caa/spider/kaito-social-spider/tests/fixtures/kaito_p0_raw.json,,kaito_tweet_engagement_snapshot,推文互动快照,lineage.source_topic,kaito-social-spider.kaito_tweet_engagement_snapshot.lineage.source_topic,app,field,kaito,kaito-social-spider,kaito-social-spider.kaito_tweet_engagement_snapshot,sha256:f1620ffa32315698b375587fe1c122404db9b82a56c98e66940100518206b35c
Kaito 社交数据,追踪 ID,来源与溯源,关联同一处理链路上的事件，用于端到端追踪。,例如排查一条指标的来源或重复记录时，用它回到原始查询和处理链。,evt:10a7ed24d4b4667a94ae3107f0fdc01d,transformed_test_fixture,https://github.com/cyberight-cap/fewunderstand/blob/23a854c2a02e6b52e424844648d4026737361caa/spider/kaito-social-spider/tests/fixtures/kaito_p0_raw.json,,kaito_tweet_engagement_snapshot,推文互动快照,lineage.trace_id,kaito-social-spider.kaito_tweet_engagement_snapshot.lineage.trace_id,app,field,kaito,kaito-social-spider,kaito-social-spider.kaito_tweet_engagement_snapshot,sha256:f1620ffa32315698b375587fe1c122404db9b82a56c98e66940100518206b35c
Kaito 社交数据,原始文本,内容理解,保留内容的原始文本，用于回查清洗前的信息。,例如筛选与目标项目相关的内容，再点回原文人工核查。,,unavailable,,,kaito_tweet_engagement_snapshot,推文互动快照,raw_text,kaito-social-spider.kaito_tweet_engagement_snapshot.raw_text,app,field,kaito,kaito-social-spider,kaito-social-spider.kaito_tweet_engagement_snapshot,sha256:f1620ffa32315698b375587fe1c122404db9b82a56c98e66940100518206b35c
Kaito 社交数据,来源,来源与溯源,标记这条记录的来源，用于筛选和核对数据出处。,例如排查一条指标的来源或重复记录时，用它回到原始查询和处理链。,kaito,transformed_test_fixture,https://github.com/cyberight-cap/fewunderstand/blob/23a854c2a02e6b52e424844648d4026737361caa/spider/kaito-social-spider/tests/fixtures/kaito_p0_raw.json,,kaito_tweet_engagement_snapshot,推文互动快照,source,kaito-social-spider.kaito_tweet_engagement_snapshot.source,app,field,kaito,kaito-social-spider,kaito-social-spider.kaito_tweet_engagement_snapshot,sha256:f1620ffa32315698b375587fe1c122404db9b82a56c98e66940100518206b35c
Kaito 社交数据,正文,内容理解,保存消息或帖子的正文，用于关键词、主题和事件分析。,例如查找项目名或事件关键词，并结合消息时间和来源做人工核对。,,unavailable,,,kaito_tweet_engagement_snapshot,推文互动快照,text,kaito-social-spider.kaito_tweet_engagement_snapshot.text,app,field,kaito,kaito-social-spider,kaito-social-spider.kaito_tweet_engagement_snapshot,sha256:f1620ffa32315698b375587fe1c122404db9b82a56c98e66940100518206b35c
Kaito 社交数据,记录时间,时间定位,记录该数据对应的时间点，用于排序或时间窗聚合。,例如按同一时间窗分组，并检查记录是否过时。,2026-07-19T00:00:00Z,transformed_test_fixture,https://github.com/cyberight-cap/fewunderstand/blob/23a854c2a02e6b52e424844648d4026737361caa/spider/kaito-social-spider/tests/fixtures/kaito_p0_raw.json,,kaito_tweet_engagement_snapshot,推文互动快照,timestamp,kaito-social-spider.kaito_tweet_engagement_snapshot.timestamp,app,field,kaito,kaito-social-spider,kaito-social-spider.kaito_tweet_engagement_snapshot,sha256:f1620ffa32315698b375587fe1c122404db9b82a56c98e66940100518206b35c
Kaito 社交数据,标题,内容理解,保存内容标题，用于快速判断主题。,例如先用标题筛选相关内容，再用正文或原文链接验证。,,unavailable,,,kaito_tweet_engagement_snapshot,推文互动快照,title,kaito-social-spider.kaito_tweet_engagement_snapshot.title,app,field,kaito,kaito-social-spider,kaito-social-spider.kaito_tweet_engagement_snapshot,sha256:f1620ffa32315698b375587fe1c122404db9b82a56c98e66940100518206b35c
Kaito 社交数据,链接地址,对象识别,保存内容原文地址，用于回查和去重。,例如把同一对象在不同时间的记录对齐，再比较指标变化。,,unavailable,,,kaito_tweet_engagement_snapshot,推文互动快照,url,kaito-social-spider.kaito_tweet_engagement_snapshot.url,app,field,kaito,kaito-social-spider,kaito-social-spider.kaito_tweet_engagement_snapshot,sha256:f1620ffa32315698b375587fe1c122404db9b82a56c98e66940100518206b35c
Kaito 社交数据,X 用户资料,记录类型,这类记录包含下列可展开的字段定义。,先选择记录类型，再查看字段用途与返回样本。,,unavailable,,,kaito_twitter_user_metadata,X 用户资料,kaito_twitter_user_metadata,kaito-social-spider.kaito_twitter_user_metadata,app,record_type,kaito,kaito-social-spider,kaito-social-spider.kaito_twitter_user_metadata,sha256:f1620ffa32315698b375587fe1c122404db9b82a56c98e66940100518206b35c
Kaito 社交数据,作者,内容理解,指出内容的作者，便于按发布者汇总或回到原帖。,例如筛选与目标项目相关的内容，再点回原文人工核查。,smart_kol,transformed_test_fixture,https://github.com/cyberight-cap/fewunderstand/blob/23a854c2a02e6b52e424844648d4026737361caa/spider/kaito-social-spider/tests/fixtures/kaito_p0_raw.json,,kaito_twitter_user_metadata,X 用户资料,author,kaito-social-spider.kaito_twitter_user_metadata.author,app,field,kaito,kaito-social-spider,kaito-social-spider.kaito_twitter_user_metadata,sha256:f1620ffa32315698b375587fe1c122404db9b82a56c98e66940100518206b35c
Kaito 社交数据,数据对象,原始或结构数据,装载这一类记录的主要业务数据；应继续展开具体子字段。,点开返回样本核对内部键，再决定是否需要提取为独立字段。,"{""platform"": ""kaito"", ""content_type"": ""social_intelligence"", ""record_type"": ""kaito_twitter_user_metadata"", ""entity"": {""kaito_id"": null, ""symbol"": null, ""name"": null, ""coingecko_slug"": null}, ""window"": null, ""metrics"": {""followers"": 10000}, ""request"": {""tool"": ""kaito_twitter_user_metadata"", ""params_hash"": ""3a0b9442a1a5e7d2"", ""window_start"": null, ""window_end"": null}, ""raw"": {""username"": ""smart_kol"", ""followers"": 10000, ""category"": ""kol""}}",transformed_test_fixture,https://github.com/cyberight-cap/fewunderstand/blob/23a854c2a02e6b52e424844648d4026737361caa/spider/kaito-social-spider/tests/fixtures/kaito_p0_raw.json,,kaito_twitter_user_metadata,X 用户资料,data,kaito-social-spider.kaito_twitter_user_metadata.data,app,field,kaito,kaito-social-spider,kaito-social-spider.kaito_twitter_user_metadata,sha256:f1620ffa32315698b375587fe1c122404db9b82a56c98e66940100518206b35c
Kaito 社交数据,内容类型,记录属性,说明 Kaito 记录的内容类别，便于区分不同内容。,例如先用这个属性筛选可比较的记录，再查看对应的数值或内容。,social_intelligence,transformed_test_fixture,https://github.com/cyberight-cap/fewunderstand/blob/23a854c2a02e6b52e424844648d4026737361caa/spider/kaito-social-spider/tests/fixtures/kaito_p0_raw.json,,kaito_twitter_user_metadata,X 用户资料,data.content_type,kaito-social-spider.kaito_twitter_user_metadata.data.content_type,app,field,kaito,kaito-social-spider,kaito-social-spider.kaito_twitter_user_metadata,sha256:f1620ffa32315698b375587fe1c122404db9b82a56c98e66940100518206b35c
Kaito 社交数据,对象信息,原始或结构数据,保存被分析对象的身份信息，用于关联同一项目或资产。,点开返回样本核对内部键，再决定是否需要提取为独立字段。,"{""kaito_id"": null, ""symbol"": null, ""name"": null, ""coingecko_slug"": null}",transformed_test_fixture,https://github.com/cyberight-cap/fewunderstand/blob/23a854c2a02e6b52e424844648d4026737361caa/spider/kaito-social-spider/tests/fixtures/kaito_p0_raw.json,,kaito_twitter_user_metadata,X 用户资料,data.entity,kaito-social-spider.kaito_twitter_user_metadata.data.entity,app,field,kaito,kaito-social-spider,kaito-social-spider.kaito_twitter_user_metadata,sha256:f1620ffa32315698b375587fe1c122404db9b82a56c98e66940100518206b35c
Kaito 社交数据,CoinGecko 标识,对象识别,保存 CoinGecko 的对象标识，便于跨来源对齐同一资产。,例如把同一对象在不同时间的记录对齐，再比较指标变化。,,transformed_test_fixture,https://github.com/cyberight-cap/fewunderstand/blob/23a854c2a02e6b52e424844648d4026737361caa/spider/kaito-social-spider/tests/fixtures/kaito_p0_raw.json,,kaito_twitter_user_metadata,X 用户资料,data.entity.coingecko_slug,kaito-social-spider.kaito_twitter_user_metadata.data.entity.coingecko_slug,app,field,kaito,kaito-social-spider,kaito-social-spider.kaito_twitter_user_metadata,sha256:f1620ffa32315698b375587fe1c122404db9b82a56c98e66940100518206b35c
Kaito 社交数据,Kaito ID,对象识别,保存 Kaito 的对象标识，便于合并同一对象的多条记录。,例如把同一对象在不同时间的记录对齐，再比较指标变化。,,transformed_test_fixture,https://github.com/cyberight-cap/fewunderstand/blob/23a854c2a02e6b52e424844648d4026737361caa/spider/kaito-social-spider/tests/fixtures/kaito_p0_raw.json,,kaito_twitter_user_metadata,X 用户资料,data.entity.kaito_id,kaito-social-spider.kaito_twitter_user_metadata.data.entity.kaito_id,app,field,kaito,kaito-social-spider,kaito-social-spider.kaito_twitter_user_metadata,sha256:f1620ffa32315698b375587fe1c122404db9b82a56c98e66940100518206b35c
Kaito 社交数据,对象名称,对象识别,显示被分析对象的名称，便于人工核对。,例如把同一对象在不同时间的记录对齐，再比较指标变化。,,transformed_test_fixture,https://github.com/cyberight-cap/fewunderstand/blob/23a854c2a02e6b52e424844648d4026737361caa/spider/kaito-social-spider/tests/fixtures/kaito_p0_raw.json,,kaito_twitter_user_metadata,X 用户资料,data.entity.name,kaito-social-spider.kaito_twitter_user_metadata.data.entity.name,app,field,kaito,kaito-social-spider,kaito-social-spider.kaito_twitter_user_metadata,sha256:f1620ffa32315698b375587fe1c122404db9b82a56c98e66940100518206b35c
Kaito 社交数据,资产代码,对象识别,保存对象的资产代码，便于与市场数据匹配；同名代码仍需核验。,例如把同一对象在不同时间的记录对齐，再比较指标变化。,,transformed_test_fixture,https://github.com/cyberight-cap/fewunderstand/blob/23a854c2a02e6b52e424844648d4026737361caa/spider/kaito-social-spider/tests/fixtures/kaito_p0_raw.json,,kaito_twitter_user_metadata,X 用户资料,data.entity.symbol,kaito-social-spider.kaito_twitter_user_metadata.data.entity.symbol,v2,field,kaito,kaito-social-spider,kaito-social-spider.kaito_twitter_user_metadata,sha256:f1620ffa32315698b375587fe1c122404db9b82a56c98e66940100518206b35c
Kaito 社交数据,指标集合,原始或结构数据,装载 Kaito 返回行中提取出的指标；具体有哪些键取决于工具返回。,点开返回样本核对内部键，再决定是否需要提取为独立字段。,"{""followers"": 10000}",transformed_test_fixture,https://github.com/cyberight-cap/fewunderstand/blob/23a854c2a02e6b52e424844648d4026737361caa/spider/kaito-social-spider/tests/fixtures/kaito_p0_raw.json,,kaito_twitter_user_metadata,X 用户资料,data.metrics,kaito-social-spider.kaito_twitter_user_metadata.data.metrics,app,field,kaito,kaito-social-spider,kaito-social-spider.kaito_twitter_user_metadata,sha256:f1620ffa32315698b375587fe1c122404db9b82a56c98e66940100518206b35c
Kaito 社交数据,看跌指标,衡量指标,保留返回行中的看跌指标；分值口径需由对应工具确认。,例如在“X 用户资料”中按对象和时间窗比较这个值；计算前先核对单位与口径。 此指标是否由当前 Kaito 工具返回仍待核对。,,unavailable,,,kaito_twitter_user_metadata,X 用户资料,data.metrics.bearish,kaito-social-spider.kaito_twitter_user_metadata.data.metrics.bearish,app,field,kaito,kaito-social-spider,kaito-social-spider.kaito_twitter_user_metadata,sha256:f1620ffa32315698b375587fe1c122404db9b82a56c98e66940100518206b35c
Kaito 社交数据,看涨指标,衡量指标,保留返回行中的看涨指标；分值口径需由对应工具确认。,例如在“X 用户资料”中按对象和时间窗比较这个值；计算前先核对单位与口径。 此指标是否由当前 Kaito 工具返回仍待核对。,,unavailable,,,kaito_twitter_user_metadata,X 用户资料,data.metrics.bullish,kaito-social-spider.kaito_twitter_user_metadata.data.metrics.bullish,app,field,kaito,kaito-social-spider,kaito-social-spider.kaito_twitter_user_metadata,sha256:f1620ffa32315698b375587fe1c122404db9b82a56c98e66940100518206b35c
Kaito 社交数据,变化量,衡量指标,保留返回行中的变化值；比较前需确认变化的基准。,例如在“X 用户资料”中按对象和时间窗比较这个值；计算前先核对单位与口径。 此指标是否由当前 Kaito 工具返回仍待核对。,,unavailable,,,kaito_twitter_user_metadata,X 用户资料,data.metrics.change,kaito-social-spider.kaito_twitter_user_metadata.data.metrics.change,app,field,kaito,kaito-social-spider,kaito-social-spider.kaito_twitter_user_metadata,sha256:f1620ffa32315698b375587fe1c122404db9b82a56c98e66940100518206b35c
Kaito 社交数据,当前关注份额,衡量指标,保留当前关注份额；分母和时间窗需由对应工具确认。,例如在“X 用户资料”中按对象和时间窗比较这个值；计算前先核对单位与口径。 此指标是否由当前 Kaito 工具返回仍待核对。,,unavailable,,,kaito_twitter_user_metadata,X 用户资料,data.metrics.current_mindshare,kaito-social-spider.kaito_twitter_user_metadata.data.metrics.current_mindshare,app,field,kaito,kaito-social-spider,kaito-social-spider.kaito_twitter_user_metadata,sha256:f1620ffa32315698b375587fe1c122404db9b82a56c98e66940100518206b35c
Kaito 社交数据,变化值,衡量指标,保留相对上一窗口的变化值；比较前需确认方向和单位。,例如在“X 用户资料”中按对象和时间窗比较这个值；计算前先核对单位与口径。 此指标是否由当前 Kaito 工具返回仍待核对。,,unavailable,,,kaito_twitter_user_metadata,X 用户资料,data.metrics.delta,kaito-social-spider.kaito_twitter_user_metadata.data.metrics.delta,app,field,kaito,kaito-social-spider,kaito-social-spider.kaito_twitter_user_metadata,sha256:f1620ffa32315698b375587fe1c122404db9b82a56c98e66940100518206b35c
Kaito 社交数据,绝对变化值,衡量指标,保留绝对变化值；不要与百分比变化混用。,例如在“X 用户资料”中按对象和时间窗比较这个值；计算前先核对单位与口径。 此指标是否由当前 Kaito 工具返回仍待核对。,,unavailable,,,kaito_twitter_user_metadata,X 用户资料,data.metrics.delta_abs,kaito-social-spider.kaito_twitter_user_metadata.data.metrics.delta_abs,app,field,kaito,kaito-social-spider,kaito-social-spider.kaito_twitter_user_metadata,sha256:f1620ffa32315698b375587fe1c122404db9b82a56c98e66940100518206b35c
Kaito 社交数据,变化百分比,衡量指标,保留百分比变化；需要核对上游使用的是小数还是百分数。,例如在“X 用户资料”中按对象和时间窗比较这个值；计算前先核对单位与口径。 此指标是否由当前 Kaito 工具返回仍待核对。,,unavailable,,,kaito_twitter_user_metadata,X 用户资料,data.metrics.delta_pct,kaito-social-spider.kaito_twitter_user_metadata.data.metrics.delta_pct,app,field,kaito,kaito-social-spider,kaito-social-spider.kaito_twitter_user_metadata,sha256:f1620ffa32315698b375587fe1c122404db9b82a56c98e66940100518206b35c
Kaito 社交数据,变化方向,记录属性,标记变化属于上升或下降等方向，用于区分增减。,例如先用这个属性筛选可比较的记录，再查看对应的数值或内容。 此指标是否由当前 Kaito 工具返回仍待核对。,,unavailable,,,kaito_twitter_user_metadata,X 用户资料,data.metrics.direction,kaito-social-spider.kaito_twitter_user_metadata.data.metrics.direction,app,field,kaito,kaito-social-spider,kaito-social-spider.kaito_twitter_user_metadata,sha256:f1620ffa32315698b375587fe1c122404db9b82a56c98e66940100518206b35c
Kaito 社交数据,互动量,衡量指标,保留返回行的互动量；需核对包含哪些互动行为。,例如统计同一对象在一个窗口内的互动量变化，再对照提及量判断热度来源。 当前工具是否返回此指标仍待核对。,,unavailable,,,kaito_twitter_user_metadata,X 用户资料,data.metrics.engagement,kaito-social-spider.kaito_twitter_user_metadata.data.metrics.engagement,app,field,kaito,kaito-social-spider,kaito-social-spider.kaito_twitter_user_metadata,sha256:f1620ffa32315698b375587fe1c122404db9b82a56c98e66940100518206b35c
Kaito 社交数据,粉丝数,衡量指标,保留返回行的粉丝数量；需核对统计对象。,例如在“X 用户资料”中按对象和时间窗比较这个值；计算前先核对单位与口径。 此指标是否由当前 Kaito 工具返回仍待核对。,10000,transformed_test_fixture,https://github.com/cyberight-cap/fewunderstand/blob/23a854c2a02e6b52e424844648d4026737361caa/spider/kaito-social-spider/tests/fixtures/kaito_p0_raw.json,,kaito_twitter_user_metadata,X 用户资料,data.metrics.followers,kaito-social-spider.kaito_twitter_user_metadata.data.metrics.followers,app,field,kaito,kaito-social-spider,kaito-social-spider.kaito_twitter_user_metadata,sha256:f1620ffa32315698b375587fe1c122404db9b82a56c98e66940100518206b35c
Kaito 社交数据,点赞数,衡量指标,保留点赞次数，用于观察内容互动。,例如比较同一批帖子中的点赞分布，识别由少数爆款带来的热度。 当前工具是否返回此指标仍待核对。,,unavailable,,,kaito_twitter_user_metadata,X 用户资料,data.metrics.likes,kaito-social-spider.kaito_twitter_user_metadata.data.metrics.likes,app,field,kaito,kaito-social-spider,kaito-social-spider.kaito_twitter_user_metadata,sha256:f1620ffa32315698b375587fe1c122404db9b82a56c98e66940100518206b35c
Kaito 社交数据,提及次数,衡量指标,保留提及次数，用于观察讨论量。,例如按天计算项目提及次数，并与过去一周的基线比较。 当前工具是否返回此指标仍待核对。,,unavailable,,,kaito_twitter_user_metadata,X 用户资料,data.metrics.mention_count,kaito-social-spider.kaito_twitter_user_metadata.data.metrics.mention_count,app,field,kaito,kaito-social-spider,kaito-social-spider.kaito_twitter_user_metadata,sha256:f1620ffa32315698b375587fe1c122404db9b82a56c98e66940100518206b35c
Kaito 社交数据,提及量,衡量指标,保留提及量，用于观察讨论量。,例如按天观察项目被提及的频率，检查增长是否持续。 当前工具是否返回此指标仍待核对。,,unavailable,,,kaito_twitter_user_metadata,X 用户资料,data.metrics.mentions,kaito-social-spider.kaito_twitter_user_metadata.data.metrics.mentions,app,field,kaito,kaito-social-spider,kaito-social-spider.kaito_twitter_user_metadata,sha256:f1620ffa32315698b375587fe1c122404db9b82a56c98e66940100518206b35c
Kaito 社交数据,提及次数,衡量指标,保留提及次数，用于观察讨论量。,例如按天观察项目被提及的频率，检查增长是否持续。 当前工具是否返回此指标仍待核对。,,unavailable,,,kaito_twitter_user_metadata,X 用户资料,data.metrics.mentions_count,kaito-social-spider.kaito_twitter_user_metadata.data.metrics.mentions_count,app,field,kaito,kaito-social-spider,kaito-social-spider.kaito_twitter_user_metadata,sha256:f1620ffa32315698b375587fe1c122404db9b82a56c98e66940100518206b35c
Kaito 社交数据,关注份额,衡量指标,保留关注份额；比较前需确认分母、时间窗和来源范围。,例如比较同一来源、同一窗口的关注份额变化，检查项目讨论占比是否持续上升。 当前工具是否返回此指标仍待核对。,,unavailable,,,kaito_twitter_user_metadata,X 用户资料,data.metrics.mindshare,kaito-social-spider.kaito_twitter_user_metadata.data.metrics.mindshare,app,field,kaito,kaito-social-spider,kaito-social-spider.kaito_twitter_user_metadata,sha256:f1620ffa32315698b375587fe1c122404db9b82a56c98e66940100518206b35c
Kaito 社交数据,当前关注份额,衡量指标,保留当前关注份额；比较前需确认分母和时间窗。,例如在“X 用户资料”中按对象和时间窗比较这个值；计算前先核对单位与口径。 此指标是否由当前 Kaito 工具返回仍待核对。,,unavailable,,,kaito_twitter_user_metadata,X 用户资料,data.metrics.mindshare_current,kaito-social-spider.kaito_twitter_user_metadata.data.metrics.mindshare_current,app,field,kaito,kaito-social-spider,kaito-social-spider.kaito_twitter_user_metadata,sha256:f1620ffa32315698b375587fe1c122404db9b82a56c98e66940100518206b35c
Kaito 社交数据,关注份额变化,衡量指标,保留关注份额变化；需与相同口径的前期值比较。,例如筛选关注份额上升最快的项目，再检查绝对讨论量，避免小基数误导。 当前工具是否返回此指标仍待核对。,,unavailable,,,kaito_twitter_user_metadata,X 用户资料,data.metrics.mindshare_delta,kaito-social-spider.kaito_twitter_user_metadata.data.metrics.mindshare_delta,app,field,kaito,kaito-social-spider,kaito-social-spider.kaito_twitter_user_metadata,sha256:f1620ffa32315698b375587fe1c122404db9b82a56c98e66940100518206b35c
Kaito 社交数据,上期排名,衡量指标,保留上一统计窗口的名次，用于计算排名变化。,例如在“X 用户资料”中按对象和时间窗比较这个值；计算前先核对单位与口径。 此指标是否由当前 Kaito 工具返回仍待核对。,,unavailable,,,kaito_twitter_user_metadata,X 用户资料,data.metrics.previous_rank,kaito-social-spider.kaito_twitter_user_metadata.data.metrics.previous_rank,app,field,kaito,kaito-social-spider,kaito-social-spider.kaito_twitter_user_metadata,sha256:f1620ffa32315698b375587fe1c122404db9b82a56c98e66940100518206b35c
Kaito 社交数据,引用数,衡量指标,保留引用转发次数，用于观察内容传播。,例如在“X 用户资料”中按对象和时间窗比较这个值；计算前先核对单位与口径。 此指标是否由当前 Kaito 工具返回仍待核对。,,unavailable,,,kaito_twitter_user_metadata,X 用户资料,data.metrics.quotes,kaito-social-spider.kaito_twitter_user_metadata.data.metrics.quotes,app,field,kaito,kaito-social-spider,kaito-social-spider.kaito_twitter_user_metadata,sha256:f1620ffa32315698b375587fe1c122404db9b82a56c98e66940100518206b35c
Kaito 社交数据,排名,衡量指标,保留当前名次，用于查看对象在同口径榜单中的位置。,例如追踪同一榜单中名次的连续变化，而不是只看单次排名。 当前工具是否返回此指标仍待核对。,,unavailable,,,kaito_twitter_user_metadata,X 用户资料,data.metrics.rank,kaito-social-spider.kaito_twitter_user_metadata.data.metrics.rank,app,field,kaito,kaito-social-spider,kaito-social-spider.kaito_twitter_user_metadata,sha256:f1620ffa32315698b375587fe1c122404db9b82a56c98e66940100518206b35c
Kaito 社交数据,排名变化,衡量指标,保留名次变化；需要确认正负号代表的方向。,例如在“X 用户资料”中按对象和时间窗比较这个值；计算前先核对单位与口径。 此指标是否由当前 Kaito 工具返回仍待核对。,,unavailable,,,kaito_twitter_user_metadata,X 用户资料,data.metrics.rank_change,kaito-social-spider.kaito_twitter_user_metadata.data.metrics.rank_change,app,field,kaito,kaito-social-spider,kaito-social-spider.kaito_twitter_user_metadata,sha256:f1620ffa32315698b375587fe1c122404db9b82a56c98e66940100518206b35c
Kaito 社交数据,回复数,衡量指标,保留回复次数，用于观察讨论参与。,例如在“X 用户资料”中按对象和时间窗比较这个值；计算前先核对单位与口径。 此指标是否由当前 Kaito 工具返回仍待核对。,,unavailable,,,kaito_twitter_user_metadata,X 用户资料,data.metrics.replies,kaito-social-spider.kaito_twitter_user_metadata.data.metrics.replies,app,field,kaito,kaito-social-spider,kaito-social-spider.kaito_twitter_user_metadata,sha256:f1620ffa32315698b375587fe1c122404db9b82a56c98e66940100518206b35c
Kaito 社交数据,转发数,衡量指标,保留转发次数，用于观察内容传播。,例如在“X 用户资料”中按对象和时间窗比较这个值；计算前先核对单位与口径。 此指标是否由当前 Kaito 工具返回仍待核对。,,unavailable,,,kaito_twitter_user_metadata,X 用户资料,data.metrics.retweets,kaito-social-spider.kaito_twitter_user_metadata.data.metrics.retweets,app,field,kaito,kaito-social-spider,kaito-social-spider.kaito_twitter_user_metadata,sha256:f1620ffa32315698b375587fe1c122404db9b82a56c98e66940100518206b35c
Kaito 社交数据,评分,衡量指标,保留工具返回的评分；不同工具的评分不能直接混算。,例如在“X 用户资料”中按对象和时间窗比较这个值；计算前先核对单位与口径。 此指标是否由当前 Kaito 工具返回仍待核对。,,unavailable,,,kaito_twitter_user_metadata,X 用户资料,data.metrics.score,kaito-social-spider.kaito_twitter_user_metadata.data.metrics.score,app,field,kaito,kaito-social-spider,kaito-social-spider.kaito_twitter_user_metadata,sha256:f1620ffa32315698b375587fe1c122404db9b82a56c98e66940100518206b35c
Kaito 社交数据,情绪,衡量指标,保留情绪指标；量纲和正负含义需由对应工具确认。,例如把情绪变化与同一窗口的提及量一起看，避免少量帖子主导判断。 当前工具是否返回此指标仍待核对。,,unavailable,,,kaito_twitter_user_metadata,X 用户资料,data.metrics.sentiment,kaito-social-spider.kaito_twitter_user_metadata.data.metrics.sentiment,app,field,kaito,kaito-social-spider,kaito-social-spider.kaito_twitter_user_metadata,sha256:f1620ffa32315698b375587fe1c122404db9b82a56c98e66940100518206b35c
Kaito 社交数据,情绪评分,衡量指标,保留情绪评分；与讨论量一起看更能判断可靠性。,例如把情绪评分与同一窗口的提及量一起看，避免少量帖子主导判断。 当前工具是否返回此指标仍待核对。,,unavailable,,,kaito_twitter_user_metadata,X 用户资料,data.metrics.sentiment_score,kaito-social-spider.kaito_twitter_user_metadata.data.metrics.sentiment_score,app,field,kaito,kaito-social-spider,kaito-social-spider.kaito_twitter_user_metadata,sha256:f1620ffa32315698b375587fe1c122404db9b82a56c98e66940100518206b35c
Kaito 社交数据,高关注度账号互动量,衡量指标,保留高关注度账号的互动量；账号认定口径需核对。,例如观察高关注度账号的互动是否先于整体互动增加，作为待验证的早期关注线索。 当前工具是否返回此指标仍待核对。,,unavailable,,,kaito_twitter_user_metadata,X 用户资料,data.metrics.smart_engagement,kaito-social-spider.kaito_twitter_user_metadata.data.metrics.smart_engagement,app,field,kaito,kaito-social-spider,kaito-social-spider.kaito_twitter_user_metadata,sha256:f1620ffa32315698b375587fe1c122404db9b82a56c98e66940100518206b35c
Kaito 社交数据,高关注度账号互动占比,衡量指标,保留高关注度账号互动占比；需核对分母。,例如在“X 用户资料”中按对象和时间窗比较这个值；计算前先核对单位与口径。 此指标是否由当前 Kaito 工具返回仍待核对。,,unavailable,,,kaito_twitter_user_metadata,X 用户资料,data.metrics.smart_engagement_ratio,kaito-social-spider.kaito_twitter_user_metadata.data.metrics.smart_engagement_ratio,app,field,kaito,kaito-social-spider,kaito-social-spider.kaito_twitter_user_metadata,sha256:f1620ffa32315698b375587fe1c122404db9b82a56c98e66940100518206b35c
Kaito 社交数据,高关注度粉丝数,衡量指标,保留高关注度粉丝数；账号认定口径需核对。,例如比较同一账号连续两次的高关注度粉丝数，检查是否出现异常增长。 当前工具是否返回此指标仍待核对。,,unavailable,,,kaito_twitter_user_metadata,X 用户资料,data.metrics.smart_followers,kaito-social-spider.kaito_twitter_user_metadata.data.metrics.smart_followers,app,field,kaito,kaito-social-spider,kaito-social-spider.kaito_twitter_user_metadata,sha256:f1620ffa32315698b375587fe1c122404db9b82a56c98e66940100518206b35c
Kaito 社交数据,指标时间,时间定位,标记指标对应的时间点，用于组成时间序列。,例如按同一时间窗分组，并检查记录是否过时。 此指标是否由当前 Kaito 工具返回仍待核对。,,unavailable,,,kaito_twitter_user_metadata,X 用户资料,data.metrics.timestamp,kaito-social-spider.kaito_twitter_user_metadata.data.metrics.timestamp,app,field,kaito,kaito-social-spider,kaito-social-spider.kaito_twitter_user_metadata,sha256:f1620ffa32315698b375587fe1c122404db9b82a56c98e66940100518206b35c
Kaito 社交数据,总互动量,衡量指标,保留总互动量，用于观察讨论热度。,例如与提及次数一起比较，区分少数高互动内容和广泛讨论。 当前工具是否返回此指标仍待核对。,,unavailable,,,kaito_twitter_user_metadata,X 用户资料,data.metrics.total_engagement,kaito-social-spider.kaito_twitter_user_metadata.data.metrics.total_engagement,app,field,kaito,kaito-social-spider,kaito-social-spider.kaito_twitter_user_metadata,sha256:f1620ffa32315698b375587fe1c122404db9b82a56c98e66940100518206b35c
Kaito 社交数据,指标值,衡量指标,保留时间序列或指标行的数值；含义取决于对应工具。,例如在“X 用户资料”中按对象和时间窗比较这个值；计算前先核对单位与口径。 此指标是否由当前 Kaito 工具返回仍待核对。,,unavailable,,,kaito_twitter_user_metadata,X 用户资料,data.metrics.value,kaito-social-spider.kaito_twitter_user_metadata.data.metrics.value,app,field,kaito,kaito-social-spider,kaito-social-spider.kaito_twitter_user_metadata,sha256:f1620ffa32315698b375587fe1c122404db9b82a56c98e66940100518206b35c
Kaito 社交数据,浏览量,衡量指标,保留浏览次数，用于观察内容曝光。,例如用浏览量作曝光参考，再看互动量是否同步增长。 当前工具是否返回此指标仍待核对。,,unavailable,,,kaito_twitter_user_metadata,X 用户资料,data.metrics.views,kaito-social-spider.kaito_twitter_user_metadata.data.metrics.views,app,field,kaito,kaito-social-spider,kaito-social-spider.kaito_twitter_user_metadata,sha256:f1620ffa32315698b375587fe1c122404db9b82a56c98e66940100518206b35c
Kaito 社交数据,平台,记录属性,标记内容所在的平台，便于区分来源渠道。,例如先用这个属性筛选可比较的记录，再查看对应的数值或内容。,kaito,transformed_test_fixture,https://github.com/cyberight-cap/fewunderstand/blob/23a854c2a02e6b52e424844648d4026737361caa/spider/kaito-social-spider/tests/fixtures/kaito_p0_raw.json,,kaito_twitter_user_metadata,X 用户资料,data.platform,kaito-social-spider.kaito_twitter_user_metadata.data.platform,app,field,kaito,kaito-social-spider,kaito-social-spider.kaito_twitter_user_metadata,sha256:f1620ffa32315698b375587fe1c122404db9b82a56c98e66940100518206b35c
Kaito 社交数据,原始数据,原始或结构数据,保留该 Kaito 记录对应的原始返回行，用于回查未提取的键。,点开返回样本核对内部键，再决定是否需要提取为独立字段。,"{""username"": ""smart_kol"", ""followers"": 10000, ""category"": ""kol""}",transformed_test_fixture,https://github.com/cyberight-cap/fewunderstand/blob/23a854c2a02e6b52e424844648d4026737361caa/spider/kaito-social-spider/tests/fixtures/kaito_p0_raw.json,,kaito_twitter_user_metadata,X 用户资料,data.raw,kaito-social-spider.kaito_twitter_user_metadata.data.raw,app,field,kaito,kaito-social-spider,kaito-social-spider.kaito_twitter_user_metadata,sha256:f1620ffa32315698b375587fe1c122404db9b82a56c98e66940100518206b35c
Kaito 社交数据,记录类型,来源与溯源,标记转换后的 Kaito 记录类型，便于选择正确的处理规则。,例如排查一条指标的来源或重复记录时，用它回到原始查询和处理链。,kaito_twitter_user_metadata,transformed_test_fixture,https://github.com/cyberight-cap/fewunderstand/blob/23a854c2a02e6b52e424844648d4026737361caa/spider/kaito-social-spider/tests/fixtures/kaito_p0_raw.json,,kaito_twitter_user_metadata,X 用户资料,data.record_type,kaito-social-spider.kaito_twitter_user_metadata.data.record_type,v2,field,kaito,kaito-social-spider,kaito-social-spider.kaito_twitter_user_metadata,sha256:f1620ffa32315698b375587fe1c122404db9b82a56c98e66940100518206b35c
Kaito 社交数据,请求信息,原始或结构数据,保存调用 Kaito 工具的请求元信息，用于核对查询条件。,点开返回样本核对内部键，再决定是否需要提取为独立字段。,"{""tool"": ""kaito_twitter_user_metadata"", ""params_hash"": ""3a0b9442a1a5e7d2"", ""window_start"": null, ""window_end"": null}",transformed_test_fixture,https://github.com/cyberight-cap/fewunderstand/blob/23a854c2a02e6b52e424844648d4026737361caa/spider/kaito-social-spider/tests/fixtures/kaito_p0_raw.json,,kaito_twitter_user_metadata,X 用户资料,data.request,kaito-social-spider.kaito_twitter_user_metadata.data.request,app,field,kaito,kaito-social-spider,kaito-social-spider.kaito_twitter_user_metadata,sha256:f1620ffa32315698b375587fe1c122404db9b82a56c98e66940100518206b35c
Kaito 社交数据,请求参数摘要,来源与溯源,保存脱敏后的请求参数摘要，用于识别同一次查询条件。,例如排查一条指标的来源或重复记录时，用它回到原始查询和处理链。,3a0b9442a1a5e7d2,transformed_test_fixture,https://github.com/cyberight-cap/fewunderstand/blob/23a854c2a02e6b52e424844648d4026737361caa/spider/kaito-social-spider/tests/fixtures/kaito_p0_raw.json,,kaito_twitter_user_metadata,X 用户资料,data.request.params_hash,kaito-social-spider.kaito_twitter_user_metadata.data.request.params_hash,app,field,kaito,kaito-social-spider,kaito-social-spider.kaito_twitter_user_metadata,sha256:f1620ffa32315698b375587fe1c122404db9b82a56c98e66940100518206b35c
Kaito 社交数据,请求工具,来源与溯源,指出产生这条记录的 Kaito 工具，用于核对指标口径。,例如排查一条指标的来源或重复记录时，用它回到原始查询和处理链。,kaito_twitter_user_metadata,transformed_test_fixture,https://github.com/cyberight-cap/fewunderstand/blob/23a854c2a02e6b52e424844648d4026737361caa/spider/kaito-social-spider/tests/fixtures/kaito_p0_raw.json,,kaito_twitter_user_metadata,X 用户资料,data.request.tool,kaito-social-spider.kaito_twitter_user_metadata.data.request.tool,app,field,kaito,kaito-social-spider,kaito-social-spider.kaito_twitter_user_metadata,sha256:f1620ffa32315698b375587fe1c122404db9b82a56c98e66940100518206b35c
Kaito 社交数据,请求时间窗口,来源与溯源,记录请求时使用的时间窗口，用于比较同口径数据。,例如排查一条指标的来源或重复记录时，用它回到原始查询和处理链。,,unavailable,,,kaito_twitter_user_metadata,X 用户资料,data.request.window,kaito-social-spider.kaito_twitter_user_metadata.data.request.window,app,field,kaito,kaito-social-spider,kaito-social-spider.kaito_twitter_user_metadata,sha256:f1620ffa32315698b375587fe1c122404db9b82a56c98e66940100518206b35c
Kaito 社交数据,请求窗口结束,来源与溯源,记录请求窗口的结束时间，用于界定统计区间。,例如排查一条指标的来源或重复记录时，用它回到原始查询和处理链。,,transformed_test_fixture,https://github.com/cyberight-cap/fewunderstand/blob/23a854c2a02e6b52e424844648d4026737361caa/spider/kaito-social-spider/tests/fixtures/kaito_p0_raw.json,,kaito_twitter_user_metadata,X 用户资料,data.request.window_end,kaito-social-spider.kaito_twitter_user_metadata.data.request.window_end,app,field,kaito,kaito-social-spider,kaito-social-spider.kaito_twitter_user_metadata,sha256:f1620ffa32315698b375587fe1c122404db9b82a56c98e66940100518206b35c
Kaito 社交数据,请求窗口开始,来源与溯源,记录请求窗口的开始时间，用于界定统计区间。,例如排查一条指标的来源或重复记录时，用它回到原始查询和处理链。,,transformed_test_fixture,https://github.com/cyberight-cap/fewunderstand/blob/23a854c2a02e6b52e424844648d4026737361caa/spider/kaito-social-spider/tests/fixtures/kaito_p0_raw.json,,kaito_twitter_user_metadata,X 用户资料,data.request.window_start,kaito-social-spider.kaito_twitter_user_metadata.data.request.window_start,app,field,kaito,kaito-social-spider,kaito-social-spider.kaito_twitter_user_metadata,sha256:f1620ffa32315698b375587fe1c122404db9b82a56c98e66940100518206b35c
Kaito 社交数据,统计窗口,时间定位,保存记录对应的统计窗口，用于避免混合不同时间跨度。,例如按同一时间窗分组，并检查记录是否过时。,,transformed_test_fixture,https://github.com/cyberight-cap/fewunderstand/blob/23a854c2a02e6b52e424844648d4026737361caa/spider/kaito-social-spider/tests/fixtures/kaito_p0_raw.json,,kaito_twitter_user_metadata,X 用户资料,data.window,kaito-social-spider.kaito_twitter_user_metadata.data.window,app,field,kaito,kaito-social-spider,kaito-social-spider.kaito_twitter_user_metadata,sha256:f1620ffa32315698b375587fe1c122404db9b82a56c98e66940100518206b35c
Kaito 社交数据,处理溯源,来源与溯源,保存处理链路元信息，用于追查记录如何产生。,例如排查一条指标的来源或重复记录时，用它回到原始查询和处理链。,"{""event_id"": ""evt:099389725bbbbec9cab99af39c65ba10"", ""trace_id"": ""evt:099389725bbbbec9cab99af39c65ba10"", ""parent_event_ids"": [], ""source_event_id"": null, ""record_type"": ""kaito_twitter_user_metadata"", ""schema_version"": ""pipeline-lineage/v1"", ""producer"": ""kaito-social-spider"", ""processing_stage"": ""ingest"", ""observed_at"": ""2026-07-19T00:00:00Z"", ""processed_at"": ""2026-07-19T00:00:00Z"", ""source_topic"": null, ""source_partition"": null, ""source_offset"": null, ""asset_id"": null}",transformed_test_fixture,https://github.com/cyberight-cap/fewunderstand/blob/23a854c2a02e6b52e424844648d4026737361caa/spider/kaito-social-spider/tests/fixtures/kaito_p0_raw.json,,kaito_twitter_user_metadata,X 用户资料,lineage,kaito-social-spider.kaito_twitter_user_metadata.lineage,app,field,kaito,kaito-social-spider,kaito-social-spider.kaito_twitter_user_metadata,sha256:f1620ffa32315698b375587fe1c122404db9b82a56c98e66940100518206b35c
Kaito 社交数据,资产 ID,来源与溯源,保存解析后的内部资产 ID；未完成资产绑定时可能为空。,例如排查一条指标的来源或重复记录时，用它回到原始查询和处理链。,,transformed_test_fixture,https://github.com/cyberight-cap/fewunderstand/blob/23a854c2a02e6b52e424844648d4026737361caa/spider/kaito-social-spider/tests/fixtures/kaito_p0_raw.json,,kaito_twitter_user_metadata,X 用户资料,lineage.asset_id,kaito-social-spider.kaito_twitter_user_metadata.lineage.asset_id,app,field,kaito,kaito-social-spider,kaito-social-spider.kaito_twitter_user_metadata,sha256:f1620ffa32315698b375587fe1c122404db9b82a56c98e66940100518206b35c
Kaito 社交数据,事件 ID,来源与溯源,稳定识别这条事件，用于追踪后续计算与结果。,例如排查一条指标的来源或重复记录时，用它回到原始查询和处理链。,evt:099389725bbbbec9cab99af39c65ba10,transformed_test_fixture,https://github.com/cyberight-cap/fewunderstand/blob/23a854c2a02e6b52e424844648d4026737361caa/spider/kaito-social-spider/tests/fixtures/kaito_p0_raw.json,,kaito_twitter_user_metadata,X 用户资料,lineage.event_id,kaito-social-spider.kaito_twitter_user_metadata.lineage.event_id,app,field,kaito,kaito-social-spider,kaito-social-spider.kaito_twitter_user_metadata,sha256:f1620ffa32315698b375587fe1c122404db9b82a56c98e66940100518206b35c
Kaito 社交数据,观察时间,来源与溯源,记录事实被观察的时间，用于确认原始数据时效。,例如排查一条指标的来源或重复记录时，用它回到原始查询和处理链。,2026-07-19T00:00:00Z,transformed_test_fixture,https://github.com/cyberight-cap/fewunderstand/blob/23a854c2a02e6b52e424844648d4026737361caa/spider/kaito-social-spider/tests/fixtures/kaito_p0_raw.json,,kaito_twitter_user_metadata,X 用户资料,lineage.observed_at,kaito-social-spider.kaito_twitter_user_metadata.lineage.observed_at,app,field,kaito,kaito-social-spider,kaito-social-spider.kaito_twitter_user_metadata,sha256:f1620ffa32315698b375587fe1c122404db9b82a56c98e66940100518206b35c
Kaito 社交数据,上游事件 ID,来源与溯源,保存上游事件 ID，用于追溯派生结果的输入。,例如排查一条指标的来源或重复记录时，用它回到原始查询和处理链。,[],transformed_test_fixture,https://github.com/cyberight-cap/fewunderstand/blob/23a854c2a02e6b52e424844648d4026737361caa/spider/kaito-social-spider/tests/fixtures/kaito_p0_raw.json,,kaito_twitter_user_metadata,X 用户资料,lineage.parent_event_ids,kaito-social-spider.kaito_twitter_user_metadata.lineage.parent_event_ids,app,field,kaito,kaito-social-spider,kaito-social-spider.kaito_twitter_user_metadata,sha256:f1620ffa32315698b375587fe1c122404db9b82a56c98e66940100518206b35c
Kaito 社交数据,处理时间,来源与溯源,记录处理程序生成消息的时间，用于定位处理延迟。,例如排查一条指标的来源或重复记录时，用它回到原始查询和处理链。,2026-07-19T00:00:00Z,transformed_test_fixture,https://github.com/cyberight-cap/fewunderstand/blob/23a854c2a02e6b52e424844648d4026737361caa/spider/kaito-social-spider/tests/fixtures/kaito_p0_raw.json,,kaito_twitter_user_metadata,X 用户资料,lineage.processed_at,kaito-social-spider.kaito_twitter_user_metadata.lineage.processed_at,app,field,kaito,kaito-social-spider,kaito-social-spider.kaito_twitter_user_metadata,sha256:f1620ffa32315698b375587fe1c122404db9b82a56c98e66940100518206b35c
Kaito 社交数据,处理阶段,来源与溯源,标记当前处理阶段，用于区分采集与后续加工。,例如排查一条指标的来源或重复记录时，用它回到原始查询和处理链。,ingest,transformed_test_fixture,https://github.com/cyberight-cap/fewunderstand/blob/23a854c2a02e6b52e424844648d4026737361caa/spider/kaito-social-spider/tests/fixtures/kaito_p0_raw.json,,kaito_twitter_user_metadata,X 用户资料,lineage.processing_stage,kaito-social-spider.kaito_twitter_user_metadata.lineage.processing_stage,app,field,kaito,kaito-social-spider,kaito-social-spider.kaito_twitter_user_metadata,sha256:f1620ffa32315698b375587fe1c122404db9b82a56c98e66940100518206b35c
Kaito 社交数据,生产程序,来源与溯源,标记生成这条消息的程序，用于核对生产来源。,例如排查一条指标的来源或重复记录时，用它回到原始查询和处理链。,kaito-social-spider,transformed_test_fixture,https://github.com/cyberight-cap/fewunderstand/blob/23a854c2a02e6b52e424844648d4026737361caa/spider/kaito-social-spider/tests/fixtures/kaito_p0_raw.json,,kaito_twitter_user_metadata,X 用户资料,lineage.producer,kaito-social-spider.kaito_twitter_user_metadata.lineage.producer,app,field,kaito,kaito-social-spider,kaito-social-spider.kaito_twitter_user_metadata,sha256:f1620ffa32315698b375587fe1c122404db9b82a56c98e66940100518206b35c
Kaito 社交数据,溯源记录类型,来源与溯源,标记溯源信封里的记录类型，用于验证处理链路。,例如排查一条指标的来源或重复记录时，用它回到原始查询和处理链。,kaito_twitter_user_metadata,transformed_test_fixture,https://github.com/cyberight-cap/fewunderstand/blob/23a854c2a02e6b52e424844648d4026737361caa/spider/kaito-social-spider/tests/fixtures/kaito_p0_raw.json,,kaito_twitter_user_metadata,X 用户资料,lineage.record_type,kaito-social-spider.kaito_twitter_user_metadata.lineage.record_type,app,field,kaito,kaito-social-spider,kaito-social-spider.kaito_twitter_user_metadata,sha256:f1620ffa32315698b375587fe1c122404db9b82a56c98e66940100518206b35c
Kaito 社交数据,结构版本,来源与溯源,标记消息结构版本，用于兼容不同版本的处理代码。,例如排查一条指标的来源或重复记录时，用它回到原始查询和处理链。,pipeline-lineage/v1,transformed_test_fixture,https://github.com/cyberight-cap/fewunderstand/blob/23a854c2a02e6b52e424844648d4026737361caa/spider/kaito-social-spider/tests/fixtures/kaito_p0_raw.json,,kaito_twitter_user_metadata,X 用户资料,lineage.schema_version,kaito-social-spider.kaito_twitter_user_metadata.lineage.schema_version,app,field,kaito,kaito-social-spider,kaito-social-spider.kaito_twitter_user_metadata,sha256:f1620ffa32315698b375587fe1c122404db9b82a56c98e66940100518206b35c
Kaito 社交数据,来源事件 ID,来源与溯源,保存来源系统的事件 ID，用于跨系统回查。,例如排查一条指标的来源或重复记录时，用它回到原始查询和处理链。,,transformed_test_fixture,https://github.com/cyberight-cap/fewunderstand/blob/23a854c2a02e6b52e424844648d4026737361caa/spider/kaito-social-spider/tests/fixtures/kaito_p0_raw.json,,kaito_twitter_user_metadata,X 用户资料,lineage.source_event_id,kaito-social-spider.kaito_twitter_user_metadata.lineage.source_event_id,app,field,kaito,kaito-social-spider,kaito-social-spider.kaito_twitter_user_metadata,sha256:f1620ffa32315698b375587fe1c122404db9b82a56c98e66940100518206b35c
Kaito 社交数据,来源偏移量,来源与溯源,保存来源消息偏移量，用于定位消息流位置。,例如排查一条指标的来源或重复记录时，用它回到原始查询和处理链。,,transformed_test_fixture,https://github.com/cyberight-cap/fewunderstand/blob/23a854c2a02e6b52e424844648d4026737361caa/spider/kaito-social-spider/tests/fixtures/kaito_p0_raw.json,,kaito_twitter_user_metadata,X 用户资料,lineage.source_offset,kaito-social-spider.kaito_twitter_user_metadata.lineage.source_offset,app,field,kaito,kaito-social-spider,kaito-social-spider.kaito_twitter_user_metadata,sha256:f1620ffa32315698b375587fe1c122404db9b82a56c98e66940100518206b35c
Kaito 社交数据,来源分区,来源与溯源,保存来源消息分区，用于定位消息流位置。,例如排查一条指标的来源或重复记录时，用它回到原始查询和处理链。,,transformed_test_fixture,https://github.com/cyberight-cap/fewunderstand/blob/23a854c2a02e6b52e424844648d4026737361caa/spider/kaito-social-spider/tests/fixtures/kaito_p0_raw.json,,kaito_twitter_user_metadata,X 用户资料,lineage.source_partition,kaito-social-spider.kaito_twitter_user_metadata.lineage.source_partition,app,field,kaito,kaito-social-spider,kaito-social-spider.kaito_twitter_user_metadata,sha256:f1620ffa32315698b375587fe1c122404db9b82a56c98e66940100518206b35c
Kaito 社交数据,来源主题,来源与溯源,保存来源主题名称，用于定位消息流位置。,例如排查一条指标的来源或重复记录时，用它回到原始查询和处理链。,,transformed_test_fixture,https://github.com/cyberight-cap/fewunderstand/blob/23a854c2a02e6b52e424844648d4026737361caa/spider/kaito-social-spider/tests/fixtures/kaito_p0_raw.json,,kaito_twitter_user_metadata,X 用户资料,lineage.source_topic,kaito-social-spider.kaito_twitter_user_metadata.lineage.source_topic,app,field,kaito,kaito-social-spider,kaito-social-spider.kaito_twitter_user_metadata,sha256:f1620ffa32315698b375587fe1c122404db9b82a56c98e66940100518206b35c
Kaito 社交数据,追踪 ID,来源与溯源,关联同一处理链路上的事件，用于端到端追踪。,例如排查一条指标的来源或重复记录时，用它回到原始查询和处理链。,evt:099389725bbbbec9cab99af39c65ba10,transformed_test_fixture,https://github.com/cyberight-cap/fewunderstand/blob/23a854c2a02e6b52e424844648d4026737361caa/spider/kaito-social-spider/tests/fixtures/kaito_p0_raw.json,,kaito_twitter_user_metadata,X 用户资料,lineage.trace_id,kaito-social-spider.kaito_twitter_user_metadata.lineage.trace_id,app,field,kaito,kaito-social-spider,kaito-social-spider.kaito_twitter_user_metadata,sha256:f1620ffa32315698b375587fe1c122404db9b82a56c98e66940100518206b35c
Kaito 社交数据,原始文本,内容理解,保留内容的原始文本，用于回查清洗前的信息。,例如筛选与目标项目相关的内容，再点回原文人工核查。,,unavailable,,,kaito_twitter_user_metadata,X 用户资料,raw_text,kaito-social-spider.kaito_twitter_user_metadata.raw_text,app,field,kaito,kaito-social-spider,kaito-social-spider.kaito_twitter_user_metadata,sha256:f1620ffa32315698b375587fe1c122404db9b82a56c98e66940100518206b35c
Kaito 社交数据,来源,来源与溯源,标记这条记录的来源，用于筛选和核对数据出处。,例如排查一条指标的来源或重复记录时，用它回到原始查询和处理链。,kaito,transformed_test_fixture,https://github.com/cyberight-cap/fewunderstand/blob/23a854c2a02e6b52e424844648d4026737361caa/spider/kaito-social-spider/tests/fixtures/kaito_p0_raw.json,,kaito_twitter_user_metadata,X 用户资料,source,kaito-social-spider.kaito_twitter_user_metadata.source,app,field,kaito,kaito-social-spider,kaito-social-spider.kaito_twitter_user_metadata,sha256:f1620ffa32315698b375587fe1c122404db9b82a56c98e66940100518206b35c
Kaito 社交数据,正文,内容理解,保存消息或帖子的正文，用于关键词、主题和事件分析。,例如查找项目名或事件关键词，并结合消息时间和来源做人工核对。,,unavailable,,,kaito_twitter_user_metadata,X 用户资料,text,kaito-social-spider.kaito_twitter_user_metadata.text,app,field,kaito,kaito-social-spider,kaito-social-spider.kaito_twitter_user_metadata,sha256:f1620ffa32315698b375587fe1c122404db9b82a56c98e66940100518206b35c
Kaito 社交数据,记录时间,时间定位,记录该数据对应的时间点，用于排序或时间窗聚合。,例如按同一时间窗分组，并检查记录是否过时。,2026-07-19T00:00:00Z,transformed_test_fixture,https://github.com/cyberight-cap/fewunderstand/blob/23a854c2a02e6b52e424844648d4026737361caa/spider/kaito-social-spider/tests/fixtures/kaito_p0_raw.json,,kaito_twitter_user_metadata,X 用户资料,timestamp,kaito-social-spider.kaito_twitter_user_metadata.timestamp,app,field,kaito,kaito-social-spider,kaito-social-spider.kaito_twitter_user_metadata,sha256:f1620ffa32315698b375587fe1c122404db9b82a56c98e66940100518206b35c
Kaito 社交数据,标题,内容理解,保存内容标题，用于快速判断主题。,例如先用标题筛选相关内容，再用正文或原文链接验证。,,unavailable,,,kaito_twitter_user_metadata,X 用户资料,title,kaito-social-spider.kaito_twitter_user_metadata.title,app,field,kaito,kaito-social-spider,kaito-social-spider.kaito_twitter_user_metadata,sha256:f1620ffa32315698b375587fe1c122404db9b82a56c98e66940100518206b35c
Kaito 社交数据,链接地址,对象识别,保存内容原文地址，用于回查和去重。,例如把同一对象在不同时间的记录对齐，再比较指标变化。,,unavailable,,,kaito_twitter_user_metadata,X 用户资料,url,kaito-social-spider.kaito_twitter_user_metadata.url,app,field,kaito,kaito-social-spider,kaito-social-spider.kaito_twitter_user_metadata,sha256:f1620ffa32315698b375587fe1c122404db9b82a56c98e66940100518206b35c
Taoli资金费率页面,资金费率,记录类型,这类记录包含下列可展开的字段定义。,先选择记录类型，再查看字段用途与返回样本。,,unavailable,,,funding_rate,资金费率,funding_rate,taoli.funding_rate,app,record_type,taoli,taoli,taoli.funding_rate,sha256:f1620ffa32315698b375587fe1c122404db9b82a56c98e66940100518206b35c
Taoli资金费率页面,采集时间,时间定位,记录采集器取得数据的时间，用于判断数据是否过时。,例如按同一时间窗分组，并检查记录是否过时。,946684800,documented_format,,,funding_rate,资金费率,collected_at,taoli.funding_rate.collected_at,v2,field,taoli,taoli,taoli.funding_rate,sha256:f1620ffa32315698b375587fe1c122404db9b82a56c98e66940100518206b35c
Taoli资金费率页面,交易所,对象识别,标记数据所属交易所，用于区分市场来源。,例如把同一对象在不同时间的记录对齐，再比较指标变化。,EXAMPLE_EXCHANGE,synthetic,,,funding_rate,资金费率,exchange,taoli.funding_rate.exchange,v2,field,taoli,taoli,taoli.funding_rate,sha256:f1620ffa32315698b375587fe1c122404db9b82a56c98e66940100518206b35c
Taoli资金费率页面,一年期资金费率,衡量指标,记录来源提供的一年期资金费率指标；具体年化口径需核对。,例如比较同一交易所、同一合约的费率趋势，再核对页面的年化计算口径。,,unavailable,,,funding_rate,资金费率,funding_rate_1y,taoli.funding_rate.funding_rate_1y,app,field,taoli,taoli,taoli.funding_rate,sha256:f1620ffa32315698b375587fe1c122404db9b82a56c98e66940100518206b35c
Taoli资金费率页面,时间间隔,记录属性,记录资金费率相关的时间间隔，用于统一比较窗口。,例如先用这个属性筛选可比较的记录，再查看对应的数值或内容。,,unavailable,,,funding_rate,资金费率,interval,taoli.funding_rate.interval,app,field,taoli,taoli,taoli.funding_rate,sha256:f1620ffa32315698b375587fe1c122404db9b82a56c98e66940100518206b35c
Taoli资金费率页面,下次资金费率,衡量指标,记录下一次资金费率相关数值；时间或费率含义需核对来源。,例如在“资金费率”中按对象和时间窗比较这个值；计算前先核对单位与口径。,,unavailable,,,funding_rate,资金费率,next_funding,taoli.funding_rate.next_funding,app,field,taoli,taoli,taoli.funding_rate,sha256:f1620ffa32315698b375587fe1c122404db9b82a56c98e66940100518206b35c
Taoli资金费率页面,未平仓合约量,衡量指标,记录未平仓合约量，用于观察持仓规模。,例如与成交量一起看，判断市场活动是否伴随持仓增加。,,unavailable,,,funding_rate,资金费率,open_interest,taoli.funding_rate.open_interest,app,field,taoli,taoli,taoli.funding_rate,sha256:f1620ffa32315698b375587fe1c122404db9b82a56c98e66940100518206b35c
Taoli资金费率页面,请求限额,记录属性,保存接口请求限额信息，用于评估采集频率。,例如先用这个属性筛选可比较的记录，再查看对应的数值或内容。,,unavailable,,,funding_rate,资金费率,rate_limits,taoli.funding_rate.rate_limits,app,field,taoli,taoli,taoli.funding_rate,sha256:f1620ffa32315698b375587fe1c122404db9b82a56c98e66940100518206b35c
Taoli资金费率页面,交易对,对象识别,标记交易对或资产代码，用于与其他市场记录关联；须核对市场。,例如把同一对象在不同时间的记录对齐，再比较指标变化。,EXAMPLE,synthetic,,,funding_rate,资金费率,symbol,taoli.funding_rate.symbol,v2,field,taoli,taoli,taoli.funding_rate,sha256:f1620ffa32315698b375587fe1c122404db9b82a56c98e66940100518206b35c
Taoli资金费率页面,24 小时成交量,衡量指标,记录过去 24 小时成交量，用于衡量市场活跃度。,例如比较同一市场连续快照的 24 小时成交量，观察活跃度变化。,,unavailable,,,funding_rate,资金费率,volume_24h,taoli.funding_rate.volume_24h,app,field,taoli,taoli,taoli.funding_rate,sha256:f1620ffa32315698b375587fe1c122404db9b82a56c98e66940100518206b35c
Telegram Telethon,Telegram 消息,记录类型,这类记录包含下列可展开的字段定义。,先选择记录类型，再查看字段用途与返回样本。,,unavailable,,,telegram_message,Telegram 消息,telegram_message,tg-spider-telethon.telegram_message,app,record_type,tg-spider-telethon,tg-spider-telethon,tg-spider-telethon.telegram_message,sha256:f1620ffa32315698b375587fe1c122404db9b82a56c98e66940100518206b35c
Telegram Telethon,聊天对象,原始或结构数据,保存消息所属聊天的基本信息，用于区分频道或群组。,点开返回样本核对内部键，再决定是否需要提取为独立字段。,,unavailable,,,telegram_message,Telegram 消息,chat,tg-spider-telethon.telegram_message.chat,app,field,tg-spider-telethon,tg-spider-telethon,tg-spider-telethon.telegram_message,sha256:f1620ffa32315698b375587fe1c122404db9b82a56c98e66940100518206b35c
Telegram Telethon,聊天 ID,对象识别,稳定识别消息所在的聊天，用于按频道或群组去重与汇总。,例如把同一对象在不同时间的记录对齐，再比较指标变化。,,unavailable,,,telegram_message,Telegram 消息,chat.id,tg-spider-telethon.telegram_message.chat.id,app,field,tg-spider-telethon,tg-spider-telethon,tg-spider-telethon.telegram_message,sha256:f1620ffa32315698b375587fe1c122404db9b82a56c98e66940100518206b35c
Telegram Telethon,聊天标题,内容理解,显示聊天名称，便于人工核对消息来源。,例如筛选与目标项目相关的内容，再点回原文人工核查。,,unavailable,,,telegram_message,Telegram 消息,chat.title,tg-spider-telethon.telegram_message.chat.title,app,field,tg-spider-telethon,tg-spider-telethon,tg-spider-telethon.telegram_message,sha256:f1620ffa32315698b375587fe1c122404db9b82a56c98e66940100518206b35c
Telegram Telethon,聊天类型,记录属性,区分群组、频道等聊天类型，便于设定不同的筛选规则。,例如先用这个属性筛选可比较的记录，再查看对应的数值或内容。,,unavailable,,,telegram_message,Telegram 消息,chat.type,tg-spider-telethon.telegram_message.chat.type,app,field,tg-spider-telethon,tg-spider-telethon,tg-spider-telethon.telegram_message,sha256:f1620ffa32315698b375587fe1c122404db9b82a56c98e66940100518206b35c
Telegram Telethon,聊天用户名,对象识别,保存聊天的公开用户名，便于定位来源。,例如把同一对象在不同时间的记录对齐，再比较指标变化。,,unavailable,,,telegram_message,Telegram 消息,chat.username,tg-spider-telethon.telegram_message.chat.username,app,field,tg-spider-telethon,tg-spider-telethon,tg-spider-telethon.telegram_message,sha256:f1620ffa32315698b375587fe1c122404db9b82a56c98e66940100518206b35c
Telegram Telethon,采集时间,时间定位,记录采集器取得数据的时间，用于判断数据是否过时。,例如按同一时间窗分组，并检查记录是否过时。,,unavailable,,,telegram_message,Telegram 消息,collected_at,tg-spider-telethon.telegram_message.collected_at,app,field,tg-spider-telethon,tg-spider-telethon,tg-spider-telethon.telegram_message,sha256:f1620ffa32315698b375587fe1c122404db9b82a56c98e66940100518206b35c
Telegram Telethon,日期,时间定位,记录消息或内容发生的日期，用于按时间排序。,例如按同一时间窗分组，并检查记录是否过时。,,unavailable,,,telegram_message,Telegram 消息,date,tg-spider-telethon.telegram_message.date,app,field,tg-spider-telethon,tg-spider-telethon,tg-spider-telethon.telegram_message,sha256:f1620ffa32315698b375587fe1c122404db9b82a56c98e66940100518206b35c
Telegram Telethon,转发信息,原始或结构数据,保存 Telegram 转发的来源信息，用于区分原创与转发。,点开返回样本核对内部键，再决定是否需要提取为独立字段。,,unavailable,,,telegram_message,Telegram 消息,forward,tg-spider-telethon.telegram_message.forward,app,field,tg-spider-telethon,tg-spider-telethon,tg-spider-telethon.telegram_message,sha256:f1620ffa32315698b375587fe1c122404db9b82a56c98e66940100518206b35c
Telegram Telethon,转发日期,时间定位,记录被转发消息的原始时间，用于判断信息先后。,例如按同一时间窗分组，并检查记录是否过时。,,unavailable,,,telegram_message,Telegram 消息,forward.date,tg-spider-telethon.telegram_message.forward.date,app,field,tg-spider-telethon,tg-spider-telethon,tg-spider-telethon.telegram_message,sha256:f1620ffa32315698b375587fe1c122404db9b82a56c98e66940100518206b35c
Telegram Telethon,转发来源名称,内容理解,记录转发来源的显示名称，便于人工核查。,例如筛选与目标项目相关的内容，再点回原文人工核查。,,unavailable,,,telegram_message,Telegram 消息,forward.from_name,tg-spider-telethon.telegram_message.forward.from_name,app,field,tg-spider-telethon,tg-spider-telethon,tg-spider-telethon.telegram_message,sha256:f1620ffa32315698b375587fe1c122404db9b82a56c98e66940100518206b35c
Telegram Telethon,发送用户,原始或结构数据,保存 Telegram 发送者信息，用于按账号归并消息。,点开返回样本核对内部键，再决定是否需要提取为独立字段。,,unavailable,,,telegram_message,Telegram 消息,from_user,tg-spider-telethon.telegram_message.from_user,app,field,tg-spider-telethon,tg-spider-telethon,tg-spider-telethon.telegram_message,sha256:f1620ffa32315698b375587fe1c122404db9b82a56c98e66940100518206b35c
Telegram Telethon,用户名字,内容理解,保存发送者显示名的一部分，主要用于人工辨认。,例如筛选与目标项目相关的内容，再点回原文人工核查。,,unavailable,,,telegram_message,Telegram 消息,from_user.first_name,tg-spider-telethon.telegram_message.from_user.first_name,app,field,tg-spider-telethon,tg-spider-telethon,tg-spider-telethon.telegram_message,sha256:f1620ffa32315698b375587fe1c122404db9b82a56c98e66940100518206b35c
Telegram Telethon,用户 ID,对象识别,稳定识别发送者，用于同一账号的消息去重与统计。,例如把同一对象在不同时间的记录对齐，再比较指标变化。,,unavailable,,,telegram_message,Telegram 消息,from_user.id,tg-spider-telethon.telegram_message.from_user.id,app,field,tg-spider-telethon,tg-spider-telethon,tg-spider-telethon.telegram_message,sha256:f1620ffa32315698b375587fe1c122404db9b82a56c98e66940100518206b35c
Telegram Telethon,是否机器人,记录属性,标记发送者是否为机器人，便于单独处理自动消息。,例如先用这个属性筛选可比较的记录，再查看对应的数值或内容。,false,synthetic,,,telegram_message,Telegram 消息,from_user.is_bot,tg-spider-telethon.telegram_message.from_user.is_bot,v2,field,tg-spider-telethon,tg-spider-telethon,tg-spider-telethon.telegram_message,sha256:f1620ffa32315698b375587fe1c122404db9b82a56c98e66940100518206b35c
Telegram Telethon,用户姓氏,内容理解,保存发送者显示名的一部分，主要用于人工辨认。,例如筛选与目标项目相关的内容，再点回原文人工核查。,,unavailable,,,telegram_message,Telegram 消息,from_user.last_name,tg-spider-telethon.telegram_message.from_user.last_name,app,field,tg-spider-telethon,tg-spider-telethon,tg-spider-telethon.telegram_message,sha256:f1620ffa32315698b375587fe1c122404db9b82a56c98e66940100518206b35c
Telegram Telethon,用户名,对象识别,保存发送者用户名，便于定位公开账号。,例如把同一对象在不同时间的记录对齐，再比较指标变化。,,unavailable,,,telegram_message,Telegram 消息,from_user.username,tg-spider-telethon.telegram_message.from_user.username,app,field,tg-spider-telethon,tg-spider-telethon,tg-spider-telethon.telegram_message,sha256:f1620ffa32315698b375587fe1c122404db9b82a56c98e66940100518206b35c
Telegram Telethon,媒体类型,记录属性,标记消息包含的媒体类型，用于区分文本、图片和视频。,例如先用这个属性筛选可比较的记录，再查看对应的数值或内容。,,unavailable,,,telegram_message,Telegram 消息,media_type,tg-spider-telethon.telegram_message.media_type,app,field,tg-spider-telethon,tg-spider-telethon,tg-spider-telethon.telegram_message,sha256:f1620ffa32315698b375587fe1c122404db9b82a56c98e66940100518206b35c
Telegram Telethon,消息 ID,对象识别,稳定识别 Telegram 消息，用于去重和回查。,例如把同一对象在不同时间的记录对齐，再比较指标变化。,,unavailable,,,telegram_message,Telegram 消息,message_id,tg-spider-telethon.telegram_message.message_id,app,field,tg-spider-telethon,tg-spider-telethon,tg-spider-telethon.telegram_message,sha256:f1620ffa32315698b375587fe1c122404db9b82a56c98e66940100518206b35c
Telegram Telethon,正文,内容理解,保存消息或帖子的正文，用于关键词、主题和事件分析。,例如查找项目名或事件关键词，并结合消息时间和来源做人工核对。,,unavailable,,,telegram_message,Telegram 消息,text,tg-spider-telethon.telegram_message.text,app,field,tg-spider-telethon,tg-spider-telethon,tg-spider-telethon.telegram_message,sha256:f1620ffa32315698b375587fe1c122404db9b82a56c98e66940100518206b35c
Telegram Bot,Telegram 消息,记录类型,这类记录包含下列可展开的字段定义。,先选择记录类型，再查看字段用途与返回样本。,,unavailable,,,telegram_message,Telegram 消息,telegram_message,tg-spider.telegram_message,app,record_type,tg-spider,tg-spider,tg-spider.telegram_message,sha256:f1620ffa32315698b375587fe1c122404db9b82a56c98e66940100518206b35c
Telegram Bot,附文,内容理解,保存媒体消息附带的文字，便于理解图片或视频的上下文。,例如筛选与目标项目相关的内容，再点回原文人工核查。,,unavailable,,,telegram_message,Telegram 消息,caption,tg-spider.telegram_message.caption,app,field,tg-spider,tg-spider,tg-spider.telegram_message,sha256:f1620ffa32315698b375587fe1c122404db9b82a56c98e66940100518206b35c
Telegram Bot,聊天对象,原始或结构数据,保存消息所属聊天的基本信息，用于区分频道或群组。,点开返回样本核对内部键，再决定是否需要提取为独立字段。,,unavailable,,,telegram_message,Telegram 消息,chat,tg-spider.telegram_message.chat,app,field,tg-spider,tg-spider,tg-spider.telegram_message,sha256:f1620ffa32315698b375587fe1c122404db9b82a56c98e66940100518206b35c
Telegram Bot,聊天 ID,对象识别,稳定识别消息所在的聊天，用于按频道或群组去重与汇总。,例如把同一对象在不同时间的记录对齐，再比较指标变化。,,unavailable,,,telegram_message,Telegram 消息,chat.id,tg-spider.telegram_message.chat.id,app,field,tg-spider,tg-spider,tg-spider.telegram_message,sha256:f1620ffa32315698b375587fe1c122404db9b82a56c98e66940100518206b35c
Telegram Bot,聊天标题,内容理解,显示聊天名称，便于人工核对消息来源。,例如筛选与目标项目相关的内容，再点回原文人工核查。,,unavailable,,,telegram_message,Telegram 消息,chat.title,tg-spider.telegram_message.chat.title,app,field,tg-spider,tg-spider,tg-spider.telegram_message,sha256:f1620ffa32315698b375587fe1c122404db9b82a56c98e66940100518206b35c
Telegram Bot,聊天类型,记录属性,区分群组、频道等聊天类型，便于设定不同的筛选规则。,例如先用这个属性筛选可比较的记录，再查看对应的数值或内容。,,unavailable,,,telegram_message,Telegram 消息,chat.type,tg-spider.telegram_message.chat.type,app,field,tg-spider,tg-spider,tg-spider.telegram_message,sha256:f1620ffa32315698b375587fe1c122404db9b82a56c98e66940100518206b35c
Telegram Bot,聊天用户名,对象识别,保存聊天的公开用户名，便于定位来源。,例如把同一对象在不同时间的记录对齐，再比较指标变化。,,unavailable,,,telegram_message,Telegram 消息,chat.username,tg-spider.telegram_message.chat.username,app,field,tg-spider,tg-spider,tg-spider.telegram_message,sha256:f1620ffa32315698b375587fe1c122404db9b82a56c98e66940100518206b35c
Telegram Bot,采集时间,时间定位,记录采集器取得数据的时间，用于判断数据是否过时。,例如按同一时间窗分组，并检查记录是否过时。,,unavailable,,,telegram_message,Telegram 消息,collected_at,tg-spider.telegram_message.collected_at,app,field,tg-spider,tg-spider,tg-spider.telegram_message,sha256:f1620ffa32315698b375587fe1c122404db9b82a56c98e66940100518206b35c
Telegram Bot,日期,时间定位,记录消息或内容发生的日期，用于按时间排序。,例如按同一时间窗分组，并检查记录是否过时。,,unavailable,,,telegram_message,Telegram 消息,date,tg-spider.telegram_message.date,app,field,tg-spider,tg-spider,tg-spider.telegram_message,sha256:f1620ffa32315698b375587fe1c122404db9b82a56c98e66940100518206b35c
Telegram Bot,文件名,内容理解,保存消息附件文件名，便于识别媒体内容。,例如筛选与目标项目相关的内容，再点回原文人工核查。,,unavailable,,,telegram_message,Telegram 消息,file_name,tg-spider.telegram_message.file_name,app,field,tg-spider,tg-spider,tg-spider.telegram_message,sha256:f1620ffa32315698b375587fe1c122404db9b82a56c98e66940100518206b35c
Telegram Bot,转发信息,原始或结构数据,保存 Telegram 转发的来源信息，用于区分原创与转发。,点开返回样本核对内部键，再决定是否需要提取为独立字段。,,unavailable,,,telegram_message,Telegram 消息,forward,tg-spider.telegram_message.forward,app,field,tg-spider,tg-spider,tg-spider.telegram_message,sha256:f1620ffa32315698b375587fe1c122404db9b82a56c98e66940100518206b35c
Telegram Bot,转发日期,时间定位,记录被转发消息的原始时间，用于判断信息先后。,例如按同一时间窗分组，并检查记录是否过时。,,unavailable,,,telegram_message,Telegram 消息,forward.date,tg-spider.telegram_message.forward.date,app,field,tg-spider,tg-spider,tg-spider.telegram_message,sha256:f1620ffa32315698b375587fe1c122404db9b82a56c98e66940100518206b35c
Telegram Bot,发送用户,原始或结构数据,保存 Telegram 发送者信息，用于按账号归并消息。,点开返回样本核对内部键，再决定是否需要提取为独立字段。,,unavailable,,,telegram_message,Telegram 消息,from_user,tg-spider.telegram_message.from_user,app,field,tg-spider,tg-spider,tg-spider.telegram_message,sha256:f1620ffa32315698b375587fe1c122404db9b82a56c98e66940100518206b35c
Telegram Bot,用户名字,内容理解,保存发送者显示名的一部分，主要用于人工辨认。,例如筛选与目标项目相关的内容，再点回原文人工核查。,,unavailable,,,telegram_message,Telegram 消息,from_user.first_name,tg-spider.telegram_message.from_user.first_name,app,field,tg-spider,tg-spider,tg-spider.telegram_message,sha256:f1620ffa32315698b375587fe1c122404db9b82a56c98e66940100518206b35c
Telegram Bot,用户 ID,对象识别,稳定识别发送者，用于同一账号的消息去重与统计。,例如把同一对象在不同时间的记录对齐，再比较指标变化。,,unavailable,,,telegram_message,Telegram 消息,from_user.id,tg-spider.telegram_message.from_user.id,app,field,tg-spider,tg-spider,tg-spider.telegram_message,sha256:f1620ffa32315698b375587fe1c122404db9b82a56c98e66940100518206b35c
Telegram Bot,是否机器人,记录属性,标记发送者是否为机器人，便于单独处理自动消息。,例如先用这个属性筛选可比较的记录，再查看对应的数值或内容。,false,synthetic,,,telegram_message,Telegram 消息,from_user.is_bot,tg-spider.telegram_message.from_user.is_bot,v2,field,tg-spider,tg-spider,tg-spider.telegram_message,sha256:f1620ffa32315698b375587fe1c122404db9b82a56c98e66940100518206b35c
Telegram Bot,用户姓氏,内容理解,保存发送者显示名的一部分，主要用于人工辨认。,例如筛选与目标项目相关的内容，再点回原文人工核查。,,unavailable,,,telegram_message,Telegram 消息,from_user.last_name,tg-spider.telegram_message.from_user.last_name,app,field,tg-spider,tg-spider,tg-spider.telegram_message,sha256:f1620ffa32315698b375587fe1c122404db9b82a56c98e66940100518206b35c
Telegram Bot,用户名,对象识别,保存发送者用户名，便于定位公开账号。,例如把同一对象在不同时间的记录对齐，再比较指标变化。,,unavailable,,,telegram_message,Telegram 消息,from_user.username,tg-spider.telegram_message.from_user.username,app,field,tg-spider,tg-spider,tg-spider.telegram_message,sha256:f1620ffa32315698b375587fe1c122404db9b82a56c98e66940100518206b35c
Telegram Bot,媒体类型,记录属性,标记消息包含的媒体类型，用于区分文本、图片和视频。,例如先用这个属性筛选可比较的记录，再查看对应的数值或内容。,,unavailable,,,telegram_message,Telegram 消息,media_type,tg-spider.telegram_message.media_type,app,field,tg-spider,tg-spider,tg-spider.telegram_message,sha256:f1620ffa32315698b375587fe1c122404db9b82a56c98e66940100518206b35c
Telegram Bot,消息 ID,对象识别,稳定识别 Telegram 消息，用于去重和回查。,例如把同一对象在不同时间的记录对齐，再比较指标变化。,,unavailable,,,telegram_message,Telegram 消息,message_id,tg-spider.telegram_message.message_id,app,field,tg-spider,tg-spider,tg-spider.telegram_message,sha256:f1620ffa32315698b375587fe1c122404db9b82a56c98e66940100518206b35c
Telegram Bot,图片数量,内容理解,记录消息包含的图片数量，用于识别媒体消息。,例如筛选与目标项目相关的内容，再点回原文人工核查。,1,synthetic,,,telegram_message,Telegram 消息,photo_count,tg-spider.telegram_message.photo_count,v2,field,tg-spider,tg-spider,tg-spider.telegram_message,sha256:f1620ffa32315698b375587fe1c122404db9b82a56c98e66940100518206b35c
Telegram Bot,贴纸表情,内容理解,保存贴纸对应的表情符号，便于识别非文字消息。,例如筛选与目标项目相关的内容，再点回原文人工核查。,,unavailable,,,telegram_message,Telegram 消息,sticker_emoji,tg-spider.telegram_message.sticker_emoji,app,field,tg-spider,tg-spider,tg-spider.telegram_message,sha256:f1620ffa32315698b375587fe1c122404db9b82a56c98e66940100518206b35c
Telegram Bot,正文,内容理解,保存消息或帖子的正文，用于关键词、主题和事件分析。,例如查找项目名或事件关键词，并结合消息时间和来源做人工核对。,,unavailable,,,telegram_message,Telegram 消息,text,tg-spider.telegram_message.text,app,field,tg-spider,tg-spider,tg-spider.telegram_message,sha256:f1620ffa32315698b375587fe1c122404db9b82a56c98e66940100518206b35c
Telegram Bot,视频时长,内容理解,记录视频时长，用于区分短片和长视频。,例如筛选与目标项目相关的内容，再点回原文人工核查。,,unavailable,,,telegram_message,Telegram 消息,video_duration,tg-spider.telegram_message.video_duration,app,field,tg-spider,tg-spider,tg-spider.telegram_message,sha256:f1620ffa32315698b375587fe1c122404db9b82a56c98e66940100518206b35c
